{"type":"FeatureCollection", "features": [
{"type":"Feature","geometry":{"type":"Polygon","coordinates":[[[-106.266932,31.686128],[-106.268536,31.684782],[-106.269358,31.684289],[-106.270928,31.682959],[-106.274551,31.681130999999997],[-106.28125,31.677363999999997],[-106.282416,31.675953],[-106.283334,31.674391999999997],[-106.284797,31.672950999999998],[-106.279823,31.668298],[-106.279135,31.667095999999997],[-106.276899,31.662978],[-106.273404,31.658790999999997],[-106.267453,31.651626999999998],[-106.253002,31.655493999999997],[-106.242207,31.658443],[-106.239961,31.659648999999998],[-106.239746,31.659772],[-106.24543,31.666976],[-106.248411,31.669718],[-106.249555,31.670731999999997],[-106.266932,31.686128]]]},"properties":{"STATEFP":"48","COUNTYFP":"141","TRACTCE":"010346","AFFGEOID":"1400000US48141010346","GEOID":"48141010346","NAME":"103.46","LSAD":"CT","ALAND":8610706,"AWATER":33122}},
{"type":"Feature","geometry":{"type":"Polygon","coordinates":[[[-106.422416,31.75451],[-106.422525,31.754351],[-106.417914,31.753845],[-106.415819,31.755138],[-106.412017,31.759638],[-106.414149,31.760785],[-106.414214,31.765957999999998],[-106.408904,31.764799],[-106.408944,31.768531],[-106.413472,31.768521],[-106.414252,31.768826999999998],[-106.420736,31.771285],[-106.421881,31.771074],[-106.421922,31.767618],[-106.421832,31.761405999999997],[-106.42174,31.756708999999997],[-106.422416,31.75451]]]},"properties":{"STATEFP":"48","COUNTYFP":"141","TRACTCE":"003601","AFFGEOID":"1400000US48141003601","GEOID":"48141003601","NAME":"36.01","LSAD":"CT","ALAND":1466009,"AWATER":0}},
{"type":"Feature","geometry":{"type":"Polygon","coordinates":[[[-106.370653,31.768397],[-106.371075,31.768155],[-106.376086,31.761031],[-106.374218,31.759446999999998],[-106.373359,31.757710999999997],[-106.373642,31.756687999999997],[-106.367635,31.753693],[-106.366923,31.753649],[-106.36521,31.753670999999997],[-106.359448,31.753693],[-106.353961,31.753687999999997],[-106.352508,31.7544],[-106.351705,31.754648999999997],[-106.350109,31.754875],[-106.349674,31.755412],[-106.355635,31.759092],[-106.361011,31.762435999999997],[-106.36420000000001,31.764407],[-106.370653,31.768397]]]},"properties":{"STATEFP":"48","COUNTYFP":"141","TRACTCE":"004202","AFFGEOID":"1400000US48141004202","GEOID":"48141004202","NAME":"42.02","LSAD":"CT","ALAND":2066980,"AWATER":95116}},
{"type":"Feature","geometry":{"type":"Polygon","coordinates":[[[-106.181418,31.682744999999997],[-106.181292,31.671709999999997],[-106.18886499999999,31.671993999999998],[-106.191152,31.670907999999997],[-106.189353,31.668512],[-106.188972,31.667624999999997],[-106.185448,31.663013],[-106.179718,31.655469999999998],[-106.177112,31.656830999999997],[-106.174238,31.658389999999997],[-106.171223,31.657511],[-106.166828,31.654324],[-106.162726,31.654028],[-106.147186,31.654149],[-106.147343,31.668547],[-106.14748,31.677723999999998],[-106.147518,31.682727],[-106.164383,31.682726],[-106.181418,31.682744999999997]]]},"properties":{"STATEFP":"48","COUNTYFP":"141","TRACTCE":"010333","AFFGEOID":"1400000US48141010333","GEOID":"48141010333","NAME":"103.33","LSAD":"CT","ALAND":10606436,"AWATER":0}},
{"type":"Feature","geometry":{"type":"Polygon","coordinates":[[[-106.570159,31.839302999999997],[-106.570457,31.839361999999998],[-106.568512,31.834508],[-106.567014,31.832621999999997],[-106.55605,31.821503],[-106.549666,31.815082],[-106.545348,31.818209],[-106.543478,31.818845999999997],[-106.54148,31.819528],[-106.538991,31.8214],[-106.536701,31.823069999999998],[-106.536259,31.823338999999997],[-106.529216,31.827579],[-106.527754,31.828636999999997],[-106.532181,31.83146],[-106.537043,31.832953999999997],[-106.537702,31.833102],[-106.550398,31.835569],[-106.55058,31.835593],[-106.559132,31.837251],[-106.570159,31.839302999999997]]]},"properties":{"STATEFP":"48","COUNTYFP":"141","TRACTCE":"001104","AFFGEOID":"1400000US48141001104","GEOID":"48141001104","NAME":"11.04","LSAD":"CT","ALAND":5118058,"AWATER":0}},
{"type":"Feature","geometry":{"type":"Polygon","coordinates":[[[-106.526405,31.838196],[-106.525718,31.83691],[-106.52617,31.831819999999997],[-106.52638,31.830188999999997],[-106.527754,31.828636999999997],[-106.525943,31.827026999999998],[-106.523122,31.824517999999998],[-106.521423,31.82573],[-106.514722,31.825421],[-106.512396,31.828273999999997],[-106.50822,31.830102],[-106.506585,31.831896999999998],[-106.509295,31.837709999999998],[-106.511358,31.839070999999997],[-106.512591,31.840633999999998],[-106.512363,31.844234999999998],[-106.50928,31.847181],[-106.509709,31.848088999999998],[-106.511208,31.848171999999998],[-106.514074,31.844514],[-106.522584,31.842249],[-106.526405,31.838196]]]},"properties":{"STATEFP":"48","COUNTYFP":"141","TRACTCE":"001110","AFFGEOID":"1400000US48141001110","GEOID":"48141001110","NAME":"11.10","LSAD":"CT","ALAND":2974609,"AWATER":0}},
{"type":"Feature","geometry":{"type":"Polygon","coordinates":[[[-106.560536,31.849857999999998],[-106.561059,31.849577999999998],[-106.560419,31.848532],[-106.559592,31.841395],[-106.557218,31.841635999999998],[-106.552472,31.843128999999998],[-106.550397,31.844828],[-106.550898,31.845122999999997],[-106.550228,31.845447],[-106.546185,31.84425],[-106.545497,31.844168],[-106.543712,31.843593],[-106.539922,31.843158],[-106.535649,31.84337],[-106.536082,31.844835999999997],[-106.537117,31.846996999999998],[-106.540117,31.849103999999997],[-106.541804,31.852373999999998],[-106.543693,31.852375],[-106.544658,31.852375],[-106.55007,31.853706],[-106.552194,31.852921],[-106.555141,31.851556],[-106.557085,31.849460999999998],[-106.560536,31.849857999999998]]]},"properties":{"STATEFP":"48","COUNTYFP":"141","TRACTCE":"001112","AFFGEOID":"1400000US48141001112","GEOID":"48141001112","NAME":"11.12","LSAD":"CT","ALAND":1964886,"AWATER":0}},
{"type":"Feature","geometry":{"type":"Polygon","coordinates":[[[-106.317523,31.704952],[-106.320988,31.702893],[-106.324804,31.698940999999998],[-106.316414,31.691657],[-106.312022,31.686746999999997],[-106.308157,31.682364],[-106.299199,31.685885],[-106.298062,31.686498999999998],[-106.296604,31.687624999999997],[-106.296432,31.687800000000003],[-106.297824,31.689304],[-106.307526,31.69954],[-106.31197399999999,31.704852],[-106.315586,31.706602999999998],[-106.316269,31.706001999999998],[-106.317523,31.704952]]]},"properties":{"STATEFP":"48","COUNTYFP":"141","TRACTCE":"004004","AFFGEOID":"1400000US48141004004","GEOID":"48141004004","NAME":"40.04","LSAD":"CT","ALAND":3279045,"AWATER":0}},
{"type":"Feature","geometry":{"type":"Polygon","coordinates":[[[-106.579751,31.841237],[-106.580055,31.841286],[-106.578363,31.837712999999997],[-106.576459,31.835175],[-106.57041100000001,31.827517],[-106.562066,31.816955999999998],[-106.556162,31.811016],[-106.55082722424301,31.808315767998003],[-106.547144,31.807305],[-106.54657652495901,31.8065805235309],[-106.544774,31.810342],[-106.545636,31.810985],[-106.549666,31.815082],[-106.55605,31.821503],[-106.567014,31.832621999999997],[-106.568512,31.834508],[-106.570457,31.839361999999998],[-106.579629,31.841148999999998],[-106.579751,31.841237]]]},"properties":{"STATEFP":"48","COUNTYFP":"141","TRACTCE":"001203","AFFGEOID":"1400000US48141001203","GEOID":"48141001203","NAME":"12.03","LSAD":"CT","ALAND":3052408,"AWATER":0}},
{"type":"Feature","geometry":{"type":"Polygon","coordinates":[[[-106.302914,31.725157999999997],[-106.302938,31.723747999999997],[-106.30476,31.720658],[-106.301447,31.717488],[-106.295717,31.711966999999998],[-106.293087,31.709439999999997],[-106.284117,31.701351],[-106.26982699999999,31.716928],[-106.268751,31.718394999999997],[-106.267855,31.720091],[-106.267379,31.721362],[-106.266863,31.724142999999998],[-106.266862,31.726176],[-106.267456,31.726172],[-106.271305,31.726245],[-106.272959,31.726543999999997],[-106.274194,31.727038],[-106.278757,31.729709],[-106.28139,31.731277],[-106.28457,31.733176],[-106.288262,31.735978],[-106.291871,31.737948999999997],[-106.300532,31.726264999999998],[-106.301662,31.725438999999998],[-106.302914,31.725157999999997]]]},"properties":{"STATEFP":"48","COUNTYFP":"141","TRACTCE":"010338","AFFGEOID":"1400000US48141010338","GEOID":"48141010338","NAME":"103.38","LSAD":"CT","ALAND":7713068,"AWATER":0}},
{"type":"Feature","geometry":{"type":"Polygon","coordinates":[[[-106.331852,31.744386],[-106.332287,31.743814999999998],[-106.333144,31.738602999999998],[-106.333719,31.735086],[-106.334238,31.731662],[-106.32988399999999,31.730607],[-106.328431,31.730228],[-106.325562,31.738820999999998],[-106.324837,31.739863999999997],[-106.325453,31.740342],[-106.331852,31.744386]]]},"properties":{"STATEFP":"48","COUNTYFP":"141","TRACTCE":"004107","AFFGEOID":"1400000US48141004107","GEOID":"48141004107","NAME":"41.07","LSAD":"CT","ALAND":858698,"AWATER":0}},
{"type":"Feature","geometry":{"type":"Polygon","coordinates":[[[-106.336085,31.784986999999997],[-106.335152,31.784156999999997],[-106.332193,31.783790999999997],[-106.327796,31.783789],[-106.32325,31.783783],[-106.323286,31.787695999999997],[-106.323317,31.791542999999997],[-106.323347,31.795941],[-106.322854,31.799374999999998],[-106.329852,31.79847],[-106.33047,31.798344],[-106.332655,31.798042],[-106.331122,31.793342],[-106.331054,31.792081999999997],[-106.331093,31.790585],[-106.3314,31.789816],[-106.334587,31.786241999999998],[-106.336085,31.784986999999997]]]},"properties":{"STATEFP":"48","COUNTYFP":"141","TRACTCE":"010303","AFFGEOID":"1400000US48141010303","GEOID":"48141010303","NAME":"103.03","LSAD":"CT","ALAND":1466520,"AWATER":0}},
{"type":"Feature","geometry":{"type":"Polygon","coordinates":[[[-106.40159,31.910199],[-106.394289,31.910197999999998],[-106.394207,31.906572999999998],[-106.385298,31.906557999999997],[-106.384007,31.906115999999997],[-106.370643,31.927172],[-106.373489,31.92833],[-106.377434,31.928403],[-106.388553,31.928306],[-106.389433,31.928352999999998],[-106.391886,31.92485],[-106.40159,31.910199]]]},"properties":{"STATEFP":"48","COUNTYFP":"141","TRACTCE":"000208","AFFGEOID":"1400000US48141000208","GEOID":"48141000208","NAME":"2.08","LSAD":"CT","ALAND":4223987,"AWATER":0}},
{"type":"Feature","geometry":{"type":"Polygon","coordinates":[[[-106.407141,31.773664],[-106.40881,31.771372],[-106.410999,31.772775999999997],[-106.41430000000001,31.772098999999997],[-106.414252,31.768826999999998],[-106.413472,31.768521],[-106.408944,31.768531],[-106.405122,31.768144999999997],[-106.403494,31.765172999999997],[-106.396767,31.759774],[-106.396516,31.759591999999998],[-106.394914,31.758217],[-106.394088,31.757198],[-106.387908,31.751956999999997],[-106.375816,31.741750999999997],[-106.375096,31.741743],[-106.372761,31.741719],[-106.364911,31.741661999999998],[-106.3643,31.741812],[-106.362636,31.74251],[-106.365211,31.743349],[-106.367476,31.746170999999997],[-106.365144,31.748672],[-106.365169,31.749981],[-106.365195,31.753168],[-106.36521,31.753670999999997],[-106.366923,31.753649],[-106.367635,31.753693],[-106.373642,31.756687999999997],[-106.373359,31.757710999999997],[-106.374218,31.759446999999998],[-106.376086,31.761031],[-106.371075,31.768155],[-106.370653,31.768397],[-106.371736,31.769009999999998],[-106.377265,31.771597999999997],[-106.392635,31.778682],[-106.39776499999999,31.781069],[-106.397779,31.781305],[-106.401149,31.78247],[-106.406989,31.781938],[-106.401943,31.781118999999997],[-106.407141,31.773664]]]},"properties":{"STATEFP":"48","COUNTYFP":"141","TRACTCE":"003501","AFFGEOID":"1400000US48141003501","GEOID":"48141003501","NAME":"35.01","LSAD":"CT","ALAND":9257119,"AWATER":54106}},
{"type":"Feature","geometry":{"type":"Polygon","coordinates":[[[-106.443174,31.986784],[-106.441765,31.940638],[-106.441661,31.936114],[-106.44153299999999,31.929976],[-106.440943,31.923759999999998],[-106.439357,31.922345],[-106.437595,31.923828999999998],[-106.423603,31.930694],[-106.424436,31.932440999999997],[-106.424752,31.936401999999998],[-106.425009,31.986839],[-106.443174,31.986784]]]},"properties":{"STATEFP":"48","COUNTYFP":"141","TRACTCE":"010210","AFFGEOID":"1400000US48141010210","GEOID":"48141010210","NAME":"102.10","LSAD":"CT","ALAND":11062518,"AWATER":16370}},
{"type":"Feature","geometry":{"type":"Polygon","coordinates":[[[-106.339161,31.779222999999998],[-106.339855,31.777589],[-106.339811,31.772126],[-106.332351,31.77219],[-106.330719,31.772126999999998],[-106.330205,31.772002999999998],[-106.327764,31.770642],[-106.325048,31.769132],[-106.319116,31.769031],[-106.319577,31.771255999999997],[-106.32135,31.774189],[-106.322113,31.775603999999998],[-106.322529,31.776788],[-106.323227,31.77922],[-106.32325,31.783783],[-106.327796,31.783789],[-106.332193,31.783790999999997],[-106.335152,31.784156999999997],[-106.336085,31.784986999999997],[-106.338069,31.783289999999997],[-106.339161,31.779222999999998]]]},"properties":{"STATEFP":"48","COUNTYFP":"141","TRACTCE":"010307","AFFGEOID":"1400000US48141010307","GEOID":"48141010307","NAME":"103.07","LSAD":"CT","ALAND":2338513,"AWATER":0}},
{"type":"Feature","geometry":{"type":"Polygon","coordinates":[[[-106.440881,31.869629],[-106.44075,31.864466999999998],[-106.440639,31.858938],[-106.440457,31.851713],[-106.44007,31.851943],[-106.437994,31.855113],[-106.436278,31.857720999999998],[-106.431729,31.864601999999998],[-106.431438,31.865042],[-106.428248,31.86986],[-106.434657,31.869747999999998],[-106.440881,31.869629]]]},"properties":{"STATEFP":"48","COUNTYFP":"141","TRACTCE":"000404","AFFGEOID":"1400000US48141000404","GEOID":"48141000404","NAME":"4.04","LSAD":"CT","ALAND":1210880,"AWATER":0}},
{"type":"Feature","geometry":{"type":"Polygon","coordinates":[[[-106.406969,31.902037],[-106.406849,31.899017999999998],[-106.406835,31.89883],[-106.406702,31.898827999999998],[-106.39934,31.898947999999997],[-106.394025,31.898947999999997],[-106.388574,31.898913999999998],[-106.384007,31.906115999999997],[-106.385298,31.906557999999997],[-106.394207,31.906572999999998],[-106.394289,31.910197999999998],[-106.40159,31.910199],[-106.403988,31.906571999999997],[-106.406969,31.902037]]]},"properties":{"STATEFP":"48","COUNTYFP":"141","TRACTCE":"000207","AFFGEOID":"1400000US48141000207","GEOID":"48141000207","NAME":"2.07","LSAD":"CT","ALAND":1917431,"AWATER":0}},
{"type":"Feature","geometry":{"type":"Polygon","coordinates":[[[-106.437467,31.783600999999997],[-106.437538,31.779533999999998],[-106.43374299999999,31.779401],[-106.432866,31.780749999999998],[-106.432861,31.777531999999997],[-106.425502,31.777504999999998],[-106.423239,31.777524999999997],[-106.422121,31.777714999999997],[-106.420246,31.781602],[-106.419996,31.781913999999997],[-106.418008,31.783794],[-106.42004,31.783701999999998],[-106.420216,31.788203],[-106.42007100000001,31.7891],[-106.426158,31.792448],[-106.430712,31.79495],[-106.430693,31.797010999999998],[-106.431305,31.797017],[-106.43133,31.795216999999997],[-106.431484,31.791862],[-106.431554,31.788553],[-106.431568,31.786966],[-106.432878,31.785608],[-106.437451,31.785636],[-106.437467,31.783600999999997]]]},"properties":{"STATEFP":"48","COUNTYFP":"141","TRACTCE":"003300","AFFGEOID":"1400000US48141003300","GEOID":"48141003300","NAME":"33","LSAD":"CT","ALAND":2149003,"AWATER":0}},
{"type":"Feature","geometry":{"type":"Polygon","coordinates":[[[-106.456827,31.804941],[-106.45685,31.800409],[-106.456851,31.799500000000002],[-106.456875,31.794888],[-106.453996,31.794877],[-106.450833,31.794866],[-106.449155,31.796671],[-106.447249,31.796052999999997],[-106.444141,31.799671],[-106.443126,31.801254],[-106.442396,31.803144],[-106.442248,31.803718],[-106.442461,31.80485],[-106.446237,31.804904999999998],[-106.450781,31.804923],[-106.453805,31.804931999999997],[-106.456827,31.804941]]]},"properties":{"STATEFP":"48","COUNTYFP":"141","TRACTCE":"001002","AFFGEOID":"1400000US48141001002","GEOID":"48141001002","NAME":"10.02","LSAD":"CT","ALAND":1263562,"AWATER":0}},
{"type":"Feature","geometry":{"type":"Polygon","coordinates":[[[-106.339811,31.772126],[-106.339744,31.76558],[-106.33969,31.760285999999997],[-106.339985,31.759124],[-106.342257,31.756370999999998],[-106.345255,31.752675999999997],[-106.336587,31.747314],[-106.331852,31.744386],[-106.327862,31.748686],[-106.326657,31.752816],[-106.326915,31.753816999999998],[-106.329462,31.757413],[-106.329902,31.759090999999998],[-106.329587,31.765639],[-106.331122,31.767962999999998],[-106.330719,31.772126999999998],[-106.332351,31.77219],[-106.339811,31.772126]]]},"properties":{"STATEFP":"48","COUNTYFP":"141","TRACTCE":"004312","AFFGEOID":"1400000US48141004312","GEOID":"48141004312","NAME":"43.12","LSAD":"CT","ALAND":3142764,"AWATER":0}},
{"type":"Feature","geometry":{"type":"Polygon","coordinates":[[[-106.450204,31.869477999999997],[-106.44998,31.860543999999997],[-106.449876,31.856185],[-106.449804,31.853157999999997],[-106.44976,31.851442],[-106.440457,31.851713],[-106.440639,31.858938],[-106.44075,31.864466999999998],[-106.440881,31.869629],[-106.442685,31.869611],[-106.450204,31.869477999999997]]]},"properties":{"STATEFP":"48","COUNTYFP":"141","TRACTCE":"000403","AFFGEOID":"1400000US48141000403","GEOID":"48141000403","NAME":"4.03","LSAD":"CT","ALAND":1759947,"AWATER":0}},
{"type":"Feature","geometry":{"type":"Polygon","coordinates":[[[-106.422525,31.754351],[-106.421849,31.752927999999997],[-106.41794,31.752008999999997],[-106.404146940172,31.744571041746298],[-106.403308,31.745714],[-106.398262,31.752442],[-106.399576,31.757741],[-106.398279,31.758618],[-106.396767,31.759774],[-106.403494,31.765172999999997],[-106.405122,31.768144999999997],[-106.408944,31.768531],[-106.408904,31.764799],[-106.414214,31.765957999999998],[-106.414149,31.760785],[-106.412017,31.759638],[-106.415819,31.755138],[-106.417914,31.753845],[-106.422525,31.754351]]]},"properties":{"STATEFP":"48","COUNTYFP":"141","TRACTCE":"003602","AFFGEOID":"1400000US48141003602","GEOID":"48141003602","NAME":"36.02","LSAD":"CT","ALAND":2955209,"AWATER":198521}},
{"type":"Feature","geometry":{"type":"Polygon","coordinates":[[[-106.285335,31.804333999999997],[-106.285151,31.798036],[-106.28509,31.791475],[-106.280629,31.791304999999998],[-106.276391,31.792313],[-106.276386,31.792156],[-106.267611,31.792216],[-106.267818,31.798053],[-106.267784,31.806627],[-106.26839,31.806544],[-106.278221,31.805262],[-106.285335,31.804333999999997]]]},"properties":{"STATEFP":"48","COUNTYFP":"141","TRACTCE":"010325","AFFGEOID":"1400000US48141010325","GEOID":"48141010325","NAME":"103.25","LSAD":"CT","ALAND":2484589,"AWATER":0}},
{"type":"Feature","geometry":{"type":"Polygon","coordinates":[[[-106.419299,31.928153],[-106.419449,31.927107999999997],[-106.422068,31.924407],[-106.422117,31.923178],[-106.422254,31.92056],[-106.422855,31.919635],[-106.423259,31.918826],[-106.422125,31.915605999999997],[-106.422322,31.914005999999997],[-106.422315,31.913498999999998],[-106.417444,31.913584],[-106.407263,31.913756],[-106.407276,31.914292],[-106.40736,31.918229999999998],[-106.407482,31.923116999999998],[-106.407585,31.928369999999997],[-106.412054,31.928279999999997],[-106.419299,31.928153]]]},"properties":{"STATEFP":"48","COUNTYFP":"141","TRACTCE":"000107","AFFGEOID":"1400000US48141000107","GEOID":"48141000107","NAME":"1.07","LSAD":"CT","ALAND":2220478,"AWATER":0}},
{"type":"Feature","geometry":{"type":"Polygon","coordinates":[[[-106.267611,31.792216],[-106.267715,31.788027],[-106.267436,31.776362],[-106.262134,31.776249999999997],[-106.260751,31.776974],[-106.253449,31.78409],[-106.252496,31.784363],[-106.251868,31.784404],[-106.246195,31.784537],[-106.243597,31.784473],[-106.239807,31.788000999999998],[-106.229416,31.797676],[-106.230077,31.798098],[-106.23391,31.798337],[-106.243056,31.798095],[-106.247691,31.796232999999997],[-106.250803,31.795106999999998],[-106.255558,31.792792],[-106.257394,31.792441],[-106.267611,31.792216]]]},"properties":{"STATEFP":"48","COUNTYFP":"141","TRACTCE":"010330","AFFGEOID":"1400000US48141010330","GEOID":"48141010330","NAME":"103.30","LSAD":"CT","ALAND":4347024,"AWATER":0}},
{"type":"Feature","geometry":{"type":"Polygon","coordinates":[[[-106.30476,31.720658],[-106.313162,31.709277],[-106.314843,31.707286],[-106.315586,31.706602999999998],[-106.31197399999999,31.704852],[-106.307526,31.69954],[-106.297824,31.689304],[-106.296432,31.687800000000003],[-106.284117,31.701351],[-106.293087,31.709439999999997],[-106.295717,31.711966999999998],[-106.301447,31.717488],[-106.30476,31.720658]]]},"properties":{"STATEFP":"48","COUNTYFP":"141","TRACTCE":"004003","AFFGEOID":"1400000US48141004003","GEOID":"48141004003","NAME":"40.03","LSAD":"CT","ALAND":5009266,"AWATER":0}},
{"type":"Feature","geometry":{"type":"Polygon","coordinates":[[[-106.37809,31.792163],[-106.387993,31.790847999999997],[-106.394673,31.789973],[-106.395075,31.789918999999998],[-106.398282,31.789486],[-106.397779,31.781305],[-106.39776499999999,31.781069],[-106.392635,31.778682],[-106.377265,31.771597999999997],[-106.374637,31.775658999999997],[-106.374534,31.775751999999997],[-106.375468,31.776291999999998],[-106.379278,31.779068],[-106.377211,31.780538999999997],[-106.377319,31.782885],[-106.37818,31.782773],[-106.377734,31.784498],[-106.378418,31.788248999999997],[-106.377805,31.790754999999997],[-106.37809,31.792163]]]},"properties":{"STATEFP":"48","COUNTYFP":"141","TRACTCE":"003403","AFFGEOID":"1400000US48141003403","GEOID":"48141003403","NAME":"34.03","LSAD":"CT","ALAND":3148506,"AWATER":0}},
{"type":"Feature","geometry":{"type":"Polygon","coordinates":[[[-106.147518,31.682727],[-106.14748,31.677723999999998],[-106.147343,31.668547],[-106.147186,31.654149],[-106.147147,31.639525],[-106.147009,31.62697],[-106.146654,31.624806],[-106.146629,31.618130999999998],[-106.14689,31.616944],[-106.146591,31.597755999999997],[-105.993889,31.606693999999997],[-105.994756,31.679688],[-105.999988,31.6797],[-106.00003,31.68283],[-106.119732,31.682752999999998],[-106.130559,31.682764],[-106.144096,31.68274],[-106.147518,31.682727]]]},"properties":{"STATEFP":"48","COUNTYFP":"141","TRACTCE":"010335","AFFGEOID":"1400000US48141010335","GEOID":"48141010335","NAME":"103.35","LSAD":"CT","ALAND":128902745,"AWATER":0}},
{"type":"Feature","geometry":{"type":"Polygon","coordinates":[[[-106.303658,31.775741999999997],[-106.303631,31.772771],[-106.30358,31.769409],[-106.301928,31.769413],[-106.299547,31.769005],[-106.297404,31.767750999999997],[-106.296154,31.767412],[-106.290779,31.767346999999997],[-106.285031,31.767355],[-106.285066,31.772049],[-106.285143,31.777029],[-106.293559,31.777033999999997],[-106.297253,31.777],[-106.298483,31.776640999999998],[-106.300007,31.775934999999997],[-106.302111,31.775736],[-106.303658,31.775741999999997]]]},"properties":{"STATEFP":"48","COUNTYFP":"141","TRACTCE":"010326","AFFGEOID":"1400000US48141010326","GEOID":"48141010326","NAME":"103.26","LSAD":"CT","ALAND":1711800,"AWATER":0}},
{"type":"Feature","geometry":{"type":"Polygon","coordinates":[[[-106.465893,31.818262999999998],[-106.465841,31.813945999999998],[-106.462819,31.813958999999997],[-106.462423,31.813097],[-106.46132,31.813091],[-106.453757,31.813063999999997],[-106.44922,31.813049],[-106.447712,31.813045],[-106.4462,31.813039],[-106.444239,31.812997],[-106.441611,31.812586],[-106.441002,31.812583999999998],[-106.440583,31.814833999999998],[-106.439843,31.817349],[-106.439108,31.819059999999997],[-106.439514,31.819059],[-106.44297,31.819059999999997],[-106.442933,31.821690999999998],[-106.444644,31.821655],[-106.446155,31.821634],[-106.452212,31.821517],[-106.455854,31.821469999999998],[-106.455829,31.818265999999998],[-106.46433,31.818264],[-106.465893,31.818262999999998]]]},"properties":{"STATEFP":"48","COUNTYFP":"141","TRACTCE":"000800","AFFGEOID":"1400000US48141000800","GEOID":"48141000800","NAME":"8","LSAD":"CT","ALAND":1856509,"AWATER":0}},
{"type":"Feature","geometry":{"type":"Polygon","coordinates":[[[-106.347943,31.728589999999997],[-106.349908,31.727190999999998],[-106.351402,31.722801999999998],[-106.352,31.722099],[-106.343159,31.714571],[-106.340924,31.712674],[-106.33508,31.707690999999997],[-106.332074,31.70516],[-106.324804,31.698940999999998],[-106.320988,31.702893],[-106.317523,31.704952],[-106.327059,31.716444],[-106.329976,31.719731999999997],[-106.334237,31.721597],[-106.336153,31.722406],[-106.337205,31.722842],[-106.339901,31.723983999999998],[-106.343109,31.725821],[-106.347943,31.728589999999997]]]},"properties":{"STATEFP":"48","COUNTYFP":"141","TRACTCE":"004104","AFFGEOID":"1400000US48141004104","GEOID":"48141004104","NAME":"41.04","LSAD":"CT","ALAND":4058692,"AWATER":0}},
{"type":"Feature","geometry":{"type":"Polygon","coordinates":[[[-106.428248,31.86986],[-106.427675,31.869854],[-106.423177,31.869933],[-106.41719,31.870041999999998],[-106.415203,31.870077],[-106.407224,31.870223],[-106.406896,31.870016999999997],[-106.406135,31.871216999999998],[-106.406222,31.871800999999998],[-106.40626,31.876749],[-106.406356,31.880716999999997],[-106.412763,31.880602],[-106.412693,31.877378999999998],[-106.41693,31.877308],[-106.421524,31.877827999999997],[-106.422634,31.878352],[-106.423488,31.877062],[-106.428248,31.86986]]]},"properties":{"STATEFP":"48","COUNTYFP":"141","TRACTCE":"000206","AFFGEOID":"1400000US48141000206","GEOID":"48141000206","NAME":"2.06","LSAD":"CT","ALAND":1740028,"AWATER":0}},
{"type":"Feature","geometry":{"type":"Polygon","coordinates":[[[-106.302517,31.802066],[-106.30243899999999,31.801681],[-106.302323,31.790518],[-106.298047,31.791294999999998],[-106.293789,31.791341],[-106.28509,31.791475],[-106.285151,31.798036],[-106.285335,31.804333999999997],[-106.293935,31.803205],[-106.302517,31.802066]]]},"properties":{"STATEFP":"48","COUNTYFP":"141","TRACTCE":"010322","AFFGEOID":"1400000US48141010322","GEOID":"48141010322","NAME":"103.22","LSAD":"CT","ALAND":2164311,"AWATER":0}},
{"type":"Feature","geometry":{"type":"Polygon","coordinates":[[[-106.439357,31.922345],[-106.440525,31.920685],[-106.441206,31.918646],[-106.441296,31.917792],[-106.44120000000001,31.912851999999997],[-106.438798,31.91348],[-106.432317,31.913604],[-106.424052,31.913762],[-106.422322,31.914005999999997],[-106.422125,31.915605999999997],[-106.423259,31.918826],[-106.422855,31.919635],[-106.422254,31.92056],[-106.422117,31.923178],[-106.422068,31.924407],[-106.419449,31.927107999999997],[-106.419299,31.928153],[-106.421775,31.928748],[-106.423603,31.930694],[-106.437595,31.923828999999998],[-106.439357,31.922345]]]},"properties":{"STATEFP":"48","COUNTYFP":"141","TRACTCE":"000106","AFFGEOID":"1400000US48141000106","GEOID":"48141000106","NAME":"1.06","LSAD":"CT","ALAND":2629548,"AWATER":0}},
{"type":"Feature","geometry":{"type":"Polygon","coordinates":[[[-106.473476,31.773318999999997],[-106.473908,31.773042999999998],[-106.475825,31.775209999999998],[-106.481858,31.771331999999997],[-106.486138,31.776193],[-106.487579,31.775142],[-106.488681,31.772623],[-106.490377,31.771528999999997],[-106.491651,31.772986],[-106.494201,31.771348],[-106.491647,31.768445999999997],[-106.48973,31.766268],[-106.489091,31.765546999999998],[-106.486543,31.767182],[-106.485266,31.765731],[-106.484527,31.764896],[-106.473482,31.771973],[-106.473476,31.773318999999997]]]},"properties":{"STATEFP":"48","COUNTYFP":"141","TRACTCE":"002202","AFFGEOID":"1400000US48141002202","GEOID":"48141002202","NAME":"22.02","LSAD":"CT","ALAND":1173050,"AWATER":0}},
{"type":"Feature","geometry":{"type":"Polygon","coordinates":[[[-106.286616,31.743859999999998],[-106.290412,31.739866],[-106.291871,31.737948999999997],[-106.288262,31.735978],[-106.28457,31.733176],[-106.28139,31.731277],[-106.278757,31.729709],[-106.274194,31.727038],[-106.272959,31.726543999999997],[-106.271305,31.726245],[-106.267456,31.726172],[-106.266862,31.726176],[-106.267129,31.736399],[-106.267039,31.74053],[-106.267028,31.741052999999997],[-106.267445,31.741045],[-106.268032,31.741137],[-106.272785,31.739686],[-106.276286,31.739652999999997],[-106.28117,31.739763],[-106.282144,31.740375999999998],[-106.284442,31.742319],[-106.286616,31.743859999999998]]]},"properties":{"STATEFP":"48","COUNTYFP":"141","TRACTCE":"010337","AFFGEOID":"1400000US48141010337","GEOID":"48141010337","NAME":"103.37","LSAD":"CT","ALAND":2596199,"AWATER":0}},
{"type":"Feature","geometry":{"type":"Polygon","coordinates":[[[-106.406835,31.89883],[-106.406741,31.898412999999998],[-106.406679,31.895561999999998],[-106.406603,31.891989],[-106.406455,31.88477],[-106.406356,31.880716999999997],[-106.40626,31.876749],[-106.406222,31.871800999999998],[-106.406135,31.871216999999998],[-106.39752,31.884805999999998],[-106.388574,31.898913999999998],[-106.394025,31.898947999999997],[-106.39934,31.898947999999997],[-106.406702,31.898827999999998],[-106.406835,31.89883]]]},"properties":{"STATEFP":"48","COUNTYFP":"141","TRACTCE":"000204","AFFGEOID":"1400000US48141000204","GEOID":"48141000204","NAME":"2.04","LSAD":"CT","ALAND":2647092,"AWATER":0}},
{"type":"Feature","geometry":{"type":"Polygon","coordinates":[[[-106.1447,31.512655],[-106.142349,31.510453],[-106.142349,31.509559],[-106.142365,31.50708],[-106.142388,31.502091999999998],[-106.142854,31.50199],[-106.149137,31.496920999999997],[-106.148115,31.495873999999997],[-106.149211,31.494868],[-106.145197,31.491570999999997],[-106.127145,31.476720999999998],[-106.106415,31.459884],[-106.095932,31.451424],[-106.095218,31.450848999999998],[-106.094784,31.450422],[-106.088346,31.445667],[-106.086062,31.447881],[-106.085582,31.448331],[-106.083003,31.450711],[-106.056614,31.46204],[-106.052737,31.464862],[-106.059331,31.470993],[-106.062178,31.473186],[-106.064967,31.474932],[-106.103687,31.496156],[-106.105926,31.497386],[-106.116036,31.502902],[-106.120351,31.505768],[-106.122338,31.507845999999997],[-106.128705,31.51605],[-106.131252,31.519374],[-106.135742,31.516907],[-106.1447,31.512655]]]},"properties":{"STATEFP":"48","COUNTYFP":"141","TRACTCE":"010506","AFFGEOID":"1400000US48141010506","GEOID":"48141010506","NAME":"105.06","LSAD":"CT","ALAND":29555980,"AWATER":0}},
{"type":"Feature","geometry":{"type":"Polygon","coordinates":[[[-106.577039,31.863622],[-106.582685,31.86327],[-106.58368899999999,31.862674],[-106.585676,31.860659],[-106.587089,31.860165],[-106.583213,31.850116999999997],[-106.582714,31.848867],[-106.579751,31.841237],[-106.579629,31.841148999999998],[-106.570457,31.839361999999998],[-106.570159,31.839302999999997],[-106.572638,31.846034999999997],[-106.57434,31.852560999999998],[-106.577039,31.863622]]]},"properties":{"STATEFP":"48","COUNTYFP":"141","TRACTCE":"001201","AFFGEOID":"1400000US48141001201","GEOID":"48141001201","NAME":"12.01","LSAD":"CT","ALAND":2287622,"AWATER":0}},
{"type":"Feature","geometry":{"type":"Polygon","coordinates":[[[-106.456827,31.804941],[-106.461366,31.804911999999998],[-106.462878,31.804911999999998],[-106.46590499999999,31.80493],[-106.465922,31.799533],[-106.468734,31.799296],[-106.467441,31.797727],[-106.468523,31.795029999999997],[-106.461418,31.794988],[-106.461417,31.794898999999997],[-106.456875,31.794888],[-106.456851,31.799500000000002],[-106.45685,31.800409],[-106.456827,31.804941]]]},"properties":{"STATEFP":"48","COUNTYFP":"141","TRACTCE":"001001","AFFGEOID":"1400000US48141001001","GEOID":"48141001001","NAME":"10.01","LSAD":"CT","ALAND":1056031,"AWATER":0}},
{"type":"Feature","geometry":{"type":"Polygon","coordinates":[[[-106.284797,31.672950999999998],[-106.28632999999999,31.671397],[-106.287595,31.669558],[-106.28984,31.666197999999998],[-106.290214,31.664571],[-106.293578,31.662785999999997],[-106.297176,31.662177999999997],[-106.286602,31.649917],[-106.28432,31.649839999999998],[-106.279307,31.64875],[-106.27864,31.648933999999997],[-106.285136,31.656276],[-106.281408,31.657425],[-106.280242,31.657687],[-106.279704,31.657805999999997],[-106.273404,31.658790999999997],[-106.276899,31.662978],[-106.279135,31.667095999999997],[-106.279823,31.668298],[-106.284797,31.672950999999998]]]},"properties":{"STATEFP":"48","COUNTYFP":"141","TRACTCE":"010409","AFFGEOID":"1400000US48141010409","GEOID":"48141010409","NAME":"104.09","LSAD":"CT","ALAND":2616406,"AWATER":0}},
{"type":"Feature","geometry":{"type":"Polygon","coordinates":[[[-106.44120000000001,31.912851999999997],[-106.441141,31.91014],[-106.441018,31.905904999999997],[-106.440799,31.898269],[-106.43527,31.898379],[-106.434943,31.898373999999997],[-106.43530200000001,31.90074],[-106.433635,31.904432999999997],[-106.433691,31.906689999999998],[-106.433758,31.909547999999997],[-106.433783,31.910265],[-106.432525,31.912314],[-106.432317,31.913604],[-106.438798,31.91348],[-106.44120000000001,31.912851999999997]]]},"properties":{"STATEFP":"48","COUNTYFP":"141","TRACTCE":"000111","AFFGEOID":"1400000US48141000111","GEOID":"48141000111","NAME":"1.11","LSAD":"CT","ALAND":1117714,"AWATER":0}},
{"type":"Feature","geometry":{"type":"Polygon","coordinates":[[[-106.479942,31.757054],[-106.479138,31.754457],[-106.477842,31.753819],[-106.477023,31.751198],[-106.473951,31.751918999999997],[-106.47331943499101,31.7506506089871],[-106.472493,31.750852],[-106.470991,31.752214],[-106.470202,31.753781],[-106.4685,31.758249],[-106.466912,31.759570999999998],[-106.467672,31.763346],[-106.467672,31.764007],[-106.473624,31.761025999999998],[-106.474419,31.760794999999998],[-106.479345,31.758658999999998],[-106.478941,31.757320999999997],[-106.479942,31.757054]]]},"properties":{"STATEFP":"48","COUNTYFP":"141","TRACTCE":"002000","AFFGEOID":"1400000US48141002000","GEOID":"48141002000","NAME":"20","LSAD":"CT","ALAND":1101159,"AWATER":55204}},
{"type":"Feature","geometry":{"type":"Polygon","coordinates":[[[-106.42378,31.905369999999998],[-106.423627,31.902821999999997],[-106.424418,31.902813],[-106.424325,31.898708],[-106.424209,31.898721],[-106.414181,31.898885999999997],[-106.412252,31.898925],[-106.410483,31.898819999999997],[-106.40910000000001,31.898835],[-106.408992,31.898989],[-106.406969,31.902037],[-106.407077,31.906461],[-106.414224,31.906319999999997],[-106.421558,31.906146],[-106.42378,31.905369999999998]]]},"properties":{"STATEFP":"48","COUNTYFP":"141","TRACTCE":"000110","AFFGEOID":"1400000US48141000110","GEOID":"48141000110","NAME":"1.10","LSAD":"CT","ALAND":1290170,"AWATER":0}},
{"type":"Feature","geometry":{"type":"Polygon","coordinates":[[[-106.440799,31.898269],[-106.441486,31.898262],[-106.440881,31.869629],[-106.434657,31.869747999999998],[-106.428248,31.86986],[-106.423488,31.877062],[-106.422634,31.878352],[-106.418503,31.884608999999998],[-106.414521,31.890632],[-106.40910000000001,31.898835],[-106.410483,31.898819999999997],[-106.412252,31.898925],[-106.414181,31.898885999999997],[-106.424209,31.898721],[-106.424325,31.898708],[-106.428945,31.898464999999998],[-106.433176,31.898391],[-106.434943,31.898373999999997],[-106.43527,31.898379],[-106.440799,31.898269]]]},"properties":{"STATEFP":"48","COUNTYFP":"141","TRACTCE":"000101","AFFGEOID":"1400000US48141000101","GEOID":"48141000101","NAME":"1.01","LSAD":"CT","ALAND":6780050,"AWATER":0}},
{"type":"Feature","geometry":{"type":"Polygon","coordinates":[[[-106.166991,31.884641],[-106.199771,31.884665],[-106.20074,31.884666],[-106.20032499999999,31.856969],[-106.200103,31.826625],[-106.204926,31.826656999999997],[-106.225281,31.826677],[-106.234213,31.826666],[-106.243843,31.826753],[-106.243613,31.840397999999997],[-106.233838,31.840376],[-106.233806,31.855760999999998],[-106.267365,31.855735],[-106.267275,31.840453],[-106.269016,31.840474999999998],[-106.285181,31.840677999999997],[-106.285449,31.823724],[-106.272299,31.819460999999997],[-106.270974,31.818876999999997],[-106.269976,31.818157999999997],[-106.268506,31.816074999999998],[-106.268307,31.815357],[-106.268189,31.811791999999997],[-106.267747,31.807485],[-106.267784,31.806627],[-106.267673,31.806641],[-106.25285,31.808587],[-106.245889,31.80951],[-106.234323,31.811021999999998],[-106.234139,31.811045999999997],[-106.232259,31.811291999999998],[-106.225167,31.812219],[-106.216988,31.813309999999998],[-106.212934,31.813892],[-106.211831,31.81404],[-106.209848,31.814308999999998],[-106.205074,31.814942],[-106.199039,31.815742],[-106.187245,31.817263999999998],[-106.178095,31.818459999999998],[-106.166016,31.820038999999998],[-106.165755,31.820062999999998],[-106.165745,31.826784],[-106.166402,31.826836999999998],[-106.166686,31.855769],[-106.16684,31.870306],[-106.166991,31.884641]]]},"properties":{"STATEFP":"48","COUNTYFP":"141","TRACTCE":"010339","AFFGEOID":"1400000US48141010339","GEOID":"48141010339","NAME":"103.39","LSAD":"CT","ALAND":47351243,"AWATER":0}},
{"type":"Feature","geometry":{"type":"Polygon","coordinates":[[[-106.211898,31.699340999999997],[-106.244804,31.699354999999997],[-106.250445,31.69918],[-106.25283,31.698386],[-106.254019,31.69763],[-106.266932,31.686128],[-106.249555,31.670731999999997],[-106.248411,31.669718],[-106.24543,31.666976],[-106.239746,31.659772],[-106.237471,31.66107],[-106.231239,31.663006999999997],[-106.230406,31.663812999999998],[-106.229848,31.665063999999997],[-106.230143,31.671678999999997],[-106.229696,31.673866],[-106.229209,31.675116],[-106.226686,31.678646999999998],[-106.22369499999999,31.680843999999997],[-106.220354,31.682181999999997],[-106.215483,31.682741],[-106.21562,31.694325],[-106.215648,31.697274],[-106.211493,31.697263999999997],[-106.211891,31.698984],[-106.211898,31.699340999999997]]]},"properties":{"STATEFP":"48","COUNTYFP":"141","TRACTCE":"010345","AFFGEOID":"1400000US48141010345","GEOID":"48141010345","NAME":"103.45","LSAD":"CT","ALAND":13056280,"AWATER":0}},
{"type":"Feature","geometry":{"type":"Polygon","coordinates":[[[-106.330719,31.772126999999998],[-106.331122,31.767962999999998],[-106.329587,31.765639],[-106.329902,31.759090999999998],[-106.329462,31.757413],[-106.326915,31.753816999999998],[-106.326657,31.752816],[-106.327862,31.748686],[-106.331852,31.744386],[-106.325453,31.740342],[-106.324837,31.739863999999997],[-106.323161,31.741508],[-106.31926,31.746723],[-106.318965,31.747601],[-106.318977,31.754203999999998],[-106.31908,31.765100999999998],[-106.319116,31.769031],[-106.325048,31.769132],[-106.327764,31.770642],[-106.330205,31.772002999999998],[-106.330719,31.772126999999998]]]},"properties":{"STATEFP":"48","COUNTYFP":"141","TRACTCE":"004313","AFFGEOID":"1400000US48141004313","GEOID":"48141004313","NAME":"43.13","LSAD":"CT","ALAND":2890250,"AWATER":54180}},
{"type":"Feature","geometry":{"type":"Polygon","coordinates":[[[-106.359202,31.789068999999998],[-106.359287,31.787581],[-106.359646,31.786856999999998],[-106.35605,31.785522999999998],[-106.355844,31.785425],[-106.350993,31.783624],[-106.348622,31.782736999999997],[-106.339161,31.779222999999998],[-106.338069,31.783289999999997],[-106.336085,31.784986999999997],[-106.334587,31.786241999999998],[-106.3314,31.789816],[-106.331093,31.790585],[-106.331054,31.792081999999997],[-106.332585,31.791700000000002],[-106.333822,31.790464999999998],[-106.335432,31.789036],[-106.340688,31.788878999999998],[-106.343032,31.788925],[-106.347514,31.790521],[-106.348415,31.790495999999997],[-106.35263,31.789937],[-106.359202,31.789068999999998]]]},"properties":{"STATEFP":"48","COUNTYFP":"141","TRACTCE":"004311","AFFGEOID":"1400000US48141004311","GEOID":"48141004311","NAME":"43.11","LSAD":"CT","ALAND":1773594,"AWATER":0}},
{"type":"Feature","geometry":{"type":"Polygon","coordinates":[[[-106.387908,31.751956999999997],[-106.388919,31.750930999999998],[-106.386781,31.749212999999997],[-106.391835,31.743053999999997],[-106.39460217268201,31.739423990764298],[-106.385806164653,31.734680711076596],[-106.384528,31.735174999999998],[-106.378094,31.735906],[-106.377721,31.734658],[-106.369763,31.735547999999998],[-106.37286399999999,31.738045],[-106.371794,31.738943],[-106.375096,31.741743],[-106.375816,31.741750999999997],[-106.387908,31.751956999999997]]]},"properties":{"STATEFP":"48","COUNTYFP":"141","TRACTCE":"003702","AFFGEOID":"1400000US48141003702","GEOID":"48141003702","NAME":"37.02","LSAD":"CT","ALAND":2134645,"AWATER":10361}},
{"type":"Feature","geometry":{"type":"Polygon","coordinates":[[[-106.312688,31.783796],[-106.312381,31.780238999999998],[-106.312076,31.777265999999997],[-106.311634,31.776794],[-106.312456,31.775864],[-106.311888,31.775479999999998],[-106.311908,31.771003],[-106.311355,31.769406999999998],[-106.308193,31.769409999999997],[-106.30358,31.769409],[-106.303631,31.772771],[-106.303658,31.775741999999997],[-106.30367,31.777252999999998],[-106.303679,31.779207],[-106.303631,31.77951],[-106.302684,31.781007],[-106.302318,31.782100999999997],[-106.302299,31.782518999999997],[-106.30375,31.782687],[-106.306759,31.783727],[-106.312688,31.783796]]]},"properties":{"STATEFP":"48","COUNTYFP":"141","TRACTCE":"010317","AFFGEOID":"1400000US48141010317","GEOID":"48141010317","NAME":"103.17","LSAD":"CT","ALAND":1291829,"AWATER":0}},
{"type":"Feature","geometry":{"type":"Polygon","coordinates":[[[-106.470656,31.792382999999997],[-106.468974,31.792294],[-106.470484,31.791393999999997],[-106.470498,31.789588],[-106.470502,31.787767],[-106.473546,31.787646],[-106.47355400000001,31.783251999999997],[-106.473508,31.777821999999997],[-106.473455,31.776736999999997],[-106.473476,31.773318999999997],[-106.473482,31.771973],[-106.46507199999999,31.777351999999997],[-106.463761,31.777924],[-106.46298,31.778122999999997],[-106.461485,31.778264999999998],[-106.461463,31.779684],[-106.465586,31.782929],[-106.461439,31.785507],[-106.46145,31.786226],[-106.461448,31.786825999999998],[-106.461434,31.789548999999997],[-106.461431,31.790367],[-106.461424,31.792203999999998],[-106.461417,31.794898999999997],[-106.461418,31.794988],[-106.468523,31.795029999999997],[-106.469804,31.79302],[-106.470656,31.792382999999997]]]},"properties":{"STATEFP":"48","COUNTYFP":"141","TRACTCE":"002300","AFFGEOID":"1400000US48141002300","GEOID":"48141002300","NAME":"23","LSAD":"CT","ALAND":2023108,"AWATER":3413}},
{"type":"Feature","geometry":{"type":"Polygon","coordinates":[[[-106.318977,31.754203999999998],[-106.318965,31.747601],[-106.31926,31.746723],[-106.323161,31.741508],[-106.324837,31.739863999999997],[-106.315692,31.731158999999998],[-106.315117,31.730604],[-106.30476,31.720658],[-106.302938,31.723747999999997],[-106.302914,31.725157999999997],[-106.302927,31.72842],[-106.30172,31.731762999999997],[-106.301751,31.734996],[-106.301825,31.742601999999998],[-106.301836,31.744501],[-106.30186,31.746126999999998],[-106.301928,31.751496999999997],[-106.305301,31.752667],[-106.308092,31.752675999999997],[-106.310764,31.752851],[-106.315194,31.754227],[-106.318977,31.754203999999998]]]},"properties":{"STATEFP":"48","COUNTYFP":"141","TRACTCE":"004309","AFFGEOID":"1400000US48141004309","GEOID":"48141004309","NAME":"43.09","LSAD":"CT","ALAND":5073802,"AWATER":0}},
{"type":"Feature","geometry":{"type":"Polygon","coordinates":[[[-106.336021,31.67465],[-106.336379,31.671758999999998],[-106.337954334501,31.671198135220397],[-106.334737,31.664112],[-106.33029113246201,31.658329936271002],[-106.324859,31.658275999999997],[-106.32277,31.657771],[-106.31969,31.656119999999998],[-106.316775,31.653702],[-106.317219,31.655096999999998],[-106.320011,31.659647],[-106.314058,31.659646],[-106.310167,31.659879],[-106.30883299999999,31.659391],[-106.30663799999999,31.65629],[-106.304658,31.654612999999998],[-106.30352,31.654701],[-106.303498,31.656108999999997],[-106.303597,31.656955],[-106.302066,31.657256999999998],[-106.298836,31.658572999999997],[-106.297176,31.662177999999997],[-106.293578,31.662785999999997],[-106.290214,31.664571],[-106.28984,31.666197999999998],[-106.287595,31.669558],[-106.28632999999999,31.671397],[-106.284797,31.672950999999998],[-106.283334,31.674391999999997],[-106.282416,31.675953],[-106.28125,31.677363999999997],[-106.274551,31.681130999999997],[-106.270928,31.682959],[-106.269358,31.684289],[-106.268536,31.684782],[-106.266932,31.686128],[-106.271393,31.690084],[-106.284117,31.701351],[-106.296432,31.687800000000003],[-106.296604,31.687624999999997],[-106.298062,31.686498999999998],[-106.299199,31.685885],[-106.308157,31.682364],[-106.312022,31.686746999999997],[-106.313319,31.685657],[-106.315931,31.685157],[-106.316646,31.684706],[-106.318132,31.683934999999998],[-106.320462,31.684579],[-106.319163,31.682488999999997],[-106.319031,31.682282999999998],[-106.319586,31.682032],[-106.324262,31.683125999999998],[-106.324422,31.686031999999997],[-106.324863,31.684897],[-106.325911,31.685139999999997],[-106.327459,31.674671],[-106.33264,31.673477],[-106.336021,31.67465]]]},"properties":{"STATEFP":"48","COUNTYFP":"141","TRACTCE":"004002","AFFGEOID":"1400000US48141004002","GEOID":"48141004002","NAME":"40.02","LSAD":"CT","ALAND":15681162,"AWATER":45140}},
{"type":"Feature","geometry":{"type":"Polygon","coordinates":[[[-106.54657652495901,31.8065805235309],[-106.545344,31.805007],[-106.544714,31.804287],[-106.542144,31.802107],[-106.542097,31.802145999999997],[-106.54057955159601,31.8012873095777],[-106.535843,31.798606999999997],[-106.535343,31.797507],[-106.535154,31.797089],[-106.534743,31.796107],[-106.53304299999999,31.791907],[-106.533,31.791829],[-106.53247999999999,31.791914],[-106.530515,31.792102999999997],[-106.527943,31.790506999999998],[-106.527738,31.789761],[-106.527623,31.789119],[-106.527997,31.786945],[-106.528124,31.784985],[-106.528041,31.78398],[-106.528242,31.783147999999997],[-106.52853999999999,31.782573],[-106.528641,31.782307],[-106.528643,31.781806999999997],[-106.525178,31.778442],[-106.52364299999999,31.776207],[-106.517842,31.771812999999998],[-106.516272,31.771632],[-106.514871,31.771587999999998],[-106.513687,31.770711],[-106.512488,31.769043999999997],[-106.511917,31.767377],[-106.511045,31.763250999999997],[-106.510741339548,31.762636588547696],[-106.509263,31.763443],[-106.507984,31.762292],[-106.505443,31.762216],[-106.508453,31.766008],[-106.507991,31.766267],[-106.506717,31.766451],[-106.507403,31.768600000000003],[-106.509597,31.771276],[-106.508667,31.776017],[-106.506728,31.777047999999997],[-106.507237,31.782463999999997],[-106.507488,31.784302],[-106.506275,31.785593],[-106.508158,31.792044999999998],[-106.508471,31.792583999999998],[-106.510775,31.794303],[-106.511185,31.795211],[-106.514993,31.795492999999997],[-106.516463,31.795288],[-106.51766,31.79476],[-106.519932,31.792928999999997],[-106.519919,31.799135],[-106.520644,31.802000000000003],[-106.522289,31.805556],[-106.523347,31.807017],[-106.52608599999999,31.80877],[-106.528943,31.809292],[-106.533025,31.809313999999997],[-106.542198,31.809428999999998],[-106.544774,31.810342],[-106.54657652495901,31.8065805235309]]]},"properties":{"STATEFP":"48","COUNTYFP":"141","TRACTCE":"001400","AFFGEOID":"1400000US48141001400","GEOID":"48141001400","NAME":"14","LSAD":"CT","ALAND":7844448,"AWATER":178609}},
{"type":"Feature","geometry":{"type":"Polygon","coordinates":[[[-106.280472,31.56175],[-106.279589,31.561138],[-106.26147891443301,31.551545326597896],[-106.25478,31.547997],[-106.248245,31.543488],[-106.247808047366,31.5429883504405],[-106.246203,31.541152999999998],[-106.245117,31.538762],[-106.241647101321,31.527744901713003],[-106.237462,31.514457],[-106.236823,31.513192],[-106.235579,31.511630999999998],[-106.225392,31.501846999999998],[-106.224337,31.50019],[-106.223664,31.49842],[-106.21962,31.481561],[-106.219074,31.480279999999997],[-106.218259,31.479004999999997],[-106.21316415674401,31.473244648249597],[-106.186634,31.490617999999998],[-106.183803,31.487766999999998],[-106.17278400000001,31.494643],[-106.166793,31.498541999999997],[-106.162502,31.501324],[-106.15993399999999,31.501935999999997],[-106.158693,31.502822],[-106.157816,31.503442],[-106.160485,31.507506999999997],[-106.165477,31.515162999999998],[-106.17039199999999,31.522669999999998],[-106.172061,31.525223999999998],[-106.180362,31.537754],[-106.185427,31.543637999999998],[-106.192634,31.551778],[-106.208954,31.570225999999998],[-106.214236,31.576207],[-106.222552,31.58559],[-106.223286,31.585376],[-106.221275,31.581628],[-106.221316,31.580838],[-106.226341,31.579766],[-106.226578,31.578615],[-106.2312,31.575433999999998],[-106.235562,31.579756999999997],[-106.237837,31.585828999999997],[-106.238613,31.585721],[-106.246763,31.584705],[-106.252532,31.584252999999997],[-106.25433,31.58412],[-106.257587,31.581222999999998],[-106.25998799999999,31.578038999999997],[-106.260749,31.575716],[-106.264889,31.573245],[-106.264598,31.572008999999998],[-106.264589,31.571019],[-106.264156,31.570166999999998],[-106.274248,31.564954],[-106.280472,31.56175]]]},"properties":{"STATEFP":"48","COUNTYFP":"141","TRACTCE":"010501","AFFGEOID":"1400000US48141010501","GEOID":"48141010501","NAME":"105.01","LSAD":"CT","ALAND":64836732,"AWATER":417653}},
{"type":"Feature","geometry":{"type":"Polygon","coordinates":[[[-106.120085,31.884663999999997],[-106.125765,31.876314999999998],[-106.127523,31.872719999999997],[-106.131343,31.871812],[-106.132701,31.873364],[-106.140403,31.87257],[-106.145312,31.870347],[-106.14982,31.870157],[-106.149783,31.864176999999998],[-106.141314,31.864175],[-106.141223,31.866711],[-106.137157,31.866809999999997],[-106.137222,31.86547],[-106.133108,31.865513],[-106.132713,31.841247],[-106.132568,31.826518999999998],[-106.132806,31.824900000000003],[-106.109971,31.828958999999998],[-106.106951,31.829375],[-106.064648,31.833477],[-106.058681,31.833925999999998],[-106.055877,31.834910999999998],[-106.049644,31.838281],[-106.046809,31.839063999999997],[-106.041123,31.839131],[-106.032182,31.837156],[-106.029403,31.836261999999998],[-106.025776,31.834664],[-106.023512,31.834304],[-106.019096,31.83448],[-106.017006,31.833924999999997],[-106.010918,31.83062],[-106.008376,31.829750999999998],[-105.99902,31.829137999999997],[-105.996185,31.829362999999997],[-105.996543,31.878778999999998],[-105.996783,31.901587],[-105.99705,31.927642],[-105.997806,32.000104],[-105.998003,32.002328],[-106.05045102059302,32.0024123076916],[-106.09973734629399,32.0024915331095],[-106.100437,31.966579],[-106.099706,31.951846],[-106.099924,31.891558],[-106.099555,31.890964999999998],[-106.09952,31.887372],[-106.099451,31.884634],[-106.120085,31.884663999999997]]]},"properties":{"STATEFP":"48","COUNTYFP":"141","TRACTCE":"010319","AFFGEOID":"1400000US48141010319","GEOID":"48141010319","NAME":"103.19","LSAD":"CT","ALAND":201964541,"AWATER":171229}},
{"type":"Feature","geometry":{"type":"Polygon","coordinates":[[[-106.267278,31.760773999999998],[-106.267346,31.753926999999997],[-106.26728,31.748652],[-106.267087,31.742234999999997],[-106.261463,31.741327],[-106.258756,31.740565],[-106.255492,31.740091999999997],[-106.250363,31.739198],[-106.238605,31.737019],[-106.233301,31.735111],[-106.216148,31.732778],[-106.198074,31.729654999999998],[-106.147862,31.720561999999997],[-106.14813,31.735274999999998],[-106.148438,31.737378],[-106.149226,31.738834999999998],[-106.164828,31.763389999999998],[-106.165181,31.764505],[-106.165255,31.765807],[-106.165592,31.797373999999998],[-106.165734,31.79816],[-106.165826,31.805563],[-106.166016,31.820038999999998],[-106.178095,31.818459999999998],[-106.187245,31.817263999999998],[-106.199039,31.815742],[-106.205074,31.814942],[-106.209848,31.814308999999998],[-106.211831,31.81404],[-106.212934,31.813892],[-106.213258,31.812724],[-106.217039,31.809195],[-106.222231,31.804364999999997],[-106.223886,31.802823999999998],[-106.229416,31.797676],[-106.239807,31.788000999999998],[-106.243597,31.784473],[-106.249956,31.778551999999998],[-106.251881,31.77676],[-106.252915,31.775797999999998],[-106.255476,31.773400000000002],[-106.256956,31.772054999999998],[-106.260796,31.768449999999998],[-106.266877,31.762812999999998],[-106.267286,31.762238],[-106.267278,31.760773999999998]]]},"properties":{"STATEFP":"48","COUNTYFP":"141","TRACTCE":"010341","AFFGEOID":"1400000US48141010341","GEOID":"48141010341","NAME":"103.41","LSAD":"CT","ALAND":78396646,"AWATER":0}},
{"type":"Feature","geometry":{"type":"Polygon","coordinates":[[[-106.166016,31.820038999999998],[-106.165826,31.805563],[-106.165734,31.79816],[-106.165592,31.797373999999998],[-106.165255,31.765807],[-106.165181,31.764505],[-106.164828,31.763389999999998],[-106.149226,31.738834999999998],[-106.148438,31.737378],[-106.14813,31.735274999999998],[-106.147862,31.720561999999997],[-106.147773,31.711851],[-106.147518,31.682727],[-106.144096,31.68274],[-106.130559,31.682764],[-106.119732,31.682752999999998],[-106.00003,31.68283],[-105.999988,31.6797],[-105.994756,31.679688],[-105.995413,31.748172999999998],[-105.995766,31.750109],[-105.996185,31.829362999999997],[-105.99902,31.829137999999997],[-106.008376,31.829750999999998],[-106.010918,31.83062],[-106.017006,31.833924999999997],[-106.019096,31.83448],[-106.023512,31.834304],[-106.025776,31.834664],[-106.029403,31.836261999999998],[-106.032182,31.837156],[-106.041123,31.839131],[-106.046809,31.839063999999997],[-106.049644,31.838281],[-106.055877,31.834910999999998],[-106.058681,31.833925999999998],[-106.064648,31.833477],[-106.106951,31.829375],[-106.109971,31.828958999999998],[-106.132806,31.824900000000003],[-106.145242,31.822744],[-106.165755,31.820062999999998],[-106.166016,31.820038999999998]]]},"properties":{"STATEFP":"48","COUNTYFP":"141","TRACTCE":"010344","AFFGEOID":"1400000US48141010344","GEOID":"48141010344","NAME":"103.44","LSAD":"CT","ALAND":250880558,"AWATER":0}},
{"type":"Feature","geometry":{"type":"Polygon","coordinates":[[[-106.493323,31.758017],[-106.495117,31.75744],[-106.495062,31.756438],[-106.492239,31.75433],[-106.489227,31.75482],[-106.486069,31.755539],[-106.483009,31.75632],[-106.479942,31.757054],[-106.478941,31.757320999999997],[-106.479345,31.758658999999998],[-106.48014,31.759864],[-106.480801,31.760661],[-106.482723,31.762839],[-106.485263,31.761201999999997],[-106.486897,31.763567],[-106.484527,31.764896],[-106.485266,31.765731],[-106.486543,31.767182],[-106.489091,31.765546999999998],[-106.49248,31.763363],[-106.49148,31.762228999999998],[-106.491416,31.760644],[-106.493502,31.759248],[-106.493323,31.758017]]]},"properties":{"STATEFP":"48","COUNTYFP":"141","TRACTCE":"001700","AFFGEOID":"1400000US48141001700","GEOID":"48141001700","NAME":"17","LSAD":"CT","ALAND":1127843,"AWATER":0}},
{"type":"Feature","geometry":{"type":"Polygon","coordinates":[[[-106.442174,31.777614999999997],[-106.443809,31.775814999999998],[-106.443791,31.7723],[-106.443976,31.769900999999997],[-106.443895,31.767212999999998],[-106.443989,31.761639],[-106.44465137651501,31.7604844281409],[-106.43842599999999,31.756756],[-106.435479,31.755188999999998],[-106.431541,31.754209],[-106.421849,31.752927999999997],[-106.422525,31.754351],[-106.422416,31.75451],[-106.424384,31.755523999999998],[-106.425882,31.755668999999997],[-106.430837,31.755974],[-106.431637,31.756587999999997],[-106.431602,31.761369],[-106.43159299999999,31.763779],[-106.431588,31.765625999999997],[-106.43150299999999,31.766167],[-106.431541,31.768285],[-106.43155,31.768648],[-106.43168299999999,31.773673],[-106.437841,31.774507999999997],[-106.437586,31.77707],[-106.432861,31.777531999999997],[-106.442174,31.777614999999997]]]},"properties":{"STATEFP":"48","COUNTYFP":"141","TRACTCE":"003000","AFFGEOID":"1400000US48141003000","GEOID":"48141003000","NAME":"30","LSAD":"CT","ALAND":2650939,"AWATER":26379}},
{"type":"Feature","geometry":{"type":"Polygon","coordinates":[[[-106.44007,31.851943],[-106.439649,31.851654999999997],[-106.439571,31.848501],[-106.422785,31.848931999999998],[-106.422852,31.851664999999997],[-106.422919,31.854597],[-106.422939,31.855386],[-106.423024,31.858946999999997],[-106.423036,31.859761],[-106.423128,31.863046999999998],[-106.423164,31.864554],[-106.423198,31.866062999999997],[-106.423177,31.869933],[-106.427675,31.869854],[-106.428248,31.86986],[-106.431438,31.865042],[-106.431729,31.864601999999998],[-106.436278,31.857720999999998],[-106.437994,31.855113],[-106.44007,31.851943]]]},"properties":{"STATEFP":"48","COUNTYFP":"141","TRACTCE":"000301","AFFGEOID":"1400000US48141000301","GEOID":"48141000301","NAME":"3.01","LSAD":"CT","ALAND":2654932,"AWATER":0}},
{"type":"Feature","geometry":{"type":"Polygon","coordinates":[[[-106.407585,31.928369999999997],[-106.407482,31.923116999999998],[-106.40736,31.918229999999998],[-106.407276,31.914292],[-106.407263,31.913756],[-106.407157,31.910102],[-106.407077,31.906461],[-106.406969,31.902037],[-106.403988,31.906571999999997],[-106.40159,31.910199],[-106.391886,31.92485],[-106.389433,31.928352999999998],[-106.393687,31.928462999999997],[-106.407585,31.928369999999997]]]},"properties":{"STATEFP":"48","COUNTYFP":"141","TRACTCE":"000108","AFFGEOID":"1400000US48141000108","GEOID":"48141000108","NAME":"1.08","LSAD":"CT","ALAND":2494180,"AWATER":0}},
{"type":"Feature","geometry":{"type":"Polygon","coordinates":[[[-106.493743,31.850704999999998],[-106.495421,31.848505],[-106.497375,31.843307],[-106.497337,31.838808],[-106.493065,31.832261],[-106.489825,31.827109999999998],[-106.488588,31.822810999999998],[-106.48843,31.815911999999997],[-106.487123,31.812011],[-106.483959,31.806708999999998],[-106.483123,31.804007],[-106.483442,31.803206999999997],[-106.483943,31.802125],[-106.482347,31.798485999999997],[-106.482648,31.796810999999998],[-106.480951,31.795441999999998],[-106.480454,31.792194],[-106.480958,31.787564999999997],[-106.479069,31.783241999999998],[-106.475878,31.786382],[-106.475477,31.788072],[-106.473894,31.78924],[-106.472896,31.791535999999997],[-106.470656,31.792382999999997],[-106.469804,31.79302],[-106.468523,31.795029999999997],[-106.467441,31.797727],[-106.468734,31.799296],[-106.465922,31.799533],[-106.46590499999999,31.80493],[-106.462878,31.804911999999998],[-106.461366,31.804911999999998],[-106.456827,31.804941],[-106.453805,31.804931999999997],[-106.450781,31.804923],[-106.446237,31.804904999999998],[-106.442461,31.80485],[-106.442248,31.803718],[-106.442136,31.804323],[-106.441002,31.812583999999998],[-106.441611,31.812586],[-106.444239,31.812997],[-106.4462,31.813039],[-106.447712,31.813045],[-106.44922,31.813049],[-106.453757,31.813063999999997],[-106.46132,31.813091],[-106.462423,31.813097],[-106.462819,31.813958999999997],[-106.465841,31.813945999999998],[-106.465893,31.818262999999998],[-106.465844,31.820943999999997],[-106.46552199999999,31.821790999999997],[-106.471591,31.821928999999997],[-106.473795,31.822809999999997],[-106.475354,31.824116],[-106.47597,31.83244],[-106.478735,31.836494],[-106.480623,31.836486999999998],[-106.482472,31.83803],[-106.483809,31.840065],[-106.486614,31.842153999999997],[-106.489275,31.842641999999998],[-106.49009,31.844068],[-106.491796,31.848626999999997],[-106.493743,31.850704999999998]]]},"properties":{"STATEFP":"48","COUNTYFP":"141","TRACTCE":"000900","AFFGEOID":"1400000US48141000900","GEOID":"48141000900","NAME":"9","LSAD":"CT","ALAND":11949487,"AWATER":25932}},
{"type":"Feature","geometry":{"type":"Polygon","coordinates":[[[-106.618870841296,31.9160292561706],[-106.623445,31.914033999999997],[-106.625947,31.912226999999998],[-106.633668,31.909789999999997],[-106.64084,31.904598],[-106.645479,31.89867],[-106.645646,31.895649],[-106.645296,31.894859],[-106.64290000000001,31.892933],[-106.638154,31.891662999999998],[-106.633927,31.889184],[-106.630692,31.886411],[-106.63037069153701,31.885831999999997],[-106.63035287014,31.8857998857239],[-106.629197,31.883716999999997],[-106.630256993624,31.8810570909056],[-106.630799,31.879697],[-106.631429002247,31.878889935265896],[-106.622018,31.878884],[-106.616,31.879680999999998],[-106.607788,31.879607],[-106.60177,31.878988999999997],[-106.600868,31.879001],[-106.59894800000001,31.881953],[-106.597996,31.885899],[-106.597366,31.885904999999998],[-106.59906,31.890846],[-106.599299,31.892564],[-106.600942,31.908282],[-106.601349,31.915186],[-106.605288,31.915187],[-106.605839,31.915198999999998],[-106.614006,31.915198],[-106.617154,31.915331],[-106.618870841296,31.9160292561706]]]},"properties":{"STATEFP":"48","COUNTYFP":"141","TRACTCE":"010218","AFFGEOID":"1400000US48141010218","GEOID":"48141010218","NAME":"102.18","LSAD":"CT","ALAND":13422307,"AWATER":282903}},
{"type":"Feature","geometry":{"type":"Polygon","coordinates":[[[-106.443916071922,32.001206529737004],[-106.443614,31.999329999999997],[-106.443174,31.986784],[-106.425009,31.986839],[-106.424752,31.936401999999998],[-106.424436,31.932440999999997],[-106.423603,31.930694],[-106.421775,31.928748],[-106.419299,31.928153],[-106.412054,31.928279999999997],[-106.407585,31.928369999999997],[-106.407842,31.939629999999998],[-106.40863,31.973686999999998],[-106.408826,31.988142],[-106.408964681989,32.0013528679563],[-106.4093271129,32.0013496275297],[-106.411075,32.001334],[-106.443916071922,32.001206529737004]]]},"properties":{"STATEFP":"48","COUNTYFP":"141","TRACTCE":"010212","AFFGEOID":"1400000US48141010212","GEOID":"48141010212","NAME":"102.12","LSAD":"CT","ALAND":15338907,"AWATER":9518}},
{"type":"Feature","geometry":{"type":"Polygon","coordinates":[[[-106.302299,31.782518999999997],[-106.302318,31.782100999999997],[-106.302684,31.781007],[-106.303631,31.77951],[-106.303679,31.779207],[-106.30367,31.777252999999998],[-106.303658,31.775741999999997],[-106.302111,31.775736],[-106.300007,31.775934999999997],[-106.298483,31.776640999999998],[-106.297253,31.777],[-106.293559,31.777033999999997],[-106.285143,31.777029],[-106.28519299999999,31.782642],[-106.293619,31.782584],[-106.302299,31.782518999999997]]]},"properties":{"STATEFP":"48","COUNTYFP":"141","TRACTCE":"010327","AFFGEOID":"1400000US48141010327","GEOID":"48141010327","NAME":"103.27","LSAD":"CT","ALAND":1113933,"AWATER":0}},
{"type":"Feature","geometry":{"type":"Polygon","coordinates":[[[-106.327859,31.691837],[-106.328007,31.691139],[-106.328067,31.690921999999997],[-106.328124,31.690751],[-106.328574,31.690814999999997],[-106.329812,31.690959],[-106.329602,31.689777],[-106.32843,31.689442999999997],[-106.328639,31.689026],[-106.329618,31.68761],[-106.331881,31.685228],[-106.334721,31.679962999999997],[-106.335135,31.678393999999997],[-106.336021,31.67465],[-106.33264,31.673477],[-106.327459,31.674671],[-106.325911,31.685139999999997],[-106.324863,31.684897],[-106.324422,31.686031999999997],[-106.324262,31.683125999999998],[-106.319586,31.682032],[-106.319031,31.682282999999998],[-106.319163,31.682488999999997],[-106.320462,31.684579],[-106.318132,31.683934999999998],[-106.316646,31.684706],[-106.315931,31.685157],[-106.313319,31.685657],[-106.312022,31.686746999999997],[-106.316414,31.691657],[-106.324804,31.698940999999998],[-106.327227,31.696652999999998],[-106.327809,31.695428999999997],[-106.32831,31.694125999999997],[-106.327859,31.691837]]]},"properties":{"STATEFP":"48","COUNTYFP":"141","TRACTCE":"003902","AFFGEOID":"1400000US48141003902","GEOID":"48141003902","NAME":"39.02","LSAD":"CT","ALAND":2663140,"AWATER":0}},
{"type":"Feature","geometry":{"type":"Polygon","coordinates":[[[-106.494943,31.868904999999998],[-106.493867,31.863114],[-106.493647,31.861459999999997],[-106.493743,31.850704999999998],[-106.491796,31.848626999999997],[-106.49009,31.844068],[-106.489275,31.842641999999998],[-106.486614,31.842153999999997],[-106.483809,31.840065],[-106.482472,31.83803],[-106.480623,31.836486999999998],[-106.478735,31.836494],[-106.47597,31.83244],[-106.475354,31.824116],[-106.473795,31.822809999999997],[-106.471591,31.821928999999997],[-106.46552199999999,31.821790999999997],[-106.465844,31.820943999999997],[-106.465893,31.818262999999998],[-106.46433,31.818264],[-106.464343,31.823158],[-106.462343,31.824423999999997],[-106.455686,31.825675999999998],[-106.454661,31.826679],[-106.454147,31.828378999999998],[-106.454184,31.830181999999997],[-106.454402,31.832486999999997],[-106.457268,31.837056999999998],[-106.457379,31.838645999999997],[-106.45695,31.840373],[-106.453943,31.844776999999997],[-106.453479,31.846213],[-106.453349,31.847064],[-106.452658,31.847305],[-106.452819,31.851383],[-106.44976,31.851442],[-106.449804,31.853157999999997],[-106.449876,31.856185],[-106.44998,31.860543999999997],[-106.450204,31.869477999999997],[-106.453545,31.869408999999997],[-106.45373,31.869380999999997],[-106.456563,31.869325],[-106.490329,31.868508],[-106.490341,31.869297999999997],[-106.494943,31.868904999999998]]]},"properties":{"STATEFP":"48","COUNTYFP":"141","TRACTCE":"000401","AFFGEOID":"1400000US48141000401","GEOID":"48141000401","NAME":"4.01","LSAD":"CT","ALAND":16373035,"AWATER":3207}},
{"type":"Feature","geometry":{"type":"Polygon","coordinates":[[[-106.422634,31.878352],[-106.421524,31.877827999999997],[-106.41693,31.877308],[-106.412693,31.877378999999998],[-106.412763,31.880602],[-106.406356,31.880716999999997],[-106.406455,31.88477],[-106.406603,31.891989],[-106.406679,31.895561999999998],[-106.406741,31.898412999999998],[-106.406835,31.89883],[-106.406849,31.899017999999998],[-106.406969,31.902037],[-106.408992,31.898989],[-106.40910000000001,31.898835],[-106.414521,31.890632],[-106.418503,31.884608999999998],[-106.422634,31.878352]]]},"properties":{"STATEFP":"48","COUNTYFP":"141","TRACTCE":"000205","AFFGEOID":"1400000US48141000205","GEOID":"48141000205","NAME":"2.05","LSAD":"CT","ALAND":1974214,"AWATER":0}},
{"type":"Feature","geometry":{"type":"Polygon","coordinates":[[[-106.359321,31.794621999999997],[-106.359397,31.794000999999998],[-106.359256,31.792122],[-106.359202,31.789068999999998],[-106.35263,31.789937],[-106.348415,31.790495999999997],[-106.347514,31.790521],[-106.343032,31.788925],[-106.340688,31.788878999999998],[-106.335432,31.789036],[-106.333822,31.790464999999998],[-106.332585,31.791700000000002],[-106.331054,31.792081999999997],[-106.331122,31.793342],[-106.332655,31.798042],[-106.340992,31.796939],[-106.34817699999999,31.795990999999997],[-106.348528,31.795935999999998],[-106.359321,31.794621999999997]]]},"properties":{"STATEFP":"48","COUNTYFP":"141","TRACTCE":"004310","AFFGEOID":"1400000US48141004310","GEOID":"48141004310","NAME":"43.10","LSAD":"CT","ALAND":1915320,"AWATER":12181}},
{"type":"Feature","geometry":{"type":"Polygon","coordinates":[[[-106.349225,31.70396],[-106.356175,31.702315],[-106.357006,31.702187],[-106.349538,31.696710999999997],[-106.346989328666,31.6910975862575],[-106.337954334501,31.671198135220397],[-106.336379,31.671758999999998],[-106.336021,31.67465],[-106.335135,31.678393999999997],[-106.334721,31.679962999999997],[-106.331881,31.685228],[-106.329618,31.68761],[-106.328639,31.689026],[-106.32843,31.689442999999997],[-106.329602,31.689777],[-106.329812,31.690959],[-106.328574,31.690814999999997],[-106.328124,31.690751],[-106.328067,31.690921999999997],[-106.328007,31.691139],[-106.327859,31.691837],[-106.330675,31.692964999999997],[-106.335209,31.694743],[-106.337124,31.695825],[-106.34094,31.701660999999998],[-106.343289,31.705382],[-106.349225,31.70396]]]},"properties":{"STATEFP":"48","COUNTYFP":"141","TRACTCE":"003903","AFFGEOID":"1400000US48141003903","GEOID":"48141003903","NAME":"39.03","LSAD":"CT","ALAND":3767525,"AWATER":61996}},
{"type":"Feature","geometry":{"type":"Polygon","coordinates":[[[-106.106415,31.459884],[-106.111283,31.455485999999997],[-106.113791,31.457193],[-106.115655,31.455482999999997],[-106.118884,31.451735999999997],[-106.118353,31.447954],[-106.121698,31.445131999999997],[-106.121742,31.445166999999998],[-106.123409,31.446419],[-106.125635,31.447404],[-106.12649,31.447501],[-106.130304,31.446638999999998],[-106.133967,31.445234],[-106.135415,31.444567],[-106.137579,31.443527999999997],[-106.139969,31.441612],[-106.141298,31.438951],[-106.144895,31.436604],[-106.141655,31.432409999999997],[-106.142793,31.430125999999998],[-106.132782,31.425366999999998],[-106.13095617565601,31.4247687636634],[-106.129672,31.424348],[-106.127353,31.423992],[-106.12565599999999,31.423945999999997],[-106.124541,31.423728999999998],[-106.12393100295601,31.4237276570984],[-106.115002,31.423707999999998],[-106.112169,31.423578],[-106.110112,31.423016999999998],[-106.108615,31.422375],[-106.106877,31.421402999999998],[-106.103327,31.418661999999998],[-106.102622702271,31.4179838087639],[-106.09723,31.412791],[-106.088551,31.404801],[-106.084977,31.401446],[-106.082818,31.399921],[-106.080258,31.398702],[-106.076857,31.397892],[-106.074495,31.397558999999998],[-106.056998,31.396345999999998],[-106.027297,31.394128],[-106.013711,31.393334],[-106.007119,31.392839],[-106.004926,31.392457999999998],[-106.002304,31.391147],[-105.99713200125301,31.387246427542],[-105.972273,31.408312],[-106.020547,31.435354999999998],[-106.021807,31.436142],[-106.023563,31.437524],[-106.052737,31.464862],[-106.056614,31.46204],[-106.083003,31.450711],[-106.085582,31.448331],[-106.086062,31.447881],[-106.088346,31.445667],[-106.094784,31.450422],[-106.095218,31.450848999999998],[-106.095932,31.451424],[-106.106415,31.459884]]]},"properties":{"STATEFP":"48","COUNTYFP":"141","TRACTCE":"010504","AFFGEOID":"1400000US48141010504","GEOID":"48141010504","NAME":"105.04","LSAD":"CT","ALAND":70472454,"AWATER":318230}},
{"type":"Feature","geometry":{"type":"Polygon","coordinates":[[[-106.396767,31.759774],[-106.398279,31.758618],[-106.399576,31.757741],[-106.398262,31.752442],[-106.403308,31.745714],[-106.404146940172,31.744571041746298],[-106.39460217268201,31.739423990764298],[-106.391835,31.743053999999997],[-106.386781,31.749212999999997],[-106.388919,31.750930999999998],[-106.387908,31.751956999999997],[-106.394088,31.757198],[-106.394914,31.758217],[-106.396516,31.759591999999998],[-106.396767,31.759774]]]},"properties":{"STATEFP":"48","COUNTYFP":"141","TRACTCE":"003701","AFFGEOID":"1400000US48141003701","GEOID":"48141003701","NAME":"37.01","LSAD":"CT","ALAND":1837118,"AWATER":42220}},
{"type":"Feature","geometry":{"type":"Polygon","coordinates":[[[-106.432317,31.913604],[-106.432525,31.912314],[-106.433783,31.910265],[-106.433758,31.909547999999997],[-106.433691,31.906689999999998],[-106.433635,31.904432999999997],[-106.43530200000001,31.90074],[-106.434943,31.898373999999997],[-106.433176,31.898391],[-106.428945,31.898464999999998],[-106.424325,31.898708],[-106.424418,31.902813],[-106.423627,31.902821999999997],[-106.42378,31.905369999999998],[-106.423787,31.90835],[-106.423805,31.910535999999997],[-106.424052,31.913762],[-106.432317,31.913604]]]},"properties":{"STATEFP":"48","COUNTYFP":"141","TRACTCE":"000112","AFFGEOID":"1400000US48141000112","GEOID":"48141000112","NAME":"1.12","LSAD":"CT","ALAND":1584235,"AWATER":0}},
{"type":"Feature","geometry":{"type":"Polygon","coordinates":[[[-106.179718,31.655469999999998],[-106.178493,31.653828999999998],[-106.182558,31.652234],[-106.184336,31.651028],[-106.184356,31.654014],[-106.197154,31.654044],[-106.19818,31.654041],[-106.234989,31.654297],[-106.234762,31.653354999999998],[-106.225306,31.641164999999997],[-106.223929,31.639393],[-106.21833,31.632177],[-106.210859,31.622543999999998],[-106.193551,31.600223],[-106.189388,31.594849999999997],[-106.146591,31.597755999999997],[-106.14689,31.616944],[-106.146629,31.618130999999998],[-106.146654,31.624806],[-106.147009,31.62697],[-106.147147,31.639525],[-106.147186,31.654149],[-106.162726,31.654028],[-106.166828,31.654324],[-106.171223,31.657511],[-106.174238,31.658389999999997],[-106.177112,31.656830999999997],[-106.179718,31.655469999999998]]]},"properties":{"STATEFP":"48","COUNTYFP":"141","TRACTCE":"010334","AFFGEOID":"1400000US48141010334","GEOID":"48141010334","NAME":"103.34","LSAD":"CT","ALAND":40412581,"AWATER":0}},
{"type":"Feature","geometry":{"type":"Polygon","coordinates":[[[-106.288370539647,31.586107809969597],[-106.287785,31.584445],[-106.285257948653,31.5761628592582],[-106.281141,31.562669999999997],[-106.280472,31.56175],[-106.274248,31.564954],[-106.264156,31.570166999999998],[-106.264589,31.571019],[-106.264598,31.572008999999998],[-106.271152,31.575048],[-106.270548,31.57613],[-106.271513,31.577036],[-106.272986,31.580023999999998],[-106.269288,31.581072],[-106.270335,31.584581],[-106.272241,31.586582999999997],[-106.272125,31.588856999999997],[-106.273386,31.592384],[-106.273798,31.597761],[-106.276595,31.597209999999997],[-106.28024,31.599497999999997],[-106.28073,31.597175999999997],[-106.278928,31.591804999999997],[-106.27941,31.591579],[-106.280797,31.590059],[-106.287515,31.586316],[-106.288370539647,31.586107809969597]]]},"properties":{"STATEFP":"48","COUNTYFP":"141","TRACTCE":"010406","AFFGEOID":"1400000US48141010406","GEOID":"48141010406","NAME":"104.06","LSAD":"CT","ALAND":4572348,"AWATER":62461}},
{"type":"Feature","geometry":{"type":"Polygon","coordinates":[[[-106.506717,31.766451],[-106.507991,31.766267],[-106.508453,31.766008],[-106.505443,31.762216],[-106.503788,31.760202999999997],[-106.502972,31.759553999999998],[-106.498854,31.758072],[-106.493323,31.758017],[-106.493502,31.759248],[-106.491416,31.760644],[-106.49148,31.762228999999998],[-106.49248,31.763363],[-106.489091,31.765546999999998],[-106.48973,31.766268],[-106.491647,31.768445999999997],[-106.494201,31.771348],[-106.495893,31.770255],[-106.498444,31.768617],[-106.500999,31.766973],[-106.504446,31.765012],[-106.506717,31.766451]]]},"properties":{"STATEFP":"48","COUNTYFP":"141","TRACTCE":"001600","AFFGEOID":"1400000US48141001600","GEOID":"48141001600","NAME":"16","LSAD":"CT","ALAND":1470082,"AWATER":0}},
{"type":"Feature","geometry":{"type":"Polygon","coordinates":[[[-106.215483,31.682741],[-106.220354,31.682181999999997],[-106.22369499999999,31.680843999999997],[-106.226686,31.678646999999998],[-106.229209,31.675116],[-106.229696,31.673866],[-106.230143,31.671678999999997],[-106.229848,31.665063999999997],[-106.230406,31.663812999999998],[-106.231239,31.663006999999997],[-106.237471,31.66107],[-106.239746,31.659772],[-106.234762,31.653354999999998],[-106.234989,31.654297],[-106.19818,31.654041],[-106.197154,31.654044],[-106.184356,31.654014],[-106.184336,31.651028],[-106.182558,31.652234],[-106.178493,31.653828999999998],[-106.179718,31.655469999999998],[-106.185448,31.663013],[-106.188972,31.667624999999997],[-106.189353,31.668512],[-106.191152,31.670907999999997],[-106.18886499999999,31.671993999999998],[-106.181292,31.671709999999997],[-106.181418,31.682744999999997],[-106.187576,31.682733],[-106.197626,31.682729],[-106.200235,31.682723],[-106.200379,31.682722],[-106.215483,31.682741]]]},"properties":{"STATEFP":"48","COUNTYFP":"141","TRACTCE":"010332","AFFGEOID":"1400000US48141010332","GEOID":"48141010332","NAME":"103.32","LSAD":"CT","ALAND":14297884,"AWATER":0}},
{"type":"Feature","geometry":{"type":"Polygon","coordinates":[[[-106.36521,31.753670999999997],[-106.365195,31.753168],[-106.365169,31.749981],[-106.365144,31.748672],[-106.367476,31.746170999999997],[-106.365211,31.743349],[-106.362636,31.74251],[-106.36107,31.741293],[-106.353995,31.741381999999998],[-106.35402,31.741896999999998],[-106.352747,31.741725],[-106.350852,31.741182],[-106.350726,31.742096],[-106.350776,31.747991],[-106.3508,31.751478],[-106.351705,31.754648999999997],[-106.352508,31.7544],[-106.353961,31.753687999999997],[-106.359448,31.753693],[-106.36521,31.753670999999997]]]},"properties":{"STATEFP":"48","COUNTYFP":"141","TRACTCE":"004201","AFFGEOID":"1400000US48141004201","GEOID":"48141004201","NAME":"42.01","LSAD":"CT","ALAND":1854660,"AWATER":0}},
{"type":"Feature","geometry":{"type":"Polygon","coordinates":[[[-106.356001,31.773206],[-106.355884,31.766467],[-106.355821,31.764215],[-106.355516,31.762715],[-106.355104,31.759867999999997],[-106.355635,31.759092],[-106.349674,31.755412],[-106.345255,31.752675999999997],[-106.342257,31.756370999999998],[-106.339985,31.759124],[-106.33969,31.760285999999997],[-106.339744,31.76558],[-106.339811,31.772126],[-106.34165899999999,31.772104],[-106.345199,31.770654999999998],[-106.346938,31.770516999999998],[-106.348829,31.770478999999998],[-106.350201,31.770953],[-106.352181,31.773093999999997],[-106.355823,31.773206],[-106.356001,31.773206]]]},"properties":{"STATEFP":"48","COUNTYFP":"141","TRACTCE":"004318","AFFGEOID":"1400000US48141004318","GEOID":"48141004318","NAME":"43.18","LSAD":"CT","ALAND":2643701,"AWATER":0}},
{"type":"Feature","geometry":{"type":"Polygon","coordinates":[[[-106.32325,31.783783],[-106.323227,31.77922],[-106.322529,31.776788],[-106.322113,31.775603999999998],[-106.32135,31.774189],[-106.319577,31.771255999999997],[-106.319116,31.769031],[-106.312992,31.769095],[-106.311355,31.769406999999998],[-106.311908,31.771003],[-106.311888,31.775479999999998],[-106.312456,31.775864],[-106.311634,31.776794],[-106.312076,31.777265999999997],[-106.312381,31.780238999999998],[-106.312688,31.783796],[-106.313921,31.783789],[-106.318654,31.783776999999997],[-106.32325,31.783783]]]},"properties":{"STATEFP":"48","COUNTYFP":"141","TRACTCE":"010316","AFFGEOID":"1400000US48141010316","GEOID":"48141010316","NAME":"103.16","LSAD":"CT","ALAND":1496993,"AWATER":0}},
{"type":"Feature","geometry":{"type":"Polygon","coordinates":[[[-106.423177,31.869933],[-106.423198,31.866062999999997],[-106.423164,31.864554],[-106.423128,31.863046999999998],[-106.423036,31.859761],[-106.423024,31.858946999999997],[-106.422939,31.855386],[-106.422919,31.854597],[-106.422852,31.851664999999997],[-106.422785,31.848931999999998],[-106.422461,31.846961999999998],[-106.421604,31.846805999999997],[-106.416211,31.855342999999998],[-106.406896,31.870016999999997],[-106.407224,31.870223],[-106.415203,31.870077],[-106.41719,31.870041999999998],[-106.423177,31.869933]]]},"properties":{"STATEFP":"48","COUNTYFP":"141","TRACTCE":"000302","AFFGEOID":"1400000US48141000302","GEOID":"48141000302","NAME":"3.02","LSAD":"CT","ALAND":2135794,"AWATER":0}},
{"type":"Feature","geometry":{"type":"Polygon","coordinates":[[[-106.461439,31.785507],[-106.465586,31.782929],[-106.461463,31.779684],[-106.461485,31.778264999999998],[-106.459974,31.778264],[-106.452572,31.778236],[-106.451075,31.778209999999998],[-106.450888,31.778198999999997],[-106.446485,31.777624],[-106.44354,31.777617],[-106.442174,31.777614999999997],[-106.432861,31.777531999999997],[-106.432866,31.780749999999998],[-106.43374299999999,31.779401],[-106.437538,31.779533999999998],[-106.437467,31.783600999999997],[-106.441135,31.783638],[-106.441361,31.783638],[-106.443517,31.783638999999997],[-106.449568,31.783676999999997],[-106.450838,31.783686],[-106.455379,31.783714],[-106.45841,31.783731],[-106.458386,31.785763999999997],[-106.458375,31.787150999999998],[-106.461439,31.785507]]]},"properties":{"STATEFP":"48","COUNTYFP":"141","TRACTCE":"002600","AFFGEOID":"1400000US48141002600","GEOID":"48141002600","NAME":"26","LSAD":"CT","ALAND":1782879,"AWATER":0}},
{"type":"Feature","geometry":{"type":"Polygon","coordinates":[[[-106.362636,31.74251],[-106.3643,31.741812],[-106.364911,31.741661999999998],[-106.372761,31.741719],[-106.375096,31.741743],[-106.371794,31.738943],[-106.365486,31.733579],[-106.363528,31.731911999999998],[-106.352,31.722099],[-106.351402,31.722801999999998],[-106.349908,31.727190999999998],[-106.347943,31.728589999999997],[-106.346436,31.729702],[-106.34823,31.729836],[-106.352418,31.731827],[-106.35226,31.733601],[-106.352054,31.740174],[-106.353944,31.740275999999998],[-106.353995,31.741381999999998],[-106.36107,31.741293],[-106.362636,31.74251]]]},"properties":{"STATEFP":"48","COUNTYFP":"141","TRACTCE":"003502","AFFGEOID":"1400000US48141003502","GEOID":"48141003502","NAME":"35.02","LSAD":"CT","ALAND":2521779,"AWATER":0}},
{"type":"Feature","geometry":{"type":"Polygon","coordinates":[[[-106.605746,31.846238999999997],[-106.605245,31.845905],[-106.602045,31.844405],[-106.601945,31.839605],[-106.60342498963301,31.834395632517797],[-106.605267,31.827911999999998],[-106.602727,31.825024],[-106.60216292705901,31.825016205261004],[-106.593826,31.824900999999997],[-106.589045,31.822706],[-106.588045,31.822105999999998],[-106.582144,31.815506],[-106.581344,31.813906],[-106.577244,31.810405999999997],[-106.570944,31.810205999999997],[-106.56900950454201,31.811668667297496],[-106.566844,31.813305999999997],[-106.563444,31.812606],[-106.562945,31.811104],[-106.558444,31.810405999999997],[-106.55082722424301,31.808315767998003],[-106.556162,31.811016],[-106.562066,31.816955999999998],[-106.57041100000001,31.827517],[-106.576459,31.835175],[-106.578363,31.837712999999997],[-106.580055,31.841286],[-106.591498,31.843497],[-106.59849,31.844842999999997],[-106.605746,31.846238999999997]]]},"properties":{"STATEFP":"48","COUNTYFP":"141","TRACTCE":"001302","AFFGEOID":"1400000US48141001302","GEOID":"48141001302","NAME":"13.02","LSAD":"CT","ALAND":8727629,"AWATER":7411}},
{"type":"Feature","geometry":{"type":"Polygon","coordinates":[[[-106.439108,31.819059999999997],[-106.439843,31.817349],[-106.440583,31.814833999999998],[-106.441002,31.812583999999998],[-106.439356,31.812606],[-106.439319,31.81261],[-106.430897,31.812638999999997],[-106.421568,31.813069],[-106.421143,31.811676],[-106.419715,31.809936999999998],[-106.404392,31.798071999999998],[-106.404216,31.797932999999997],[-106.40450799999999,31.819826],[-106.40464,31.824976],[-106.405556,31.825635],[-106.407249,31.826261],[-106.409044,31.826459],[-106.421903,31.826441],[-106.43484,31.825929],[-106.434919,31.825803999999998],[-106.439108,31.819059999999997]]]},"properties":{"STATEFP":"48","COUNTYFP":"141","TRACTCE":"010102","AFFGEOID":"1400000US48141010102","GEOID":"48141010102","NAME":"101.02","LSAD":"CT","ALAND":6261504,"AWATER":0}},
{"type":"Feature","geometry":{"type":"Polygon","coordinates":[[[-106.62691088287501,31.990476537349398],[-106.626971,31.988947],[-106.625887,31.988149],[-106.617082,31.979822],[-106.613985,31.976526],[-106.612031,31.975285999999997],[-106.610471,31.974601],[-106.609206,31.97385],[-106.607853,31.971487],[-106.605856,31.969134999999998],[-106.605298,31.968816999999998],[-106.604697,31.969125],[-106.604265,31.969261999999997],[-106.60454,31.973961],[-106.585296,31.97402],[-106.583406,31.974731],[-106.582636,31.974553999999998],[-106.582635,31.975870999999998],[-106.582635,31.995776999999997],[-106.582639021187,32.0007514333724],[-106.582678,32.0007514155868],[-106.587972,32.000749],[-106.591890839803,32.000764438983005],[-106.595333,32.000778],[-106.59862,32.000754137931004],[-106.598639,32.000754],[-106.599096,32.000731],[-106.607003960449,32.000634750455596],[-106.618486,32.000495],[-106.61849333695801,32.0004510545216],[-106.619448,31.994733],[-106.623568,31.990999],[-106.62691088287501,31.990476537349398]]]},"properties":{"STATEFP":"48","COUNTYFP":"141","TRACTCE":"010203","AFFGEOID":"1400000US48141010203","GEOID":"48141010203","NAME":"102.03","LSAD":"CT","ALAND":10494891,"AWATER":67742}},
{"type":"Feature","geometry":{"type":"Polygon","coordinates":[[[-106.509365,31.805213],[-106.509635,31.802985],[-106.511232,31.798275999999998],[-106.511185,31.795211],[-106.510775,31.794303],[-106.508471,31.792583999999998],[-106.508158,31.792044999999998],[-106.506275,31.785593],[-106.507488,31.784302],[-106.507237,31.782463999999997],[-106.505449,31.782541],[-106.503751,31.782874999999997],[-106.497723,31.782403],[-106.496201,31.783800000000003],[-106.493623,31.785251],[-106.493256,31.784523],[-106.489846,31.784782999999997],[-106.487688,31.787585999999997],[-106.486274,31.786573999999998],[-106.484454,31.785390999999997],[-106.483337,31.785968999999998],[-106.482368,31.784162],[-106.480336,31.782535],[-106.479069,31.783241999999998],[-106.480958,31.787564999999997],[-106.480454,31.792194],[-106.480951,31.795441999999998],[-106.482648,31.796810999999998],[-106.482347,31.798485999999997],[-106.483943,31.802125],[-106.483442,31.803206999999997],[-106.503209,31.805115999999998],[-106.507577,31.805096],[-106.509365,31.805213]]]},"properties":{"STATEFP":"48","COUNTYFP":"141","TRACTCE":"001501","AFFGEOID":"1400000US48141001501","GEOID":"48141001501","NAME":"15.01","LSAD":"CT","ALAND":5877336,"AWATER":0}},
{"type":"Feature","geometry":{"type":"Polygon","coordinates":[[[-106.442248,31.803718],[-106.442396,31.803144],[-106.443126,31.801254],[-106.441361,31.801313999999998],[-106.440918,31.801308],[-106.438835,31.80125],[-106.43609000000001,31.801258999999998],[-106.431305,31.797017],[-106.430693,31.797010999999998],[-106.430712,31.79495],[-106.426158,31.792448],[-106.42007100000001,31.7891],[-106.41645199999999,31.789122],[-106.415314,31.789172999999998],[-106.416668,31.791193],[-106.409677,31.791145999999998],[-106.409651,31.793014],[-106.40484000000001,31.791514999999997],[-106.404162,31.793519999999997],[-106.40421,31.797645],[-106.404216,31.797932999999997],[-106.404392,31.798071999999998],[-106.419715,31.809936999999998],[-106.421143,31.811676],[-106.421568,31.813069],[-106.430897,31.812638999999997],[-106.439319,31.81261],[-106.439356,31.812606],[-106.441002,31.812583999999998],[-106.442136,31.804323],[-106.442248,31.803718]]]},"properties":{"STATEFP":"48","COUNTYFP":"141","TRACTCE":"010103","AFFGEOID":"1400000US48141010103","GEOID":"48141010103","NAME":"101.03","LSAD":"CT","ALAND":5941953,"AWATER":0}},
{"type":"Feature","geometry":{"type":"Polygon","coordinates":[[[-106.40450799999999,31.819826],[-106.404216,31.797932999999997],[-106.40421,31.797645],[-106.401861,31.795810999999997],[-106.400155,31.79584],[-106.400205,31.797897],[-106.397167,31.798876],[-106.394472,31.798938],[-106.39079100000001,31.795689999999997],[-106.392712,31.796277999999997],[-106.393666,31.794918],[-106.393167,31.791722999999998],[-106.378672,31.793542],[-106.378605,31.795783999999998],[-106.377944,31.796312999999998],[-106.372434,31.796736],[-106.372561,31.79837],[-106.361311,31.797759],[-106.348033,31.79751],[-106.34817699999999,31.795990999999997],[-106.340992,31.796939],[-106.332655,31.798042],[-106.33047,31.798344],[-106.329852,31.79847],[-106.330856,31.840999],[-106.343867,31.840813999999998],[-106.347769,31.84065],[-106.34932,31.840194],[-106.352716,31.83852],[-106.358575,31.834265],[-106.364043,31.829846],[-106.36636,31.828184999999998],[-106.378519,31.820601999999997],[-106.381393,31.820086999999997],[-106.403189,31.819526],[-106.40450799999999,31.819826]]]},"properties":{"STATEFP":"48","COUNTYFP":"141","TRACTCE":"980000","AFFGEOID":"1400000US48141980000","GEOID":"48141980000","NAME":"9800","LSAD":"CT","ALAND":25504886,"AWATER":0}},
{"type":"Feature","geometry":{"type":"Polygon","coordinates":[[[-106.323317,31.791542999999997],[-106.323286,31.787695999999997],[-106.32325,31.783783],[-106.318654,31.783776999999997],[-106.313921,31.783789],[-106.312688,31.783796],[-106.306759,31.783727],[-106.30375,31.782687],[-106.302299,31.782518999999997],[-106.302323,31.790518],[-106.307207,31.790491999999997],[-106.312848,31.790445],[-106.31403399999999,31.790436999999997],[-106.316391,31.790436],[-106.318779,31.790675999999998],[-106.320322,31.790723],[-106.323317,31.791542999999997]]]},"properties":{"STATEFP":"48","COUNTYFP":"141","TRACTCE":"010312","AFFGEOID":"1400000US48141010312","GEOID":"48141010312","NAME":"103.12","LSAD":"CT","ALAND":1537960,"AWATER":0}},
{"type":"Feature","geometry":{"type":"Polygon","coordinates":[[[-106.447249,31.796052999999997],[-106.448648,31.794428],[-106.449524,31.793409999999998],[-106.449509,31.790802],[-106.449546,31.786706],[-106.449568,31.783676999999997],[-106.443517,31.783638999999997],[-106.441361,31.783638],[-106.441135,31.783638],[-106.437467,31.783600999999997],[-106.437451,31.785636],[-106.432878,31.785608],[-106.431568,31.786966],[-106.431554,31.788553],[-106.431484,31.791862],[-106.43133,31.795216999999997],[-106.431305,31.797017],[-106.43609000000001,31.801258999999998],[-106.438835,31.80125],[-106.440918,31.801308],[-106.441361,31.801313999999998],[-106.443126,31.801254],[-106.444141,31.799671],[-106.447249,31.796052999999997]]]},"properties":{"STATEFP":"48","COUNTYFP":"141","TRACTCE":"002500","AFFGEOID":"1400000US48141002500","GEOID":"48141002500","NAME":"25","LSAD":"CT","ALAND":2841122,"AWATER":0}},
{"type":"Feature","geometry":{"type":"Polygon","coordinates":[[[-106.43155,31.768648],[-106.431541,31.768285],[-106.43150299999999,31.766167],[-106.431588,31.765625999999997],[-106.43159299999999,31.763779],[-106.431602,31.761369],[-106.431637,31.756587999999997],[-106.430837,31.755974],[-106.425882,31.755668999999997],[-106.424384,31.755523999999998],[-106.422416,31.75451],[-106.42174,31.756708999999997],[-106.421832,31.761405999999997],[-106.421922,31.767618],[-106.421881,31.771074],[-106.426857,31.770032999999998],[-106.429338,31.768849999999997],[-106.43155,31.768648]]]},"properties":{"STATEFP":"48","COUNTYFP":"141","TRACTCE":"003100","AFFGEOID":"1400000US48141003100","GEOID":"48141003100","NAME":"31","LSAD":"CT","ALAND":1469597,"AWATER":0}},
{"type":"Feature","geometry":{"type":"Polygon","coordinates":[[[-106.577039,31.863622],[-106.57434,31.852560999999998],[-106.572638,31.846034999999997],[-106.570159,31.839302999999997],[-106.559132,31.837251],[-106.559592,31.841395],[-106.560419,31.848532],[-106.561059,31.849577999999998],[-106.560536,31.849857999999998],[-106.562172,31.852634],[-106.564066,31.854156999999997],[-106.563109,31.854836],[-106.561078,31.859527999999997],[-106.563017,31.859893],[-106.566151,31.862664],[-106.567724,31.863457999999998],[-106.577039,31.863622]]]},"properties":{"STATEFP":"48","COUNTYFP":"141","TRACTCE":"001202","AFFGEOID":"1400000US48141001202","GEOID":"48141001202","NAME":"12.02","LSAD":"CT","ALAND":3153661,"AWATER":90060}},
{"type":"Feature","geometry":{"type":"Polygon","coordinates":[[[-106.273798,31.597761],[-106.273386,31.592384],[-106.272125,31.588856999999997],[-106.272241,31.586582999999997],[-106.270335,31.584581],[-106.269288,31.581072],[-106.272986,31.580023999999998],[-106.271513,31.577036],[-106.270548,31.57613],[-106.271152,31.575048],[-106.264598,31.572008999999998],[-106.264889,31.573245],[-106.260749,31.575716],[-106.25998799999999,31.578038999999997],[-106.257587,31.581222999999998],[-106.25433,31.58412],[-106.252532,31.584252999999997],[-106.246763,31.584705],[-106.251677,31.594012],[-106.253896,31.598488],[-106.254282,31.599254],[-106.256988,31.599459],[-106.258758,31.599411999999997],[-106.26357,31.599697],[-106.266337,31.60261],[-106.269014,31.602154],[-106.271184,31.600894999999998],[-106.272713,31.597941],[-106.273798,31.597761]]]},"properties":{"STATEFP":"48","COUNTYFP":"141","TRACTCE":"010407","AFFGEOID":"1400000US48141010407","GEOID":"48141010407","NAME":"104.07","LSAD":"CT","ALAND":5072821,"AWATER":0}},
{"type":"Feature","geometry":{"type":"Polygon","coordinates":[[[-106.484527,31.764896],[-106.486897,31.763567],[-106.485263,31.761201999999997],[-106.482723,31.762839],[-106.480801,31.760661],[-106.48014,31.759864],[-106.479345,31.758658999999998],[-106.474419,31.760794999999998],[-106.473624,31.761025999999998],[-106.467672,31.764007],[-106.467672,31.763346],[-106.463508,31.765423],[-106.46638899999999,31.768797],[-106.468946,31.771697],[-106.469391,31.772589],[-106.473494,31.769955],[-106.473482,31.771973],[-106.484527,31.764896]]]},"properties":{"STATEFP":"48","COUNTYFP":"141","TRACTCE":"002100","AFFGEOID":"1400000US48141002100","GEOID":"48141002100","NAME":"21","LSAD":"CT","ALAND":1646385,"AWATER":5060}},
{"type":"Feature","geometry":{"type":"Polygon","coordinates":[[[-106.211898,31.699340999999997],[-106.211891,31.698984],[-106.211493,31.697263999999997],[-106.215648,31.697274],[-106.21562,31.694325],[-106.215483,31.682741],[-106.200379,31.682722],[-106.200235,31.682723],[-106.197626,31.682729],[-106.187576,31.682733],[-106.187918,31.684955],[-106.193869,31.694416999999998],[-106.196358,31.699319],[-106.197771,31.699319],[-106.198776,31.699306],[-106.211678,31.699333999999997],[-106.211898,31.699340999999997]]]},"properties":{"STATEFP":"48","COUNTYFP":"141","TRACTCE":"010343","AFFGEOID":"1400000US48141010343","GEOID":"48141010343","NAME":"103.43","LSAD":"CT","ALAND":4057987,"AWATER":13207}},
{"type":"Feature","geometry":{"type":"Polygon","coordinates":[[[-106.561078,31.859527999999997],[-106.563109,31.854836],[-106.564066,31.854156999999997],[-106.562172,31.852634],[-106.560536,31.849857999999998],[-106.557085,31.849460999999998],[-106.555141,31.851556],[-106.552194,31.852921],[-106.55007,31.853706],[-106.544658,31.852375],[-106.543693,31.852375],[-106.541804,31.852373999999998],[-106.534723,31.852991999999997],[-106.533383,31.853455],[-106.531847,31.854398],[-106.52929,31.854340999999998],[-106.524147,31.855380999999998],[-106.52063,31.857415],[-106.521766,31.859634999999997],[-106.52352,31.858926999999998],[-106.525887,31.860656],[-106.529917,31.861210999999997],[-106.532296,31.859996],[-106.536567,31.860971],[-106.539779,31.861013],[-106.54127,31.860740999999997],[-106.542815,31.860719999999997],[-106.545193,31.860498999999997],[-106.546538,31.85954],[-106.549454,31.861931],[-106.550184,31.861500000000003],[-106.555946,31.859699],[-106.55777499999999,31.859513],[-106.561078,31.859527999999997]]]},"properties":{"STATEFP":"48","COUNTYFP":"141","TRACTCE":"001107","AFFGEOID":"1400000US48141001107","GEOID":"48141001107","NAME":"11.07","LSAD":"CT","ALAND":3185361,"AWATER":0}},
{"type":"Feature","geometry":{"type":"Polygon","coordinates":[[[-106.631429002247,31.878889935265896],[-106.634873,31.874478],[-106.63588,31.871513999999998],[-106.635926,31.866235],[-106.63250459907701,31.8638571305731],[-106.629701387774,31.8619089021707],[-106.627808,31.860592999999998],[-106.625763,31.856275999999998],[-106.621857,31.852853999999997],[-106.614637,31.84649],[-106.61281072443401,31.8464515717721],[-106.605845,31.846304999999997],[-106.605746,31.846238999999997],[-106.605949,31.846739999999997],[-106.606455,31.851748999999998],[-106.603903,31.864622999999998],[-106.603681,31.865854],[-106.595974,31.866114],[-106.595973,31.864863],[-106.595983,31.864455999999997],[-106.597688,31.859911],[-106.588603,31.859918999999998],[-106.587386,31.860187999999997],[-106.594117,31.877537],[-106.594634,31.878867999999997],[-106.597366,31.885904999999998],[-106.597996,31.885899],[-106.59894800000001,31.881953],[-106.600868,31.879001],[-106.60177,31.878988999999997],[-106.607788,31.879607],[-106.616,31.879680999999998],[-106.622018,31.878884],[-106.631429002247,31.878889935265896]]]},"properties":{"STATEFP":"48","COUNTYFP":"141","TRACTCE":"010219","AFFGEOID":"1400000US48141010219","GEOID":"48141010219","NAME":"102.19","LSAD":"CT","ALAND":10470745,"AWATER":134572}},
{"type":"Feature","geometry":{"type":"Polygon","coordinates":[[[-106.451075,31.778209999999998],[-106.452401,31.777555],[-106.452436,31.773342],[-106.452445,31.772347],[-106.452453,31.771331],[-106.452539,31.769616],[-106.450939,31.769302],[-106.450807,31.769257999999997],[-106.450873,31.769092999999998],[-106.450902,31.769008999999997],[-106.450948,31.76877],[-106.451567,31.766992],[-106.45156004536202,31.7643541535432],[-106.45116676083902,31.7643310394528],[-106.451064,31.764325],[-106.44465137651501,31.7604844281409],[-106.443989,31.761639],[-106.443895,31.767212999999998],[-106.443976,31.769900999999997],[-106.443791,31.7723],[-106.443809,31.775814999999998],[-106.442174,31.777614999999997],[-106.44354,31.777617],[-106.446485,31.777624],[-106.450888,31.778198999999997],[-106.451075,31.778209999999998]]]},"properties":{"STATEFP":"48","COUNTYFP":"141","TRACTCE":"002900","AFFGEOID":"1400000US48141002900","GEOID":"48141002900","NAME":"29","LSAD":"CT","ALAND":1292832,"AWATER":8385}},
{"type":"Feature","geometry":{"type":"Polygon","coordinates":[[[-106.212425,31.592426999999997],[-106.208792,31.589298999999997],[-106.214023,31.586254],[-106.218076,31.585234],[-106.222552,31.58559],[-106.214236,31.576207],[-106.208954,31.570225999999998],[-106.192634,31.551778],[-106.185427,31.543637999999998],[-106.180362,31.537754],[-106.172061,31.525223999999998],[-106.17039199999999,31.522669999999998],[-106.165477,31.515162999999998],[-106.160485,31.507506999999997],[-106.157816,31.503442],[-106.15643299999999,31.504434],[-106.14970000000001,31.509221],[-106.1447,31.512655],[-106.135742,31.516907],[-106.131252,31.519374],[-106.128705,31.51605],[-106.122338,31.507845999999997],[-106.120351,31.505768],[-106.116036,31.502902],[-106.105926,31.497386],[-106.103687,31.496156],[-106.064967,31.474932],[-106.062178,31.473186],[-106.059331,31.470993],[-106.052737,31.464862],[-106.023563,31.437524],[-106.021807,31.436142],[-106.020547,31.435354999999998],[-105.972273,31.408312],[-105.954328,31.423468],[-105.958548,31.423461],[-105.959262,31.478417],[-105.993255,31.478392],[-105.992695,31.500109],[-105.993415,31.563751999999997],[-105.993889,31.606693999999997],[-106.146591,31.597755999999997],[-106.189388,31.594849999999997],[-106.189685,31.594838],[-106.202693,31.593920999999998],[-106.208376,31.597745999999997],[-106.207925,31.594783],[-106.212425,31.592426999999997]]]},"properties":{"STATEFP":"48","COUNTYFP":"141","TRACTCE":"010502","AFFGEOID":"1400000US48141010502","GEOID":"48141010502","NAME":"105.02","LSAD":"CT","ALAND":274409094,"AWATER":38025}},
{"type":"Feature","geometry":{"type":"Polygon","coordinates":[[[-106.486274,31.786573999999998],[-106.487484,31.783116],[-106.491768,31.779708999999997],[-106.491955,31.777458999999997],[-106.491709,31.775347999999997],[-106.494171,31.772484],[-106.49653,31.770975999999997],[-106.495893,31.770255],[-106.494201,31.771348],[-106.491651,31.772986],[-106.490377,31.771528999999997],[-106.488681,31.772623],[-106.487579,31.775142],[-106.486138,31.776193],[-106.481858,31.771331999999997],[-106.475825,31.775209999999998],[-106.473908,31.773042999999998],[-106.473476,31.773318999999997],[-106.473455,31.776736999999997],[-106.473508,31.777821999999997],[-106.47355400000001,31.783251999999997],[-106.473546,31.787646],[-106.470502,31.787767],[-106.470498,31.789588],[-106.470484,31.791393999999997],[-106.468974,31.792294],[-106.470656,31.792382999999997],[-106.472896,31.791535999999997],[-106.473894,31.78924],[-106.475477,31.788072],[-106.475878,31.786382],[-106.479069,31.783241999999998],[-106.480336,31.782535],[-106.482368,31.784162],[-106.483337,31.785968999999998],[-106.484454,31.785390999999997],[-106.486274,31.786573999999998]]]},"properties":{"STATEFP":"48","COUNTYFP":"141","TRACTCE":"002201","AFFGEOID":"1400000US48141002201","GEOID":"48141002201","NAME":"22.01","LSAD":"CT","ALAND":2260324,"AWATER":44370}},
{"type":"Feature","geometry":{"type":"Polygon","coordinates":[[[-106.301928,31.751496999999997],[-106.30186,31.746126999999998],[-106.301836,31.744501],[-106.301825,31.742601999999998],[-106.301751,31.734996],[-106.30172,31.731762999999997],[-106.302927,31.72842],[-106.302914,31.725157999999997],[-106.301662,31.725438999999998],[-106.300532,31.726264999999998],[-106.291871,31.737948999999997],[-106.290412,31.739866],[-106.286616,31.743859999999998],[-106.2873,31.744749],[-106.287062,31.746468999999998],[-106.287328,31.747712],[-106.288123,31.748534999999997],[-106.295213,31.750528],[-106.299181,31.751493999999997],[-106.301928,31.751496999999997]]]},"properties":{"STATEFP":"48","COUNTYFP":"141","TRACTCE":"004316","AFFGEOID":"1400000US48141004316","GEOID":"48141004316","NAME":"43.16","LSAD":"CT","ALAND":2504376,"AWATER":0}},
{"type":"Feature","geometry":{"type":"Polygon","coordinates":[[[-106.266343,31.626433],[-106.28094899999999,31.619881],[-106.285201,31.617987999999997],[-106.292027,31.629255999999998],[-106.297811,31.638742999999998],[-106.299536,31.638599],[-106.300845,31.638858],[-106.30248,31.636156999999997],[-106.306046,31.634076],[-106.30762555862401,31.628945605394296],[-106.303614,31.622488999999998],[-106.30360402546701,31.6224680362831],[-106.303034,31.62127],[-106.302831,31.620176999999998],[-106.302886,31.6186],[-106.300617,31.613262],[-106.300848,31.611431999999997],[-106.300889,31.609624],[-106.297761,31.604305999999998],[-106.296671,31.603509],[-106.29566688688301,31.6010382682874],[-106.292939,31.594326],[-106.28874,31.587156999999998],[-106.28847265086601,31.5863977844481],[-106.288370539647,31.586107809969597],[-106.287515,31.586316],[-106.280797,31.590059],[-106.27941,31.591579],[-106.278928,31.591804999999997],[-106.28073,31.597175999999997],[-106.28024,31.599497999999997],[-106.276595,31.597209999999997],[-106.273798,31.597761],[-106.272713,31.597941],[-106.271184,31.600894999999998],[-106.269014,31.602154],[-106.266337,31.60261],[-106.26357,31.599697],[-106.258758,31.599411999999997],[-106.256988,31.599459],[-106.254282,31.599254],[-106.258811,31.608144999999997],[-106.259374,31.610045999999997],[-106.259635,31.610885999999997],[-106.262995,31.622106],[-106.264258,31.624017],[-106.266343,31.626433]]]},"properties":{"STATEFP":"48","COUNTYFP":"141","TRACTCE":"010405","AFFGEOID":"1400000US48141010405","GEOID":"48141010405","NAME":"104.05","LSAD":"CT","ALAND":12753614,"AWATER":620822}},
{"type":"Feature","geometry":{"type":"Polygon","coordinates":[[[-106.42007100000001,31.7891],[-106.420216,31.788203],[-106.42004,31.783701999999998],[-106.418008,31.783794],[-106.419996,31.781913999999997],[-106.412398,31.777051999999998],[-106.407141,31.773664],[-106.401943,31.781118999999997],[-106.406989,31.781938],[-106.401149,31.78247],[-106.397779,31.781305],[-106.398282,31.789486],[-106.395075,31.789918999999998],[-106.394673,31.789973],[-106.387993,31.790847999999997],[-106.37809,31.792163],[-106.371934,31.79298],[-106.361571,31.794338],[-106.359321,31.794621999999997],[-106.348528,31.795935999999998],[-106.34817699999999,31.795990999999997],[-106.348033,31.79751],[-106.361311,31.797759],[-106.372561,31.79837],[-106.372434,31.796736],[-106.377944,31.796312999999998],[-106.378605,31.795783999999998],[-106.378672,31.793542],[-106.393167,31.791722999999998],[-106.393666,31.794918],[-106.392712,31.796277999999997],[-106.39079100000001,31.795689999999997],[-106.394472,31.798938],[-106.397167,31.798876],[-106.400205,31.797897],[-106.400155,31.79584],[-106.401861,31.795810999999997],[-106.40421,31.797645],[-106.404162,31.793519999999997],[-106.40484000000001,31.791514999999997],[-106.409651,31.793014],[-106.409677,31.791145999999998],[-106.416668,31.791193],[-106.415314,31.789172999999998],[-106.41645199999999,31.789122],[-106.42007100000001,31.7891]]]},"properties":{"STATEFP":"48","COUNTYFP":"141","TRACTCE":"003402","AFFGEOID":"1400000US48141003402","GEOID":"48141003402","NAME":"34.02","LSAD":"CT","ALAND":5025738,"AWATER":0}},
{"type":"Feature","geometry":{"type":"Polygon","coordinates":[[[-106.62691088287501,31.990476537349398],[-106.629395469948,31.9900882186448],[-106.629738267254,31.990034642496397],[-106.631182,31.989808999999997],[-106.636492,31.985719],[-106.639529,31.980348],[-106.638186,31.97682],[-106.630114,31.971258],[-106.626466,31.970689999999998],[-106.623216,31.97291],[-106.621873,31.972932999999998],[-106.619569,31.971577999999997],[-106.618745,31.966955],[-106.619371,31.964776999999998],[-106.620454,31.963403],[-106.624299,31.961053999999997],[-106.625479651191,31.957636224950296],[-106.625535,31.957476],[-106.625123,31.954531],[-106.62281899999999,31.952890999999997],[-106.617708,31.956007999999997],[-106.614702,31.956000000000003],[-106.616136,31.948438999999997],[-106.623659,31.94551],[-106.622377,31.940863],[-106.622117,31.936621],[-106.622529,31.934863],[-106.62406368827502,31.932220017328497],[-106.625322,31.930052999999997],[-106.628499124429,31.927552226127002],[-106.629747,31.926569999999998],[-106.628663,31.923613999999997],[-106.623933,31.925334999999997],[-106.61637088524301,31.9219990857215],[-106.611846,31.920002999999998],[-106.614346,31.918003],[-106.614779573271,31.917813874567297],[-106.618870841296,31.9160292561706],[-106.617154,31.915331],[-106.614006,31.915198],[-106.605839,31.915198999999998],[-106.605288,31.915187],[-106.601349,31.915186],[-106.601995,31.926116999999998],[-106.601714,31.926164999999997],[-106.60249,31.939227],[-106.602523,31.939781999999997],[-106.602613,31.941216999999998],[-106.602814,31.944641999999998],[-106.60332,31.954684],[-106.603672,31.959183],[-106.603675,31.959253999999998],[-106.604118,31.966775],[-106.604265,31.969261999999997],[-106.604697,31.969125],[-106.605298,31.968816999999998],[-106.605856,31.969134999999998],[-106.607853,31.971487],[-106.609206,31.97385],[-106.610471,31.974601],[-106.612031,31.975285999999997],[-106.613985,31.976526],[-106.617082,31.979822],[-106.625887,31.988149],[-106.626971,31.988947],[-106.62691088287501,31.990476537349398]]]},"properties":{"STATEFP":"48","COUNTYFP":"141","TRACTCE":"010222","AFFGEOID":"1400000US48141010222","GEOID":"48141010222","NAME":"102.22","LSAD":"CT","ALAND":13703084,"AWATER":472078}},
{"type":"Feature","geometry":{"type":"Polygon","coordinates":[[[-106.455686,31.825675999999998],[-106.462343,31.824423999999997],[-106.464343,31.823158],[-106.46433,31.818264],[-106.455829,31.818265999999998],[-106.455854,31.821469999999998],[-106.452212,31.821517],[-106.446155,31.821634],[-106.444644,31.821655],[-106.442933,31.821690999999998],[-106.44297,31.819059999999997],[-106.439514,31.819059],[-106.439108,31.819059999999997],[-106.434919,31.825803999999998],[-106.43484,31.825929],[-106.42904,31.835065999999998],[-106.421604,31.846805999999997],[-106.422461,31.846961999999998],[-106.422785,31.848931999999998],[-106.439571,31.848501],[-106.439649,31.851654999999997],[-106.44007,31.851943],[-106.440457,31.851713],[-106.44976,31.851442],[-106.452819,31.851383],[-106.452658,31.847305],[-106.453349,31.847064],[-106.453479,31.846213],[-106.453943,31.844776999999997],[-106.452371,31.844817],[-106.452402,31.834757999999997],[-106.451322,31.834677],[-106.445307,31.834794],[-106.439933,31.835017999999998],[-106.439191,31.834939],[-106.439074,31.830924],[-106.439029,31.83064],[-106.43897,31.830164],[-106.438981,31.827589999999997],[-106.438346,31.825954],[-106.445002,31.825837],[-106.455686,31.825675999999998]]]},"properties":{"STATEFP":"48","COUNTYFP":"141","TRACTCE":"010600","AFFGEOID":"1400000US48141010600","GEOID":"48141010600","NAME":"106","LSAD":"CT","ALAND":6639267,"AWATER":0}},
{"type":"Feature","geometry":{"type":"Polygon","coordinates":[[[-106.28519299999999,31.782642],[-106.285143,31.777029],[-106.285066,31.772049],[-106.285031,31.767355],[-106.280399,31.766942],[-106.277078,31.764533],[-106.272656,31.760990999999997],[-106.269705,31.76073],[-106.269082,31.76074],[-106.267278,31.760773999999998],[-106.267286,31.762238],[-106.267288,31.762425999999998],[-106.267479,31.766220999999998],[-106.267436,31.776362],[-106.272187,31.776629999999997],[-106.274721,31.778405],[-106.276857,31.780146],[-106.279534,31.782237],[-106.280654,31.782612999999998],[-106.28502,31.782646999999997],[-106.28519299999999,31.782642]]]},"properties":{"STATEFP":"48","COUNTYFP":"141","TRACTCE":"010328","AFFGEOID":"1400000US48141010328","GEOID":"48141010328","NAME":"103.28","LSAD":"CT","ALAND":2903735,"AWATER":0}},
{"type":"Feature","geometry":{"type":"Polygon","coordinates":[[[-106.507237,31.782463999999997],[-106.506728,31.777047999999997],[-106.508667,31.776017],[-106.509597,31.771276],[-106.507403,31.768600000000003],[-106.506717,31.766451],[-106.504446,31.765012],[-106.500999,31.766973],[-106.498444,31.768617],[-106.495893,31.770255],[-106.49653,31.770975999999997],[-106.494171,31.772484],[-106.491709,31.775347999999997],[-106.491955,31.777458999999997],[-106.491768,31.779708999999997],[-106.487484,31.783116],[-106.486274,31.786573999999998],[-106.487688,31.787585999999997],[-106.489846,31.784782999999997],[-106.493256,31.784523],[-106.493623,31.785251],[-106.496201,31.783800000000003],[-106.497723,31.782403],[-106.503751,31.782874999999997],[-106.505449,31.782541],[-106.507237,31.782463999999997]]]},"properties":{"STATEFP":"48","COUNTYFP":"141","TRACTCE":"001502","AFFGEOID":"1400000US48141001502","GEOID":"48141001502","NAME":"15.02","LSAD":"CT","ALAND":2665430,"AWATER":0}},
{"type":"Feature","geometry":{"type":"Polygon","coordinates":[[[-106.453943,31.844776999999997],[-106.45695,31.840373],[-106.457379,31.838645999999997],[-106.457268,31.837056999999998],[-106.454402,31.832486999999997],[-106.454184,31.830181999999997],[-106.454147,31.828378999999998],[-106.454661,31.826679],[-106.455686,31.825675999999998],[-106.445002,31.825837],[-106.438346,31.825954],[-106.438981,31.827589999999997],[-106.43897,31.830164],[-106.439029,31.83064],[-106.439074,31.830924],[-106.439191,31.834939],[-106.439933,31.835017999999998],[-106.445307,31.834794],[-106.451322,31.834677],[-106.452402,31.834757999999997],[-106.452371,31.844817],[-106.453943,31.844776999999997]]]},"properties":{"STATEFP":"48","COUNTYFP":"141","TRACTCE":"000600","AFFGEOID":"1400000US48141000600","GEOID":"48141000600","NAME":"6","LSAD":"CT","ALAND":1881800,"AWATER":0}},
{"type":"Feature","geometry":{"type":"Polygon","coordinates":[[[-106.273404,31.658790999999997],[-106.279704,31.657805999999997],[-106.280242,31.657687],[-106.281408,31.657425],[-106.285136,31.656276],[-106.27864,31.648933999999997],[-106.279307,31.64875],[-106.28432,31.649839999999998],[-106.286602,31.649917],[-106.273033,31.634179999999997],[-106.266343,31.626433],[-106.264258,31.624017],[-106.261741,31.625114999999997],[-106.259019,31.626776999999997],[-106.264312,31.632769],[-106.259116,31.632894],[-106.251378,31.634176999999998],[-106.255703,31.64062],[-106.261824,31.645636],[-106.263227,31.646580999999998],[-106.267453,31.651626999999998],[-106.273404,31.658790999999997]]]},"properties":{"STATEFP":"48","COUNTYFP":"141","TRACTCE":"010408","AFFGEOID":"1400000US48141010408","GEOID":"48141010408","NAME":"104.08","LSAD":"CT","ALAND":5524446,"AWATER":0}},
{"type":"Feature","geometry":{"type":"Polygon","coordinates":[[[-106.558046,31.879507999999998],[-106.558467,31.875242],[-106.55976,31.874392],[-106.557771,31.870914],[-106.557382,31.869522999999997],[-106.557281,31.868561],[-106.557772,31.863937],[-106.55777499999999,31.859513],[-106.555946,31.859699],[-106.550184,31.861500000000003],[-106.549454,31.861931],[-106.548774,31.862847],[-106.548641,31.868744999999997],[-106.548473,31.868744999999997],[-106.54843,31.874679999999998],[-106.548238,31.875297999999997],[-106.548165,31.879337999999997],[-106.548614,31.880907999999998],[-106.549194,31.881664999999998],[-106.551356,31.880422999999997],[-106.552459,31.880079],[-106.553863,31.879987999999997],[-106.556394,31.87944],[-106.558046,31.879507999999998]]]},"properties":{"STATEFP":"48","COUNTYFP":"141","TRACTCE":"010217","AFFGEOID":"1400000US48141010217","GEOID":"48141010217","NAME":"102.17","LSAD":"CT","ALAND":1954750,"AWATER":0}},
{"type":"Feature","geometry":{"type":"Polygon","coordinates":[[[-106.486069,31.755539],[-106.485006,31.752122999999997],[-106.484457,31.750367999999998],[-106.483435,31.750598],[-106.48270638430701,31.748298221548698],[-106.475542,31.750109],[-106.47331943499101,31.7506506089871],[-106.473951,31.751918999999997],[-106.477023,31.751198],[-106.477842,31.753819],[-106.479138,31.754457],[-106.479942,31.757054],[-106.483009,31.75632],[-106.486069,31.755539]]]},"properties":{"STATEFP":"48","COUNTYFP":"141","TRACTCE":"001900","AFFGEOID":"1400000US48141001900","GEOID":"48141001900","NAME":"19","LSAD":"CT","ALAND":609273,"AWATER":0}},
{"type":"Feature","geometry":{"type":"Polygon","coordinates":[[[-106.30358,31.769409],[-106.303416,31.767667999999997],[-106.302171,31.765511999999998],[-106.30207,31.765103999999997],[-106.302023,31.760723],[-106.301928,31.751496999999997],[-106.299181,31.751493999999997],[-106.295213,31.750528],[-106.29278,31.754595],[-106.292541,31.755409999999998],[-106.292177,31.756421],[-106.292239,31.759542],[-106.291378,31.761118],[-106.290779,31.767346999999997],[-106.296154,31.767412],[-106.297404,31.767750999999997],[-106.299547,31.769005],[-106.301928,31.769413],[-106.30358,31.769409]]]},"properties":{"STATEFP":"48","COUNTYFP":"141","TRACTCE":"004314","AFFGEOID":"1400000US48141004314","GEOID":"48141004314","NAME":"43.14","LSAD":"CT","ALAND":1803201,"AWATER":0}},
{"type":"Feature","geometry":{"type":"Polygon","coordinates":[[[-106.548473,31.868744999999997],[-106.548641,31.868744999999997],[-106.548774,31.862847],[-106.549454,31.861931],[-106.546538,31.85954],[-106.545193,31.860498999999997],[-106.542815,31.860719999999997],[-106.54127,31.860740999999997],[-106.539779,31.861013],[-106.536567,31.860971],[-106.532296,31.859996],[-106.529917,31.861210999999997],[-106.525887,31.860656],[-106.52352,31.858926999999998],[-106.521766,31.859634999999997],[-106.52063,31.857415],[-106.518899,31.857346],[-106.518519,31.855800000000002],[-106.521465,31.854757],[-106.520588,31.853361999999997],[-106.514877,31.853123999999998],[-106.514862,31.852417],[-106.512574,31.852321999999997],[-106.510581,31.853275],[-106.510322,31.852963],[-106.507065,31.855231999999997],[-106.505344,31.857910999999998],[-106.503947,31.858711],[-106.493647,31.861459999999997],[-106.493867,31.863114],[-106.494943,31.868904999999998],[-106.497236,31.878521],[-106.500644,31.880214],[-106.502714,31.882133],[-106.504726,31.880292999999998],[-106.507652,31.880157999999998],[-106.508593,31.879678],[-106.509508,31.877892],[-106.512007,31.875992999999998],[-106.516706,31.875446999999998],[-106.51899,31.873821999999997],[-106.522964,31.872816999999998],[-106.527074,31.870963999999997],[-106.529637,31.870616],[-106.529277,31.867787],[-106.532156,31.86707],[-106.538038,31.868827],[-106.541014,31.869214],[-106.544371,31.868781],[-106.548473,31.868744999999997]]]},"properties":{"STATEFP":"48","COUNTYFP":"141","TRACTCE":"010214","AFFGEOID":"1400000US48141010214","GEOID":"48141010214","NAME":"102.14","LSAD":"CT","ALAND":8474166,"AWATER":0}},
{"type":"Feature","geometry":{"type":"Polygon","coordinates":[[[-106.432861,31.777531999999997],[-106.437586,31.77707],[-106.437841,31.774507999999997],[-106.43168299999999,31.773673],[-106.43155,31.768648],[-106.429338,31.768849999999997],[-106.426857,31.770032999999998],[-106.421881,31.771074],[-106.420736,31.771285],[-106.414252,31.768826999999998],[-106.41430000000001,31.772098999999997],[-106.410999,31.772775999999997],[-106.40881,31.771372],[-106.407141,31.773664],[-106.412398,31.777051999999998],[-106.419996,31.781913999999997],[-106.420246,31.781602],[-106.422121,31.777714999999997],[-106.423239,31.777524999999997],[-106.425502,31.777504999999998],[-106.432861,31.777531999999997]]]},"properties":{"STATEFP":"48","COUNTYFP":"141","TRACTCE":"003200","AFFGEOID":"1400000US48141003200","GEOID":"48141003200","NAME":"32","LSAD":"CT","ALAND":2065722,"AWATER":0}},
{"type":"Feature","geometry":{"type":"Polygon","coordinates":[[[-106.360667,31.77405],[-106.361274,31.774037],[-106.364392,31.773826999999997],[-106.365379,31.771953999999997],[-106.363255,31.766351],[-106.363479,31.765304999999998],[-106.36420000000001,31.764407],[-106.361011,31.762435999999997],[-106.355635,31.759092],[-106.355104,31.759867999999997],[-106.355516,31.762715],[-106.355821,31.764215],[-106.355884,31.766467],[-106.356001,31.773206],[-106.357139,31.773200000000003],[-106.360667,31.77405]]]},"properties":{"STATEFP":"48","COUNTYFP":"141","TRACTCE":"004317","AFFGEOID":"1400000US48141004317","GEOID":"48141004317","NAME":"43.17","LSAD":"CT","ALAND":1079803,"AWATER":0}},
{"type":"Feature","geometry":{"type":"Polygon","coordinates":[[[-106.541804,31.852373999999998],[-106.540117,31.849103999999997],[-106.537117,31.846996999999998],[-106.536082,31.844835999999997],[-106.535649,31.84337],[-106.534541,31.842147999999998],[-106.533943,31.840618],[-106.533393,31.840152],[-106.527866,31.838628],[-106.526405,31.838196],[-106.522584,31.842249],[-106.514074,31.844514],[-106.511208,31.848171999999998],[-106.510087,31.849366999999997],[-106.510322,31.852963],[-106.510581,31.853275],[-106.512574,31.852321999999997],[-106.514862,31.852417],[-106.514877,31.853123999999998],[-106.520588,31.853361999999997],[-106.521465,31.854757],[-106.518519,31.855800000000002],[-106.518899,31.857346],[-106.52063,31.857415],[-106.524147,31.855380999999998],[-106.52929,31.854340999999998],[-106.531847,31.854398],[-106.533383,31.853455],[-106.534723,31.852991999999997],[-106.541804,31.852373999999998]]]},"properties":{"STATEFP":"48","COUNTYFP":"141","TRACTCE":"001109","AFFGEOID":"1400000US48141001109","GEOID":"48141001109","NAME":"11.09","LSAD":"CT","ALAND":3517050,"AWATER":0}},
{"type":"Feature","geometry":{"type":"Polygon","coordinates":[[[-106.28509,31.791475],[-106.28502,31.782646999999997],[-106.280654,31.782612999999998],[-106.279534,31.782237],[-106.276857,31.780146],[-106.274721,31.778405],[-106.272187,31.776629999999997],[-106.267436,31.776362],[-106.267715,31.788027],[-106.267611,31.792216],[-106.276386,31.792156],[-106.276391,31.792313],[-106.280629,31.791304999999998],[-106.28509,31.791475]]]},"properties":{"STATEFP":"48","COUNTYFP":"141","TRACTCE":"010324","AFFGEOID":"1400000US48141010324","GEOID":"48141010324","NAME":"103.24","LSAD":"CT","ALAND":2251438,"AWATER":0}},
{"type":"Feature","geometry":{"type":"Polygon","coordinates":[[[-106.340924,31.712674],[-106.345783,31.711819],[-106.347136,31.710866999999997],[-106.343289,31.705382],[-106.34094,31.701660999999998],[-106.337124,31.695825],[-106.335209,31.694743],[-106.330675,31.692964999999997],[-106.327859,31.691837],[-106.32831,31.694125999999997],[-106.327809,31.695428999999997],[-106.327227,31.696652999999998],[-106.324804,31.698940999999998],[-106.332074,31.70516],[-106.33508,31.707690999999997],[-106.340924,31.712674]]]},"properties":{"STATEFP":"48","COUNTYFP":"141","TRACTCE":"003901","AFFGEOID":"1400000US48141003901","GEOID":"48141003901","NAME":"39.01","LSAD":"CT","ALAND":2087387,"AWATER":0}},
{"type":"Feature","geometry":{"type":"Polygon","coordinates":[[[-106.319116,31.769031],[-106.31908,31.765100999999998],[-106.318977,31.754203999999998],[-106.315194,31.754227],[-106.310764,31.752851],[-106.308092,31.752675999999997],[-106.305301,31.752667],[-106.301928,31.751496999999997],[-106.302023,31.760723],[-106.30207,31.765103999999997],[-106.302171,31.765511999999998],[-106.303416,31.767667999999997],[-106.30358,31.769409],[-106.308193,31.769409999999997],[-106.311355,31.769406999999998],[-106.312992,31.769095],[-106.319116,31.769031]]]},"properties":{"STATEFP":"48","COUNTYFP":"141","TRACTCE":"004307","AFFGEOID":"1400000US48141004307","GEOID":"48141004307","NAME":"43.07","LSAD":"CT","ALAND":2845428,"AWATER":0}},
{"type":"Feature","geometry":{"type":"Polygon","coordinates":[[[-106.292541,31.755409999999998],[-106.29278,31.754595],[-106.295213,31.750528],[-106.288123,31.748534999999997],[-106.287328,31.747712],[-106.287062,31.746468999999998],[-106.2873,31.744749],[-106.286616,31.743859999999998],[-106.28112899999999,31.749513],[-106.275626,31.754641999999997],[-106.274111,31.756069],[-106.277307,31.758578999999997],[-106.279635,31.756293],[-106.279776,31.755385999999998],[-106.284374,31.755384999999997],[-106.287412,31.75537],[-106.292541,31.755409999999998]]]},"properties":{"STATEFP":"48","COUNTYFP":"141","TRACTCE":"004320","AFFGEOID":"1400000US48141004320","GEOID":"48141004320","NAME":"43.20","LSAD":"CT","ALAND":1311025,"AWATER":0}},
{"type":"Feature","geometry":{"type":"Polygon","coordinates":[[[-106.302323,31.790518],[-106.302299,31.782518999999997],[-106.293619,31.782584],[-106.28519299999999,31.782642],[-106.28502,31.782646999999997],[-106.28509,31.791475],[-106.293789,31.791341],[-106.298047,31.791294999999998],[-106.302323,31.790518]]]},"properties":{"STATEFP":"48","COUNTYFP":"141","TRACTCE":"010323","AFFGEOID":"1400000US48141010323","GEOID":"48141010323","NAME":"103.23","LSAD":"CT","ALAND":1569767,"AWATER":0}},
{"type":"Feature","geometry":{"type":"Polygon","coordinates":[[[-106.351705,31.754648999999997],[-106.3508,31.751478],[-106.350776,31.747991],[-106.350726,31.742096],[-106.350852,31.741182],[-106.352747,31.741725],[-106.35402,31.741896999999998],[-106.353995,31.741381999999998],[-106.353944,31.740275999999998],[-106.352054,31.740174],[-106.35226,31.733601],[-106.352418,31.731827],[-106.34823,31.729836],[-106.346436,31.729702],[-106.344063,31.733113],[-106.344761,31.735602999999998],[-106.345807,31.738477999999997],[-106.345893,31.739269999999998],[-106.345974,31.751665],[-106.345255,31.752675999999997],[-106.349674,31.755412],[-106.350109,31.754875],[-106.351705,31.754648999999997]]]},"properties":{"STATEFP":"48","COUNTYFP":"141","TRACTCE":"004105","AFFGEOID":"1400000US48141004105","GEOID":"48141004105","NAME":"41.05","LSAD":"CT","ALAND":1532286,"AWATER":13082}},
{"type":"Feature","geometry":{"type":"Polygon","coordinates":[[[-106.267436,31.776362],[-106.267479,31.766220999999998],[-106.267288,31.762425999999998],[-106.267286,31.762238],[-106.266877,31.762812999999998],[-106.260796,31.768449999999998],[-106.256956,31.772054999999998],[-106.255476,31.773400000000002],[-106.252915,31.775797999999998],[-106.251881,31.77676],[-106.249956,31.778551999999998],[-106.243597,31.784473],[-106.246195,31.784537],[-106.251868,31.784404],[-106.252496,31.784363],[-106.253449,31.78409],[-106.260751,31.776974],[-106.262134,31.776249999999997],[-106.267436,31.776362]]]},"properties":{"STATEFP":"48","COUNTYFP":"141","TRACTCE":"010329","AFFGEOID":"1400000US48141010329","GEOID":"48141010329","NAME":"103.29","LSAD":"CT","ALAND":1909141,"AWATER":0}},
{"type":"Feature","geometry":{"type":"Polygon","coordinates":[[[-106.582678,31.908361],[-106.582596,31.886663],[-106.581831,31.883157999999998],[-106.580943,31.879548999999997],[-106.577834,31.866885999999997],[-106.577039,31.863622],[-106.567724,31.863457999999998],[-106.566151,31.862664],[-106.563017,31.859893],[-106.561078,31.859527999999997],[-106.55777499999999,31.859513],[-106.557772,31.863937],[-106.557281,31.868561],[-106.557382,31.869522999999997],[-106.557771,31.870914],[-106.55976,31.874392],[-106.558467,31.875242],[-106.558046,31.879507999999998],[-106.556792,31.898484999999997],[-106.55797,31.905645999999997],[-106.566463,31.907349],[-106.57921999999999,31.90835],[-106.582678,31.908361]]]},"properties":{"STATEFP":"48","COUNTYFP":"141","TRACTCE":"010215","AFFGEOID":"1400000US48141010215","GEOID":"48141010215","NAME":"102.15","LSAD":"CT","ALAND":11156157,"AWATER":3763}},
{"type":"Feature","geometry":{"type":"Polygon","coordinates":[[[-106.166991,31.884641],[-106.16684,31.870306],[-106.166686,31.855769],[-106.166402,31.826836999999998],[-106.165745,31.826784],[-106.165755,31.820062999999998],[-106.145242,31.822744],[-106.132806,31.824900000000003],[-106.132568,31.826518999999998],[-106.132713,31.841247],[-106.133108,31.865513],[-106.137222,31.86547],[-106.137157,31.866809999999997],[-106.141223,31.866711],[-106.141314,31.864175],[-106.149783,31.864176999999998],[-106.14982,31.870157],[-106.145312,31.870347],[-106.140403,31.87257],[-106.132701,31.873364],[-106.131343,31.871812],[-106.127523,31.872719999999997],[-106.125765,31.876314999999998],[-106.120085,31.884663999999997],[-106.166991,31.884641]]]},"properties":{"STATEFP":"48","COUNTYFP":"141","TRACTCE":"010340","AFFGEOID":"1400000US48141010340","GEOID":"48141010340","NAME":"103.40","LSAD":"CT","ALAND":22049017,"AWATER":0}},
{"type":"Feature","geometry":{"type":"Polygon","coordinates":[[[-106.290779,31.767346999999997],[-106.291378,31.761118],[-106.292239,31.759542],[-106.292177,31.756421],[-106.292541,31.755409999999998],[-106.287412,31.75537],[-106.284374,31.755384999999997],[-106.279776,31.755385999999998],[-106.279635,31.756293],[-106.277307,31.758578999999997],[-106.274111,31.756069],[-106.270376,31.759525999999997],[-106.269705,31.76073],[-106.272656,31.760990999999997],[-106.277078,31.764533],[-106.280399,31.766942],[-106.285031,31.767355],[-106.290779,31.767346999999997]]]},"properties":{"STATEFP":"48","COUNTYFP":"141","TRACTCE":"004319","AFFGEOID":"1400000US48141004319","GEOID":"48141004319","NAME":"43.19","LSAD":"CT","ALAND":2023462,"AWATER":0}},
{"type":"Feature","geometry":{"type":"Polygon","coordinates":[[[-106.408964681989,32.0013528679563],[-106.408826,31.988142],[-106.40863,31.973686999999998],[-106.407842,31.939629999999998],[-106.407585,31.928369999999997],[-106.393687,31.928462999999997],[-106.389433,31.928352999999998],[-106.388553,31.928306],[-106.377434,31.928403],[-106.373489,31.92833],[-106.370643,31.927172],[-106.364622,31.936652],[-106.323469336526,32.001457633722204],[-106.32608506721301,32.0014436401351],[-106.32737704093601,32.0014367283583],[-106.376861,32.001172],[-106.37717982050499,32.0011777046509],[-106.394298,32.001484],[-106.408964681989,32.0013528679563]]]},"properties":{"STATEFP":"48","COUNTYFP":"141","TRACTCE":"010207","AFFGEOID":"1400000US48141010207","GEOID":"48141010207","NAME":"102.07","LSAD":"CT","ALAND":47290066,"AWATER":18705}},
{"type":"Feature","geometry":{"type":"Polygon","coordinates":[[[-106.352,31.722099],[-106.353269,31.720767],[-106.353762,31.720485],[-106.355717,31.719397999999998],[-106.356088,31.719286999999998],[-106.355514,31.718909],[-106.356708,31.715882999999998],[-106.357055,31.71212],[-106.357109,31.711284],[-106.356542,31.709418999999997],[-106.355986,31.708015999999997],[-106.349225,31.70396],[-106.343289,31.705382],[-106.347136,31.710866999999997],[-106.345783,31.711819],[-106.340924,31.712674],[-106.343159,31.714571],[-106.352,31.722099]]]},"properties":{"STATEFP":"48","COUNTYFP":"141","TRACTCE":"003804","AFFGEOID":"1400000US48141003804","GEOID":"48141003804","NAME":"38.04","LSAD":"CT","ALAND":1769645,"AWATER":0}},
{"type":"Feature","geometry":{"type":"Polygon","coordinates":[[[-106.55797,31.905645999999997],[-106.556792,31.898484999999997],[-106.558046,31.879507999999998],[-106.556394,31.87944],[-106.553863,31.879987999999997],[-106.552459,31.880079],[-106.551356,31.880422999999997],[-106.549194,31.881664999999998],[-106.548614,31.880907999999998],[-106.548165,31.879337999999997],[-106.548238,31.875297999999997],[-106.54843,31.874679999999998],[-106.548473,31.868744999999997],[-106.544371,31.868781],[-106.541014,31.869214],[-106.538038,31.868827],[-106.532156,31.86707],[-106.529277,31.867787],[-106.529637,31.870616],[-106.527074,31.870963999999997],[-106.522964,31.872816999999998],[-106.51899,31.873821999999997],[-106.516706,31.875446999999998],[-106.512007,31.875992999999998],[-106.509508,31.877892],[-106.508593,31.879678],[-106.507652,31.880157999999998],[-106.504726,31.880292999999998],[-106.502714,31.882133],[-106.503661,31.883159],[-106.505754,31.886324],[-106.50845699999999,31.889561999999998],[-106.509956,31.892671],[-106.511131,31.893931],[-106.51485,31.896055999999998],[-106.516887,31.898139999999998],[-106.521925,31.905136],[-106.524858,31.907213],[-106.527038,31.907612999999998],[-106.534674,31.907076],[-106.537859,31.906589],[-106.542873,31.904823999999998],[-106.544626,31.904466],[-106.555662,31.905320999999997],[-106.55797,31.905645999999997]]]},"properties":{"STATEFP":"48","COUNTYFP":"141","TRACTCE":"010213","AFFGEOID":"1400000US48141010213","GEOID":"48141010213","NAME":"102.13","LSAD":"CT","ALAND":15996903,"AWATER":0}},
{"type":"Feature","geometry":{"type":"Polygon","coordinates":[[[-106.267453,31.651626999999998],[-106.263227,31.646580999999998],[-106.261824,31.645636],[-106.255703,31.64062],[-106.251378,31.634176999999998],[-106.249104,31.631024],[-106.246658,31.627609],[-106.246078,31.625642],[-106.243451,31.622135999999998],[-106.240852,31.620376],[-106.236659,31.615790999999998],[-106.225211,31.603443],[-106.222751,31.600882],[-106.212425,31.592426999999997],[-106.207925,31.594783],[-106.208376,31.597745999999997],[-106.202693,31.593920999999998],[-106.189685,31.594838],[-106.189388,31.594849999999997],[-106.193551,31.600223],[-106.210859,31.622543999999998],[-106.21833,31.632177],[-106.223929,31.639393],[-106.225306,31.641164999999997],[-106.234762,31.653354999999998],[-106.239746,31.659772],[-106.239961,31.659648999999998],[-106.242207,31.658443],[-106.253002,31.655493999999997],[-106.267453,31.651626999999998]]]},"properties":{"STATEFP":"48","COUNTYFP":"141","TRACTCE":"010347","AFFGEOID":"1400000US48141010347","GEOID":"48141010347","NAME":"103.47","LSAD":"CT","ALAND":20006624,"AWATER":0}},
{"type":"Feature","geometry":{"type":"Polygon","coordinates":[[[-106.359646,31.786856999999998],[-106.36067800000001,31.787232999999997],[-106.360734,31.778136999999997],[-106.360667,31.77405],[-106.357139,31.773200000000003],[-106.356001,31.773206],[-106.355823,31.773206],[-106.352181,31.773093999999997],[-106.350201,31.770953],[-106.348829,31.770478999999998],[-106.346938,31.770516999999998],[-106.345199,31.770654999999998],[-106.34165899999999,31.772104],[-106.339811,31.772126],[-106.339855,31.777589],[-106.339161,31.779222999999998],[-106.348622,31.782736999999997],[-106.350993,31.783624],[-106.355844,31.785425],[-106.35605,31.785522999999998],[-106.359646,31.786856999999998]]]},"properties":{"STATEFP":"48","COUNTYFP":"141","TRACTCE":"004303","AFFGEOID":"1400000US48141004303","GEOID":"48141004303","NAME":"43.03","LSAD":"CT","ALAND":2475478,"AWATER":0}},
{"type":"Feature","geometry":{"type":"Polygon","coordinates":[[[-106.286616,31.743859999999998],[-106.284442,31.742319],[-106.282144,31.740375999999998],[-106.28117,31.739763],[-106.276286,31.739652999999997],[-106.272785,31.739686],[-106.268032,31.741137],[-106.267445,31.741045],[-106.267028,31.741052999999997],[-106.267087,31.742234999999997],[-106.26728,31.748652],[-106.267346,31.753926999999997],[-106.267278,31.760773999999998],[-106.269082,31.76074],[-106.269705,31.76073],[-106.270376,31.759525999999997],[-106.274111,31.756069],[-106.275626,31.754641999999997],[-106.28112899999999,31.749513],[-106.286616,31.743859999999998]]]},"properties":{"STATEFP":"48","COUNTYFP":"141","TRACTCE":"010336","AFFGEOID":"1400000US48141010336","GEOID":"48141010336","NAME":"103.36","LSAD":"CT","ALAND":2591427,"AWATER":0}},
{"type":"Feature","geometry":{"type":"Polygon","coordinates":[[[-106.322854,31.799374999999998],[-106.323347,31.795941],[-106.323317,31.791542999999997],[-106.320322,31.790723],[-106.318779,31.790675999999998],[-106.316391,31.790436],[-106.31403399999999,31.790436999999997],[-106.312848,31.790445],[-106.307207,31.790491999999997],[-106.302323,31.790518],[-106.30243899999999,31.801681],[-106.302517,31.802066],[-106.310599,31.801008999999997],[-106.318483,31.799968999999997],[-106.322854,31.799374999999998]]]},"properties":{"STATEFP":"48","COUNTYFP":"141","TRACTCE":"010311","AFFGEOID":"1400000US48141010311","GEOID":"48141010311","NAME":"103.11","LSAD":"CT","ALAND":2206418,"AWATER":0}},
{"type":"Feature","geometry":{"type":"Polygon","coordinates":[[[-106.363528,31.731911999999998],[-106.361985,31.729287999999997],[-106.363831,31.727493],[-106.363805,31.724700000000002],[-106.363792,31.723188999999998],[-106.363334,31.721261],[-106.36643,31.713732],[-106.36787,31.711544999999997],[-106.367995,31.711114],[-106.368320650255,31.7095299349061],[-106.357006,31.702187],[-106.356175,31.702315],[-106.349225,31.70396],[-106.355986,31.708015999999997],[-106.356542,31.709418999999997],[-106.357109,31.711284],[-106.357055,31.71212],[-106.356708,31.715882999999998],[-106.355514,31.718909],[-106.356088,31.719286999999998],[-106.355717,31.719397999999998],[-106.353762,31.720485],[-106.353269,31.720767],[-106.352,31.722099],[-106.363528,31.731911999999998]]]},"properties":{"STATEFP":"48","COUNTYFP":"141","TRACTCE":"003803","AFFGEOID":"1400000US48141003803","GEOID":"48141003803","NAME":"38.03","LSAD":"CT","ALAND":2581021,"AWATER":11727}},
{"type":"Feature","geometry":{"type":"Polygon","coordinates":[[[-106.421604,31.846805999999997],[-106.42904,31.835065999999998],[-106.43484,31.825929],[-106.421903,31.826441],[-106.409044,31.826459],[-106.407249,31.826261],[-106.405556,31.825635],[-106.40464,31.824976],[-106.40450799999999,31.819826],[-106.403189,31.819526],[-106.381393,31.820086999999997],[-106.378519,31.820601999999997],[-106.36636,31.828184999999998],[-106.364043,31.829846],[-106.358575,31.834265],[-106.352716,31.83852],[-106.34932,31.840194],[-106.347769,31.84065],[-106.343867,31.840813999999998],[-106.330856,31.840999],[-106.329852,31.79847],[-106.322854,31.799374999999998],[-106.318483,31.799968999999997],[-106.310599,31.801008999999997],[-106.302517,31.802066],[-106.293935,31.803205],[-106.285335,31.804333999999997],[-106.278221,31.805262],[-106.26839,31.806544],[-106.267784,31.806627],[-106.267747,31.807485],[-106.268189,31.811791999999997],[-106.268307,31.815357],[-106.268506,31.816074999999998],[-106.269976,31.818157999999997],[-106.270974,31.818876999999997],[-106.272299,31.819460999999997],[-106.285449,31.823724],[-106.285181,31.840677999999997],[-106.269016,31.840474999999998],[-106.267275,31.840453],[-106.267365,31.855735],[-106.233806,31.855760999999998],[-106.233838,31.840376],[-106.243613,31.840397999999997],[-106.243843,31.826753],[-106.234213,31.826666],[-106.225281,31.826677],[-106.204926,31.826656999999997],[-106.200103,31.826625],[-106.20032499999999,31.856969],[-106.20074,31.884666],[-106.199771,31.884665],[-106.166991,31.884641],[-106.120085,31.884663999999997],[-106.099451,31.884634],[-106.09952,31.887372],[-106.099555,31.890964999999998],[-106.099924,31.891558],[-106.099706,31.951846],[-106.100437,31.966579],[-106.09973734629399,32.0024915331095],[-106.125534,32.002533],[-106.18184,32.00205],[-106.20068284911301,32.001785226946595],[-106.200699,32.001785],[-106.205915,32.001762],[-106.270058708418,32.0016126785691],[-106.313307,32.001512],[-106.323369075398,32.0014581700973],[-106.323469336526,32.001457633722204],[-106.364622,31.936652],[-106.370643,31.927172],[-106.384007,31.906115999999997],[-106.388574,31.898913999999998],[-106.39752,31.884805999999998],[-106.406135,31.871216999999998],[-106.406896,31.870016999999997],[-106.416211,31.855342999999998],[-106.421604,31.846805999999997]]]},"properties":{"STATEFP":"48","COUNTYFP":"141","TRACTCE":"010101","AFFGEOID":"1400000US48141010101","GEOID":"48141010101","NAME":"101.01","LSAD":"CT","ALAND":452201400,"AWATER":1020545}},
{"type":"Feature","geometry":{"type":"Polygon","coordinates":[[[-106.582636,31.974553999999998],[-106.582634,31.971328],[-106.582639,31.967726],[-106.582657,31.957711],[-106.582645,31.95472],[-106.582649,31.94998],[-106.582657,31.942351],[-106.582658,31.941891],[-106.582658,31.938222],[-106.582664,31.925573999999997],[-106.582678,31.908361],[-106.57921999999999,31.90835],[-106.566463,31.907349],[-106.55797,31.905645999999997],[-106.555662,31.905320999999997],[-106.544626,31.904466],[-106.542873,31.904823999999998],[-106.537859,31.906589],[-106.534674,31.907076],[-106.527038,31.907612999999998],[-106.524858,31.907213],[-106.521925,31.905136],[-106.516887,31.898139999999998],[-106.51485,31.896055999999998],[-106.511131,31.893931],[-106.509956,31.892671],[-106.50845699999999,31.889561999999998],[-106.505754,31.886324],[-106.503661,31.883159],[-106.502714,31.882133],[-106.500644,31.880214],[-106.497236,31.878521],[-106.497217,31.883212],[-106.495131,31.948864999999998],[-106.496733,31.955792],[-106.496234,31.961716],[-106.499136,31.971555],[-106.505639,31.980093],[-106.514441,31.986131],[-106.514542,31.990848999999997],[-106.516443,31.993762],[-106.51344399999999,31.998683999999997],[-106.514747266624,32.000931603539705],[-106.51706163120001,32.00092262049979],[-106.56221479992901,32.0007473617169],[-106.565142,32.000735999999996],[-106.566056,32.000758999999995],[-106.57044800912401,32.000756995980495],[-106.582131596828,32.0007516649038],[-106.582639021187,32.0007514333724],[-106.582635,31.995776999999997],[-106.582635,31.975870999999998],[-106.582636,31.974553999999998]]]},"properties":{"STATEFP":"48","COUNTYFP":"141","TRACTCE":"010220","AFFGEOID":"1400000US48141010220","GEOID":"48141010220","NAME":"102.20","LSAD":"CT","ALAND":85225675,"AWATER":0}},
{"type":"Feature","geometry":{"type":"Polygon","coordinates":[[[-106.559592,31.841395],[-106.559132,31.837251],[-106.55058,31.835593],[-106.550398,31.835569],[-106.537702,31.833102],[-106.537043,31.832953999999997],[-106.532181,31.83146],[-106.527754,31.828636999999997],[-106.52638,31.830188999999997],[-106.52617,31.831819999999997],[-106.525718,31.83691],[-106.526405,31.838196],[-106.527866,31.838628],[-106.533393,31.840152],[-106.533943,31.840618],[-106.534541,31.842147999999998],[-106.535649,31.84337],[-106.539922,31.843158],[-106.543712,31.843593],[-106.545497,31.844168],[-106.546185,31.84425],[-106.550228,31.845447],[-106.550898,31.845122999999997],[-106.550397,31.844828],[-106.552472,31.843128999999998],[-106.557218,31.841635999999998],[-106.559592,31.841395]]]},"properties":{"STATEFP":"48","COUNTYFP":"141","TRACTCE":"001113","AFFGEOID":"1400000US48141001113","GEOID":"48141001113","NAME":"11.13","LSAD":"CT","ALAND":3002094,"AWATER":0}},
{"type":"Feature","geometry":{"type":"Polygon","coordinates":[[[-106.523122,31.824517999999998],[-106.522997,31.824408],[-106.515829,31.818032],[-106.513867,31.815862],[-106.512337,31.811034],[-106.509447,31.806925999999997],[-106.509365,31.805213],[-106.507577,31.805096],[-106.503209,31.805115999999998],[-106.483442,31.803206999999997],[-106.483123,31.804007],[-106.483959,31.806708999999998],[-106.487123,31.812011],[-106.48843,31.815911999999997],[-106.488588,31.822810999999998],[-106.489825,31.827109999999998],[-106.493065,31.832261],[-106.497337,31.838808],[-106.497375,31.843307],[-106.495421,31.848505],[-106.493743,31.850704999999998],[-106.493647,31.861459999999997],[-106.503947,31.858711],[-106.505344,31.857910999999998],[-106.507065,31.855231999999997],[-106.510322,31.852963],[-106.510087,31.849366999999997],[-106.511208,31.848171999999998],[-106.509709,31.848088999999998],[-106.50928,31.847181],[-106.512363,31.844234999999998],[-106.512591,31.840633999999998],[-106.511358,31.839070999999997],[-106.509295,31.837709999999998],[-106.506585,31.831896999999998],[-106.50822,31.830102],[-106.512396,31.828273999999997],[-106.514722,31.825421],[-106.521423,31.82573],[-106.523122,31.824517999999998]]]},"properties":{"STATEFP":"48","COUNTYFP":"141","TRACTCE":"001111","AFFGEOID":"1400000US48141001111","GEOID":"48141001111","NAME":"11.11","LSAD":"CT","ALAND":11646531,"AWATER":0}},
{"type":"Feature","geometry":{"type":"Polygon","coordinates":[[[-106.33029113246201,31.658329936271002],[-106.327254,31.65438],[-106.325136,31.650807999999998],[-106.32013102229601,31.644610048716],[-106.312059,31.634614],[-106.308098,31.629706],[-106.30762555862401,31.628945605394296],[-106.306046,31.634076],[-106.30248,31.636156999999997],[-106.300845,31.638858],[-106.299536,31.638599],[-106.297811,31.638742999999998],[-106.292027,31.629255999999998],[-106.285201,31.617987999999997],[-106.28094899999999,31.619881],[-106.266343,31.626433],[-106.273033,31.634179999999997],[-106.286602,31.649917],[-106.297176,31.662177999999997],[-106.298836,31.658572999999997],[-106.302066,31.657256999999998],[-106.303597,31.656955],[-106.303498,31.656108999999997],[-106.30352,31.654701],[-106.304658,31.654612999999998],[-106.30663799999999,31.65629],[-106.30883299999999,31.659391],[-106.310167,31.659879],[-106.314058,31.659646],[-106.320011,31.659647],[-106.317219,31.655096999999998],[-106.316775,31.653702],[-106.31969,31.656119999999998],[-106.32277,31.657771],[-106.324859,31.658275999999997],[-106.33029113246201,31.658329936271002]]]},"properties":{"STATEFP":"48","COUNTYFP":"141","TRACTCE":"010401","AFFGEOID":"1400000US48141010401","GEOID":"48141010401","NAME":"104.01","LSAD":"CT","ALAND":12386103,"AWATER":20264}},
{"type":"Feature","geometry":{"type":"Polygon","coordinates":[[[-106.510741339548,31.762636588547696],[-106.51006,31.761257999999998],[-106.507326,31.761191999999998],[-106.505818,31.760472],[-106.503482,31.758167999999998],[-106.501391,31.757042],[-106.500089,31.755526999999997],[-106.496479,31.753843],[-106.494677,31.751804],[-106.489542,31.748407999999998],[-106.486856,31.747721],[-106.484642,31.747809],[-106.48270638430701,31.748298221548698],[-106.483435,31.750598],[-106.484457,31.750367999999998],[-106.485006,31.752122999999997],[-106.486069,31.755539],[-106.489227,31.75482],[-106.492239,31.75433],[-106.495062,31.756438],[-106.495117,31.75744],[-106.493323,31.758017],[-106.498854,31.758072],[-106.502972,31.759553999999998],[-106.503788,31.760202999999997],[-106.505443,31.762216],[-106.507984,31.762292],[-106.509263,31.763443],[-106.510741339548,31.762636588547696]]]},"properties":{"STATEFP":"48","COUNTYFP":"141","TRACTCE":"001800","AFFGEOID":"1400000US48141001800","GEOID":"48141001800","NAME":"18","LSAD":"CT","ALAND":1057247,"AWATER":0}},
{"type":"Feature","geometry":{"type":"Polygon","coordinates":[[[-106.371794,31.738943],[-106.37286399999999,31.738045],[-106.369763,31.735547999999998],[-106.377721,31.734658],[-106.378094,31.735906],[-106.384528,31.735174999999998],[-106.385806164653,31.734680711076596],[-106.381039,31.73211],[-106.379375,31.730262999999997],[-106.378039,31.728309999999997],[-106.373839,31.71481],[-106.37237,31.712569],[-106.370139,31.71071],[-106.368320650255,31.7095299349061],[-106.367995,31.711114],[-106.36787,31.711544999999997],[-106.36643,31.713732],[-106.363334,31.721261],[-106.363792,31.723188999999998],[-106.363805,31.724700000000002],[-106.363831,31.727493],[-106.361985,31.729287999999997],[-106.363528,31.731911999999998],[-106.365486,31.733579],[-106.371794,31.738943]]]},"properties":{"STATEFP":"48","COUNTYFP":"141","TRACTCE":"003801","AFFGEOID":"1400000US48141003801","GEOID":"48141003801","NAME":"38.01","LSAD":"CT","ALAND":3204444,"AWATER":49504}},
{"type":"Feature","geometry":{"type":"Polygon","coordinates":[[[-106.587386,31.860187999999997],[-106.588603,31.859918999999998],[-106.597688,31.859911],[-106.595983,31.864455999999997],[-106.595973,31.864863],[-106.595974,31.866114],[-106.603681,31.865854],[-106.603903,31.864622999999998],[-106.606455,31.851748999999998],[-106.605949,31.846739999999997],[-106.605746,31.846238999999997],[-106.59849,31.844842999999997],[-106.591498,31.843497],[-106.580055,31.841286],[-106.579751,31.841237],[-106.582714,31.848867],[-106.583213,31.850116999999997],[-106.587089,31.860165],[-106.587386,31.860187999999997]]]},"properties":{"STATEFP":"48","COUNTYFP":"141","TRACTCE":"001301","AFFGEOID":"1400000US48141001301","GEOID":"48141001301","NAME":"13.01","LSAD":"CT","ALAND":4116278,"AWATER":94129}},
{"type":"Feature","geometry":{"type":"Polygon","coordinates":[[[-106.37809,31.792163],[-106.377805,31.790754999999997],[-106.378418,31.788248999999997],[-106.377734,31.784498],[-106.37818,31.782773],[-106.377319,31.782885],[-106.377211,31.780538999999997],[-106.379278,31.779068],[-106.375468,31.776291999999998],[-106.374534,31.775751999999997],[-106.374637,31.775658999999997],[-106.377265,31.771597999999997],[-106.371736,31.769009999999998],[-106.370653,31.768397],[-106.36420000000001,31.764407],[-106.363479,31.765304999999998],[-106.363255,31.766351],[-106.365379,31.771953999999997],[-106.364392,31.773826999999997],[-106.361274,31.774037],[-106.360667,31.77405],[-106.360734,31.778136999999997],[-106.36067800000001,31.787232999999997],[-106.359646,31.786856999999998],[-106.359287,31.787581],[-106.359202,31.789068999999998],[-106.359256,31.792122],[-106.359397,31.794000999999998],[-106.359321,31.794621999999997],[-106.361571,31.794338],[-106.371934,31.79298],[-106.37809,31.792163]]]},"properties":{"STATEFP":"48","COUNTYFP":"141","TRACTCE":"003404","AFFGEOID":"1400000US48141003404","GEOID":"48141003404","NAME":"34.04","LSAD":"CT","ALAND":4253356,"AWATER":6239}},
{"type":"Feature","geometry":{"type":"Polygon","coordinates":[[[-106.251378,31.634176999999998],[-106.259116,31.632894],[-106.264312,31.632769],[-106.259019,31.626776999999997],[-106.261741,31.625114999999997],[-106.264258,31.624017],[-106.262995,31.622106],[-106.259635,31.610885999999997],[-106.259374,31.610045999999997],[-106.258811,31.608144999999997],[-106.254282,31.599254],[-106.253896,31.598488],[-106.251677,31.594012],[-106.246763,31.584705],[-106.238613,31.585721],[-106.237837,31.585828999999997],[-106.235562,31.579756999999997],[-106.2312,31.575433999999998],[-106.226578,31.578615],[-106.226341,31.579766],[-106.221316,31.580838],[-106.221275,31.581628],[-106.223286,31.585376],[-106.222552,31.58559],[-106.218076,31.585234],[-106.214023,31.586254],[-106.208792,31.589298999999997],[-106.212425,31.592426999999997],[-106.222751,31.600882],[-106.225211,31.603443],[-106.236659,31.615790999999998],[-106.240852,31.620376],[-106.243451,31.622135999999998],[-106.246078,31.625642],[-106.246658,31.627609],[-106.249104,31.631024],[-106.251378,31.634176999999998]]]},"properties":{"STATEFP":"48","COUNTYFP":"141","TRACTCE":"010404","AFFGEOID":"1400000US48141010404","GEOID":"48141010404","NAME":"104.04","LSAD":"CT","ALAND":14618405,"AWATER":128655}},
{"type":"Feature","geometry":{"type":"Polygon","coordinates":[[[-106.549666,31.815082],[-106.545636,31.810985],[-106.544774,31.810342],[-106.542198,31.809428999999998],[-106.533025,31.809313999999997],[-106.533145,31.809478],[-106.536544,31.812606],[-106.532095,31.814653],[-106.531012,31.815704],[-106.527031,31.815596],[-106.527048,31.813990999999998],[-106.522662,31.814719999999998],[-106.522719,31.816081999999998],[-106.520846,31.815913],[-106.51793,31.817659],[-106.5173,31.817093999999997],[-106.515829,31.818032],[-106.522997,31.824408],[-106.523122,31.824517999999998],[-106.525943,31.827026999999998],[-106.527754,31.828636999999997],[-106.529216,31.827579],[-106.536259,31.823338999999997],[-106.536701,31.823069999999998],[-106.538991,31.8214],[-106.54148,31.819528],[-106.543478,31.818845999999997],[-106.545348,31.818209],[-106.549666,31.815082]]]},"properties":{"STATEFP":"48","COUNTYFP":"141","TRACTCE":"001114","AFFGEOID":"1400000US48141001114","GEOID":"48141001114","NAME":"11.14","LSAD":"CT","ALAND":3195648,"AWATER":1571}},
{"type":"Feature","geometry":{"type":"Polygon","coordinates":[[[-106.284117,31.701351],[-106.271393,31.690084],[-106.266932,31.686128],[-106.254019,31.69763],[-106.25283,31.698386],[-106.250445,31.69918],[-106.244804,31.699354999999997],[-106.211898,31.699340999999997],[-106.211678,31.699333999999997],[-106.198776,31.699306],[-106.197771,31.699319],[-106.196358,31.699319],[-106.193869,31.694416999999998],[-106.187918,31.684955],[-106.187576,31.682733],[-106.181418,31.682744999999997],[-106.164383,31.682726],[-106.147518,31.682727],[-106.147773,31.711851],[-106.147862,31.720561999999997],[-106.198074,31.729654999999998],[-106.216148,31.732778],[-106.233301,31.735111],[-106.238605,31.737019],[-106.250363,31.739198],[-106.255492,31.740091999999997],[-106.258756,31.740565],[-106.261463,31.741327],[-106.267087,31.742234999999997],[-106.267028,31.741052999999997],[-106.267039,31.74053],[-106.267129,31.736399],[-106.266862,31.726176],[-106.266863,31.724142999999998],[-106.267379,31.721362],[-106.267855,31.720091],[-106.268751,31.718394999999997],[-106.26982699999999,31.716928],[-106.284117,31.701351]]]},"properties":{"STATEFP":"48","COUNTYFP":"141","TRACTCE":"010342","AFFGEOID":"1400000US48141010342","GEOID":"48141010342","NAME":"103.42","LSAD":"CT","ALAND":51842681,"AWATER":0}},
{"type":"Feature","geometry":{"type":"Polygon","coordinates":[[[-106.343109,31.725821],[-106.339901,31.723983999999998],[-106.337205,31.722842],[-106.336153,31.722406],[-106.334237,31.721597],[-106.329976,31.719731999999997],[-106.327059,31.716444],[-106.317523,31.704952],[-106.316269,31.706001999999998],[-106.315586,31.706602999999998],[-106.314843,31.707286],[-106.313162,31.709277],[-106.30476,31.720658],[-106.315117,31.730604],[-106.315692,31.731158999999998],[-106.324837,31.739863999999997],[-106.325562,31.738820999999998],[-106.328431,31.730228],[-106.32988399999999,31.730607],[-106.334238,31.731662],[-106.3347,31.729688999999997],[-106.334995,31.729388999999998],[-106.336353,31.728507999999998],[-106.343109,31.725821]]]},"properties":{"STATEFP":"48","COUNTYFP":"141","TRACTCE":"004103","AFFGEOID":"1400000US48141004103","GEOID":"48141004103","NAME":"41.03","LSAD":"CT","ALAND":5815355,"AWATER":0}},
{"type":"Feature","geometry":{"type":"Polygon","coordinates":[[[-106.515829,31.818032],[-106.5173,31.817093999999997],[-106.51793,31.817659],[-106.520846,31.815913],[-106.522719,31.816081999999998],[-106.522662,31.814719999999998],[-106.527048,31.813990999999998],[-106.527031,31.815596],[-106.531012,31.815704],[-106.532095,31.814653],[-106.536544,31.812606],[-106.533145,31.809478],[-106.533025,31.809313999999997],[-106.528943,31.809292],[-106.52608599999999,31.80877],[-106.523347,31.807017],[-106.522289,31.805556],[-106.520644,31.802000000000003],[-106.519919,31.799135],[-106.519932,31.792928999999997],[-106.51766,31.79476],[-106.516463,31.795288],[-106.514993,31.795492999999997],[-106.511185,31.795211],[-106.511232,31.798275999999998],[-106.509635,31.802985],[-106.509365,31.805213],[-106.509447,31.806925999999997],[-106.512337,31.811034],[-106.513867,31.815862],[-106.515829,31.818032]]]},"properties":{"STATEFP":"48","COUNTYFP":"141","TRACTCE":"001115","AFFGEOID":"1400000US48141001115","GEOID":"48141001115","NAME":"11.15","LSAD":"CT","ALAND":3110579,"AWATER":55654}},
{"type":"Feature","geometry":{"type":"Polygon","coordinates":[[[-106.582636,31.974553999999998],[-106.583406,31.974731],[-106.585296,31.97402],[-106.60454,31.973961],[-106.604265,31.969261999999997],[-106.604118,31.966775],[-106.603675,31.959253999999998],[-106.603672,31.959183],[-106.60332,31.954684],[-106.602814,31.944641999999998],[-106.602613,31.941216999999998],[-106.602523,31.939781999999997],[-106.60249,31.939227],[-106.601714,31.926164999999997],[-106.601995,31.926116999999998],[-106.601349,31.915186],[-106.600942,31.908282],[-106.59995,31.908172999999998],[-106.590913,31.908334],[-106.586899,31.907802999999998],[-106.582678,31.908361],[-106.582664,31.925573999999997],[-106.582658,31.938222],[-106.582658,31.941891],[-106.582657,31.942351],[-106.582649,31.94998],[-106.582645,31.95472],[-106.582657,31.957711],[-106.582639,31.967726],[-106.582634,31.971328],[-106.582636,31.974553999999998]]]},"properties":{"STATEFP":"48","COUNTYFP":"141","TRACTCE":"010221","AFFGEOID":"1400000US48141010221","GEOID":"48141010221","NAME":"102.21","LSAD":"CT","ALAND":13774698,"AWATER":24869}},
{"type":"Feature","geometry":{"type":"Polygon","coordinates":[[[-106.473482,31.771973],[-106.473494,31.769955],[-106.469391,31.772589],[-106.468946,31.771697],[-106.46638899999999,31.768797],[-106.463508,31.765423],[-106.467672,31.763346],[-106.466912,31.759570999999998],[-106.455292,31.764080999999997],[-106.453344,31.764459],[-106.45156004536202,31.7643541535432],[-106.451567,31.766992],[-106.450948,31.76877],[-106.450902,31.769008999999997],[-106.450873,31.769092999999998],[-106.450807,31.769257999999997],[-106.450939,31.769302],[-106.452539,31.769616],[-106.452453,31.771331],[-106.452445,31.772347],[-106.452436,31.773342],[-106.452401,31.777555],[-106.451075,31.778209999999998],[-106.452572,31.778236],[-106.459974,31.778264],[-106.461485,31.778264999999998],[-106.46298,31.778122999999997],[-106.463761,31.777924],[-106.46507199999999,31.777351999999997],[-106.473482,31.771973]]]},"properties":{"STATEFP":"48","COUNTYFP":"141","TRACTCE":"002800","AFFGEOID":"1400000US48141002800","GEOID":"48141002800","NAME":"28","LSAD":"CT","ALAND":2412496,"AWATER":0}},
{"type":"Feature","geometry":{"type":"Polygon","coordinates":[[[-106.582678,31.908361],[-106.586899,31.907802999999998],[-106.590913,31.908334],[-106.59995,31.908172999999998],[-106.600942,31.908282],[-106.599299,31.892564],[-106.59906,31.890846],[-106.597366,31.885904999999998],[-106.594634,31.878867999999997],[-106.594117,31.877537],[-106.587386,31.860187999999997],[-106.587089,31.860165],[-106.585676,31.860659],[-106.58368899999999,31.862674],[-106.582685,31.86327],[-106.577039,31.863622],[-106.577834,31.866885999999997],[-106.580943,31.879548999999997],[-106.581831,31.883157999999998],[-106.582596,31.886663],[-106.582678,31.908361]]]},"properties":{"STATEFP":"48","COUNTYFP":"141","TRACTCE":"010216","AFFGEOID":"1400000US48141010216","GEOID":"48141010216","NAME":"102.16","LSAD":"CT","ALAND":7226259,"AWATER":0}},
{"type":"Feature","geometry":{"type":"Polygon","coordinates":[[[-106.424052,31.913762],[-106.423805,31.910535999999997],[-106.423787,31.90835],[-106.42378,31.905369999999998],[-106.421558,31.906146],[-106.414224,31.906319999999997],[-106.407077,31.906461],[-106.407157,31.910102],[-106.407263,31.913756],[-106.417444,31.913584],[-106.422315,31.913498999999998],[-106.422322,31.914005999999997],[-106.424052,31.913762]]]},"properties":{"STATEFP":"48","COUNTYFP":"141","TRACTCE":"000109","AFFGEOID":"1400000US48141000109","GEOID":"48141000109","NAME":"1.09","LSAD":"CT","ALAND":1296568,"AWATER":0}},
{"type":"Feature","geometry":{"type":"Polygon","coordinates":[[[-106.514747266624,32.000931603539705],[-106.51344399999999,31.998683999999997],[-106.516443,31.993762],[-106.514542,31.990848999999997],[-106.514441,31.986131],[-106.505639,31.980093],[-106.499136,31.971555],[-106.496234,31.961716],[-106.496733,31.955792],[-106.495131,31.948864999999998],[-106.497217,31.883212],[-106.497236,31.878521],[-106.494943,31.868904999999998],[-106.490341,31.869297999999997],[-106.490329,31.868508],[-106.456563,31.869325],[-106.45373,31.869380999999997],[-106.453545,31.869408999999997],[-106.450204,31.869477999999997],[-106.442685,31.869611],[-106.440881,31.869629],[-106.441486,31.898262],[-106.440799,31.898269],[-106.441018,31.905904999999997],[-106.441141,31.91014],[-106.44120000000001,31.912851999999997],[-106.441296,31.917792],[-106.441206,31.918646],[-106.440525,31.920685],[-106.439357,31.922345],[-106.440943,31.923759999999998],[-106.44153299999999,31.929976],[-106.441661,31.936114],[-106.441765,31.940638],[-106.443174,31.986784],[-106.443614,31.999329999999997],[-106.443916071922,32.001206529737004],[-106.462788584466,32.0011332774344],[-106.476664052092,32.001079420802895],[-106.514747266624,32.000931603539705]]]},"properties":{"STATEFP":"48","COUNTYFP":"141","TRACTCE":"010211","AFFGEOID":"1400000US48141010211","GEOID":"48141010211","NAME":"102.11","LSAD":"CT","ALAND":79552230,"AWATER":133971}},
{"type":"Feature","geometry":{"type":"Polygon","coordinates":[[[-106.267784,31.806627],[-106.267818,31.798053],[-106.267611,31.792216],[-106.257394,31.792441],[-106.255558,31.792792],[-106.250803,31.795106999999998],[-106.247691,31.796232999999997],[-106.243056,31.798095],[-106.23391,31.798337],[-106.230077,31.798098],[-106.229416,31.797676],[-106.223886,31.802823999999998],[-106.222231,31.804364999999997],[-106.217039,31.809195],[-106.213258,31.812724],[-106.212934,31.813892],[-106.216988,31.813309999999998],[-106.225167,31.812219],[-106.232259,31.811291999999998],[-106.234139,31.811045999999997],[-106.234323,31.811021999999998],[-106.245889,31.80951],[-106.25285,31.808587],[-106.267673,31.806641],[-106.267784,31.806627]]]},"properties":{"STATEFP":"48","COUNTYFP":"141","TRACTCE":"010331","AFFGEOID":"1400000US48141010331","GEOID":"48141010331","NAME":"103.31","LSAD":"CT","ALAND":6773571,"AWATER":0}},
{"type":"Feature","geometry":{"type":"Polygon","coordinates":[[[-106.461417,31.794898999999997],[-106.461424,31.792203999999998],[-106.461431,31.790367],[-106.461434,31.789548999999997],[-106.461448,31.786825999999998],[-106.46145,31.786226],[-106.461439,31.785507],[-106.458375,31.787150999999998],[-106.458386,31.785763999999997],[-106.45841,31.783731],[-106.455379,31.783714],[-106.450838,31.783686],[-106.449568,31.783676999999997],[-106.449546,31.786706],[-106.449509,31.790802],[-106.449524,31.793409999999998],[-106.448648,31.794428],[-106.447249,31.796052999999997],[-106.449155,31.796671],[-106.450833,31.794866],[-106.453996,31.794877],[-106.456875,31.794888],[-106.461417,31.794898999999997]]]},"properties":{"STATEFP":"48","COUNTYFP":"141","TRACTCE":"002400","AFFGEOID":"1400000US48141002400","GEOID":"48141002400","NAME":"24","LSAD":"CT","ALAND":1367045,"AWATER":0}},
{"type":"Feature","geometry":{"type":"Polygon","coordinates":[[[-106.346436,31.729702],[-106.347943,31.728589999999997],[-106.343109,31.725821],[-106.336353,31.728507999999998],[-106.334995,31.729388999999998],[-106.3347,31.729688999999997],[-106.334238,31.731662],[-106.333719,31.735086],[-106.333144,31.738602999999998],[-106.332287,31.743814999999998],[-106.331852,31.744386],[-106.336587,31.747314],[-106.345255,31.752675999999997],[-106.345974,31.751665],[-106.345893,31.739269999999998],[-106.345807,31.738477999999997],[-106.344761,31.735602999999998],[-106.344063,31.733113],[-106.346436,31.729702]]]},"properties":{"STATEFP":"48","COUNTYFP":"141","TRACTCE":"004106","AFFGEOID":"1400000US48141004106","GEOID":"48141004106","NAME":"41.06","LSAD":"CT","ALAND":2789298,"AWATER":0}},
{"type":"Feature","geometry":{"type":"Polygon","coordinates":[[[-106.21316415674401,31.473244648249597],[-106.208835,31.468349999999997],[-106.206544,31.466199],[-106.205042,31.465041999999997],[-106.203253,31.46401],[-106.199606,31.462308],[-106.194417,31.461001],[-106.194343,31.460658],[-106.180304,31.457106999999997],[-106.178378,31.456464999999998],[-106.175625,31.455205999999997],[-106.174065,31.454179999999997],[-106.171789,31.452568999999997],[-106.170276,31.451289],[-106.166071,31.446963],[-106.163043,31.443544],[-106.159268,31.439189],[-106.156428,31.437040999999997],[-106.154235,31.435716999999997],[-106.142793,31.430125999999998],[-106.141655,31.432409999999997],[-106.144895,31.436604],[-106.141298,31.438951],[-106.139969,31.441612],[-106.137579,31.443527999999997],[-106.135415,31.444567],[-106.133967,31.445234],[-106.130304,31.446638999999998],[-106.12649,31.447501],[-106.125635,31.447404],[-106.123409,31.446419],[-106.121742,31.445166999999998],[-106.121698,31.445131999999997],[-106.118353,31.447954],[-106.118884,31.451735999999997],[-106.115655,31.455482999999997],[-106.113791,31.457193],[-106.111283,31.455485999999997],[-106.106415,31.459884],[-106.127145,31.476720999999998],[-106.145197,31.491570999999997],[-106.149211,31.494868],[-106.148115,31.495873999999997],[-106.149137,31.496920999999997],[-106.142854,31.50199],[-106.142388,31.502091999999998],[-106.142365,31.50708],[-106.142349,31.509559],[-106.142349,31.510453],[-106.1447,31.512655],[-106.14970000000001,31.509221],[-106.15643299999999,31.504434],[-106.157816,31.503442],[-106.158693,31.502822],[-106.15993399999999,31.501935999999997],[-106.162502,31.501324],[-106.166793,31.498541999999997],[-106.17278400000001,31.494643],[-106.183803,31.487766999999998],[-106.186634,31.490617999999998],[-106.21316415674401,31.473244648249597]]]},"properties":{"STATEFP":"48","COUNTYFP":"141","TRACTCE":"010505","AFFGEOID":"1400000US48141010505","GEOID":"48141010505","NAME":"105.05","LSAD":"CT","ALAND":39785023,"AWATER":30541}}
]}