{"type":"FeatureCollection", "features": [
{"type":"Feature","geometry":{"type":"Polygon","coordinates":[[[-106.05045734599986,32.002412317859424],[-106.125534,32.002533],[-106.18184,32.00205],[-106.200699,32.001785],[-106.205915,32.001762],[-106.313307,32.001512],[-106.32356972407177,32.00145709667079],[-106.324312,32.000121],[-106.358591,31.946256],[-106.37014,31.928804],[-106.379334,31.914168],[-106.388341,31.899805],[-106.397625,31.885011],[-106.406041,31.871605],[-106.406441,31.870305],[-106.416078,31.855593],[-106.424991,31.841681],[-106.429075,31.83519],[-106.429071,31.835032],[-106.428841,31.828106],[-106.42438,31.828108],[-106.422941,31.827907],[-106.422248,31.827907],[-106.421741,31.827907],[-106.421641,31.827407],[-106.421641,31.826307],[-106.404744,31.826408],[-106.404741,31.826279],[-106.404441,31.819807],[-106.40294,31.819407],[-106.378519,31.820602],[-106.366822,31.827897],[-106.350239,31.838207],[-106.331139,31.838707],[-106.329739,31.798508],[-106.323438,31.799408],[-106.320915,31.799512],[-106.310402,31.800778],[-106.302358,31.802117],[-106.286387,31.804263],[-106.273137,31.806008],[-106.273185,31.832371],[-106.265708,31.832405],[-106.26371400000001,31.83339433333333],[-106.259833,31.83395],[-106.204635,31.833908],[-106.204042,31.869676],[-106.204473,31.873585],[-106.204336,31.887606],[-106.167309,31.887797],[-106.116349,31.888072],[-106.099844,31.888181],[-106.10046,31.96657],[-106.050287,31.966808],[-106.05045734599986,32.002412317859424]]]},"properties":{"AREA":0.0450169018004199,"PERIMETER":1.10274149083044,"TR48_D00_":1758,"TR48_D00_I":1757,"STATE":"48","COUNTY":"141","TRACT":"010101","NAME":"0101.01","LSAD":"TR","LSAD_TRANS":""}},
{"type":"Feature","geometry":{"type":"Polygon","coordinates":[[[-105.998003,32.002328],[-106.05045734599986,32.002412317859424],[-106.050287,31.966808],[-106.10046,31.96657],[-106.099844,31.888181],[-106.116349,31.888072],[-106.119103,31.885917],[-106.121249,31.883189],[-106.125534,31.876659],[-106.127109,31.873325],[-106.132781,31.872279],[-106.142059,31.870445],[-106.147053,31.868251],[-106.149677,31.868164],[-106.149723,31.862741],[-106.142025,31.862561],[-106.14181,31.865335],[-106.137667,31.865371],[-106.137516,31.864056],[-106.13306,31.864026],[-106.133714,31.826995],[-106.136506,31.824222],[-106.10651,31.829412],[-106.063274,31.833705],[-106.05761,31.83437],[-106.048269,31.839021],[-106.040969,31.839295],[-106.030045,31.836749],[-106.025242,31.834548],[-106.019417,31.834638],[-106.017753,31.834248],[-106.014211,31.832964],[-106.009032,31.83012],[-105.996176,31.829194],[-105.996629,31.891621],[-105.996644,31.892087],[-105.996662,31.892633],[-105.996673,31.893887],[-105.997105,31.933234],[-105.997117,31.934391],[-105.998003,32.002328]]]},"properties":{"AREA":0.0175793226259376,"PERIMETER":0.658778526749657,"TR48_D00_":1759,"TR48_D00_I":1758,"STATE":"48","COUNTY":"141","TRACT":"010319","NAME":"0103.19","LSAD":"TR","LSAD_TRANS":""}},
{"type":"Feature","geometry":{"type":"Polygon","coordinates":[[[-106.40910857411407,32.001351581443814],[-106.409328,32.001145],[-106.408718,31.95829],[-106.407749,31.945506],[-106.407343,31.934117],[-106.407641,31.928504],[-106.405118,31.928455],[-106.389741,31.928604],[-106.377254,31.928533],[-106.37014,31.928804],[-106.358591,31.946256],[-106.324312,32.000121],[-106.32356972407177,32.00145709667079],[-106.376861,32.001172],[-106.394298,32.001484],[-106.40910857411407,32.001351581443814]]]},"properties":{"AREA":0.00449624999733933,"PERIMETER":0.282352192974156,"TR48_D00_":1762,"TR48_D00_I":1761,"STATE":"48","COUNTY":"141","TRACT":"010207","NAME":"0102.07","LSAD":"TR","LSAD_TRANS":""}},
{"type":"Feature","geometry":{"type":"Polygon","coordinates":[[[-106.40910857411407,32.001351581443814],[-106.4093269342233,32.00134962912717],[-106.411075,32.001334],[-106.51704311584439,32.00092269236582],[-106.517134,32.000101],[-106.514745,32.000101],[-106.513445,31.998701],[-106.516445,31.993801],[-106.514545,31.990901],[-106.514445,31.986201],[-106.505645,31.980201],[-106.499144,31.971702],[-106.496244,31.961902],[-106.496744,31.956002],[-106.495144,31.949102],[-106.497048,31.88136],[-106.494943,31.868905],[-106.490643,31.869305],[-106.456342,31.869405],[-106.450142,31.869505],[-106.444442,31.869705],[-106.441642,31.869805],[-106.44093,31.869841],[-106.440042,31.869805],[-106.441042,31.898804],[-106.440842,31.898804],[-106.440942,31.905204],[-106.441142,31.909704],[-106.441342,31.909704],[-106.441442,31.912504],[-106.441442,31.913504],[-106.441542,31.918604],[-106.441586,31.919923],[-106.440152,31.921521],[-106.422938,31.934698],[-106.422268,31.931862],[-106.419542,31.928504],[-106.411841,31.928504],[-106.407641,31.928504],[-106.407343,31.934117],[-106.407749,31.945506],[-106.408718,31.95829],[-106.409328,32.001145],[-106.40910857411407,32.001351581443814]]]},"properties":{"AREA":0.0100654300228683,"PERIMETER":0.47338660641098,"TR48_D00_":1763,"TR48_D00_I":1762,"STATE":"48","COUNTY":"141","TRACT":"010206","NAME":"0102.06","LSAD":"TR","LSAD_TRANS":""}},
{"type":"Feature","geometry":{"type":"Polygon","coordinates":[[[-106.58280511423285,32.00075135758613],[-106.582718,31.97455],[-106.583084,31.974531],[-106.583334,31.974422],[-106.585083,31.973657],[-106.604265,31.973787],[-106.604066,31.971136],[-106.603959,31.969263],[-106.604371,31.969255],[-106.604677,31.969072],[-106.605089,31.968736],[-106.605653,31.968996],[-106.609102,31.973833],[-106.610471,31.974601],[-106.613985,31.976526],[-106.62833707232653,31.990253636712822],[-106.62949461764362,31.990072722748106],[-106.631182,31.989809],[-106.636492,31.985719],[-106.639529,31.980348],[-106.638186,31.97682],[-106.630114,31.971258],[-106.626466,31.97069],[-106.623216,31.97291],[-106.621873,31.972933],[-106.619569,31.971578],[-106.618745,31.966955],[-106.619371,31.964777],[-106.620454,31.963403],[-106.624299,31.961054],[-106.625535,31.957476],[-106.625123,31.954531],[-106.622819,31.952891],[-106.617708,31.956008],[-106.614702,31.956],[-106.616136,31.948439],[-106.623659,31.94551],[-106.622377,31.940863],[-106.622117,31.936621],[-106.622529,31.934863],[-106.625322,31.930053],[-106.629747,31.92657],[-106.628663,31.923614],[-106.6240225868775,31.92530240401349],[-106.623933,31.925335],[-106.61606362964531,31.921863544491504],[-106.611846,31.920003],[-106.614346,31.918003],[-106.61467748039423,31.917858407661857],[-106.61833653129058,31.916262323146242],[-106.61351,31.915062],[-106.605088,31.914986],[-106.601255,31.914968],[-106.600833,31.908053],[-106.599808,31.908028],[-106.5913,31.908042],[-106.590859,31.908048],[-106.589524,31.908066],[-106.58281,31.908062],[-106.566482,31.907219],[-106.557952,31.905384],[-106.544525,31.904244],[-106.537597,31.906345],[-106.528654,31.907226],[-106.525664,31.906967],[-106.523695,31.905644],[-106.517226,31.896729],[-106.510268,31.890393],[-106.50305,31.884614],[-106.497048,31.88136],[-106.495144,31.949102],[-106.496744,31.956002],[-106.496244,31.961902],[-106.499144,31.971702],[-106.505645,31.980201],[-106.514445,31.986201],[-106.514545,31.990901],[-106.516445,31.993801],[-106.513445,31.998701],[-106.514745,32.000101],[-106.517134,32.000101],[-106.51704311584439,32.00092269236582],[-106.55942760630407,32.000758180008894],[-106.56213186270607,32.00074768363181],[-106.5642985140268,32.00073927393025],[-106.565142,32.000736],[-106.566056,32.000759],[-106.58280511423285,32.00075135758613]]]},"properties":{"AREA":0.0108419969908896,"PERIMETER":0.5612978591629,"TR48_D00_":1764,"TR48_D00_I":1763,"STATE":"48","COUNTY":"141","TRACT":"010208","NAME":"0102.08","LSAD":"TR","LSAD_TRANS":""}},
{"type":"Feature","geometry":{"type":"Polygon","coordinates":[[[-106.58280511423285,32.00075135758613],[-106.587972,32.000749],[-106.595333,32.000778],[-106.598639,32.000754],[-106.599096,32.000731],[-106.618486,32.000495],[-106.619448,31.994733],[-106.623568,31.990999],[-106.6269108828748,31.990476537349487],[-106.62822051159516,31.99027185411108],[-106.62833707232653,31.990253636712822],[-106.613985,31.976526],[-106.610471,31.974601],[-106.609102,31.973833],[-106.605653,31.968996],[-106.605089,31.968736],[-106.604677,31.969072],[-106.604371,31.969255],[-106.603959,31.969263],[-106.604066,31.971136],[-106.604265,31.973787],[-106.585083,31.973657],[-106.583334,31.974422],[-106.583084,31.974531],[-106.582718,31.97455],[-106.58280511423285,32.00075135758613]]]},"properties":{"AREA":0.00101390786306708,"PERIMETER":0.137677469308705,"TR48_D00_":1765,"TR48_D00_I":1764,"STATE":"48","COUNTY":"141","TRACT":"010203","NAME":"0102.03","LSAD":"TR","LSAD_TRANS":""}},
{"type":"Feature","geometry":{"type":"Polygon","coordinates":[[[-106.419542,31.928504],[-106.422268,31.931862],[-106.422938,31.934698],[-106.440152,31.921521],[-106.441586,31.919923],[-106.441542,31.918604],[-106.441442,31.913504],[-106.436042,31.913604],[-106.432642,31.913645],[-106.424342,31.913804],[-106.422842,31.914004],[-106.422942,31.914704],[-106.423042,31.915704],[-106.423542,31.919004],[-106.423342,31.919604],[-106.422542,31.922404],[-106.422642,31.923004],[-106.422542,31.923204],[-106.422542,31.923704],[-106.421742,31.925404],[-106.420042,31.926704],[-106.419542,31.928504]]]},"properties":{"AREA":0.000274623294999943,"PERIMETER":0.071914687691432,"TR48_D00_":1785,"TR48_D00_I":1784,"STATE":"48","COUNTY":"141","TRACT":"000106","NAME":"0001.06","LSAD":"TR","LSAD_TRANS":""}},
{"type":"Feature","geometry":{"type":"Polygon","coordinates":[[[-106.37014,31.928804],[-106.377254,31.928533],[-106.389741,31.928604],[-106.392141,31.925104],[-106.393941,31.922404],[-106.401841,31.910304],[-106.404141,31.906704],[-106.406541,31.903104],[-106.406941,31.902304],[-106.406841,31.899405],[-106.404341,31.899505],[-106.399441,31.899605],[-106.396281,31.899641],[-106.394241,31.899805],[-106.388741,31.899805],[-106.388341,31.899805],[-106.379334,31.914168],[-106.37014,31.928804]]]},"properties":{"AREA":0.000575391128999928,"PERIMETER":0.106687081071457,"TR48_D00_":1786,"TR48_D00_I":1785,"STATE":"48","COUNTY":"141","TRACT":"000203","NAME":"0002.03","LSAD":"TR","LSAD_TRANS":""}},
{"type":"Feature","geometry":{"type":"Polygon","coordinates":[[[-106.389741,31.928604],[-106.405118,31.928455],[-106.407641,31.928504],[-106.407441,31.923604],[-106.407541,31.921604],[-106.407441,31.919104],[-106.407441,31.916804],[-106.407341,31.914104],[-106.407241,31.913804],[-106.407141,31.910204],[-106.407041,31.906704],[-106.407141,31.906004],[-106.406941,31.902304],[-106.406541,31.903104],[-106.404141,31.906704],[-106.401841,31.910304],[-106.393941,31.922404],[-106.392141,31.925104],[-106.389741,31.928604]]]},"properties":{"AREA":0.000231570300000056,"PERIMETER":0.0755756906534383,"TR48_D00_":1787,"TR48_D00_I":1786,"STATE":"48","COUNTY":"141","TRACT":"000108","NAME":"0001.08","LSAD":"TR","LSAD_TRANS":""}},
{"type":"Feature","geometry":{"type":"Polygon","coordinates":[[[-106.419542,31.928504],[-106.420042,31.926704],[-106.421742,31.925404],[-106.422542,31.923704],[-106.422542,31.923204],[-106.422642,31.923004],[-106.422542,31.922404],[-106.423342,31.919604],[-106.423542,31.919004],[-106.423042,31.915704],[-106.422942,31.914704],[-106.422842,31.914004],[-106.422842,31.913704],[-106.418242,31.913704],[-106.407241,31.913804],[-106.407341,31.914104],[-106.407441,31.916804],[-106.407441,31.919104],[-106.407541,31.921604],[-106.407441,31.923604],[-106.407641,31.928504],[-106.411841,31.928504],[-106.419542,31.928504]]]},"properties":{"AREA":0.000219614749999986,"PERIMETER":0.0583423288355933,"TR48_D00_":1788,"TR48_D00_I":1787,"STATE":"48","COUNTY":"141","TRACT":"000107","NAME":"0001.07","LSAD":"TR","LSAD_TRANS":""}},
{"type":"Feature","geometry":{"type":"Polygon","coordinates":[[[-106.600833,31.908053],[-106.601255,31.914968],[-106.605088,31.914986],[-106.61351,31.915062],[-106.61833653129058,31.916262323146242],[-106.623445,31.914034],[-106.625947,31.912227],[-106.63340873608554,31.909871832166758],[-106.633668,31.90979],[-106.63512839833713,31.9087327791179],[-106.64084,31.904598],[-106.645479,31.89867],[-106.645646,31.895649],[-106.645296,31.894859],[-106.6429,31.892933],[-106.63836416575866,31.89171923904625],[-106.638154,31.891663],[-106.63631733212068,31.890585853164698],[-106.63507346379966,31.88985636426765],[-106.633927,31.889184],[-106.630692,31.886411],[-106.6305303819206,31.886119763139842],[-106.6304435275585,31.885963250998383],[-106.62994894161035,31.88507200381156],[-106.629197,31.883717],[-106.62927136158564,31.883530399766403],[-106.630799,31.879697],[-106.634873,31.874478],[-106.63588,31.871514],[-106.635926,31.866235],[-106.62970835795679,31.861913746439047],[-106.627808,31.860593],[-106.625763,31.856276],[-106.621857,31.852854],[-106.614637,31.84649],[-106.605845,31.846305],[-106.605945,31.846505],[-106.606545,31.850905],[-106.603746,31.866404],[-106.596045,31.866804],[-106.595864,31.866814],[-106.596345,31.862905],[-106.596745,31.862905],[-106.597745,31.860105],[-106.587445,31.860105],[-106.592345,31.872904],[-106.593975,31.877281],[-106.597214,31.885735],[-106.598191,31.885728],[-106.598816,31.885728],[-106.598923,31.889428],[-106.598572,31.889462],[-106.600833,31.908053]]]},"properties":{"AREA":0.00231183598681239,"PERIMETER":0.236776783733492,"TR48_D00_":1796,"TR48_D00_I":1795,"STATE":"48","COUNTY":"141","TRACT":"010204","NAME":"0102.04","LSAD":"TR","LSAD_TRANS":""}},
{"type":"Feature","geometry":{"type":"Polygon","coordinates":[[[-106.424342,31.913804],[-106.424342,31.910404],[-106.424342,31.908104],[-106.424176,31.90522],[-106.424042,31.905304],[-106.423242,31.905804],[-106.417241,31.906404],[-106.413941,31.906504],[-106.412541,31.906504],[-106.407041,31.906704],[-106.407141,31.910204],[-106.407241,31.913804],[-106.418242,31.913704],[-106.422842,31.913704],[-106.422842,31.914004],[-106.424342,31.913804]]]},"properties":{"AREA":0.000127637850000002,"PERIMETER":0.0504439397488391,"TR48_D00_":1798,"TR48_D00_I":1797,"STATE":"48","COUNTY":"141","TRACT":"000109","NAME":"0001.09","LSAD":"TR","LSAD_TRANS":""}},
{"type":"Feature","geometry":{"type":"Polygon","coordinates":[[[-106.424342,31.913804],[-106.432642,31.913645],[-106.432842,31.911604],[-106.434042,31.909804],[-106.433942,31.909204],[-106.433742,31.906404],[-106.433842,31.903904],[-106.433942,31.902704],[-106.434942,31.902704],[-106.435242,31.899004],[-106.429942,31.899004],[-106.429042,31.899104],[-106.426242,31.899104],[-106.424142,31.899104],[-106.424342,31.899804],[-106.424542,31.902804],[-106.424042,31.902904],[-106.424176,31.90522],[-106.424342,31.908104],[-106.424342,31.910404],[-106.424342,31.913804]]]},"properties":{"AREA":0.000141473250000095,"PERIMETER":0.050608097648339,"TR48_D00_":1799,"TR48_D00_I":1798,"STATE":"48","COUNTY":"141","TRACT":"000112","NAME":"0001.12","LSAD":"TR","LSAD_TRANS":""}},
{"type":"Feature","geometry":{"type":"Polygon","coordinates":[[[-106.432642,31.913645],[-106.436042,31.913604],[-106.441442,31.913504],[-106.441442,31.912504],[-106.441342,31.909704],[-106.441142,31.909704],[-106.440942,31.905204],[-106.440842,31.898804],[-106.435242,31.899004],[-106.434942,31.902704],[-106.433942,31.902704],[-106.433842,31.903904],[-106.433742,31.906404],[-106.433942,31.909204],[-106.434042,31.909804],[-106.432842,31.911604],[-106.432642,31.913645]]]},"properties":{"AREA":0.000104245599999941,"PERIMETER":0.0453595693251828,"TR48_D00_":1800,"TR48_D00_I":1799,"STATE":"48","COUNTY":"141","TRACT":"000111","NAME":"0001.11","LSAD":"TR","LSAD_TRANS":""}},
{"type":"Feature","geometry":{"type":"Polygon","coordinates":[[[-106.497048,31.88136],[-106.50305,31.884614],[-106.510268,31.890393],[-106.517226,31.896729],[-106.523695,31.905644],[-106.525664,31.906967],[-106.528654,31.907226],[-106.537597,31.906345],[-106.544525,31.904244],[-106.557952,31.905384],[-106.566482,31.907219],[-106.58281,31.908062],[-106.589524,31.908066],[-106.590859,31.908048],[-106.5913,31.908042],[-106.599808,31.908028],[-106.600833,31.908053],[-106.598572,31.889462],[-106.598923,31.889428],[-106.598816,31.885728],[-106.598191,31.885728],[-106.597214,31.885735],[-106.593975,31.877281],[-106.592345,31.872904],[-106.587445,31.860105],[-106.587145,31.860205],[-106.583545,31.862005],[-106.577076,31.862392],[-106.574045,31.862505],[-106.568116,31.862469],[-106.564511,31.862502],[-106.564354,31.859438],[-106.563661,31.858818],[-106.562074,31.859241],[-106.559977,31.860632],[-106.559945,31.860805],[-106.559717,31.860893],[-106.558318,31.862299],[-106.550301,31.865647],[-106.546248,31.860491],[-106.542601,31.861078],[-106.53519,31.861587],[-106.53281,31.860839],[-106.528565,31.86191],[-106.527525,31.861766],[-106.527703,31.860483],[-106.526958,31.861382],[-106.525292,31.861086],[-106.525255,31.860428],[-106.521993,31.861154],[-106.520897,31.858669],[-106.519257,31.85865],[-106.519148,31.858564],[-106.518996,31.857061],[-106.521666,31.855871],[-106.520949,31.853987],[-106.520244,31.853705],[-106.514044,31.853705],[-106.514044,31.852905],[-106.512943,31.852905],[-106.509843,31.854005],[-106.501746,31.859715],[-106.4945,31.861296],[-106.493647,31.86146],[-106.494943,31.868905],[-106.497048,31.88136]]]},"properties":{"AREA":0.0041986366600004,"PERIMETER":0.304357586996493,"TR48_D00_":1802,"TR48_D00_I":1801,"STATE":"48","COUNTY":"141","TRACT":"010209","NAME":"0102.09","LSAD":"TR","LSAD_TRANS":""}},
{"type":"Feature","geometry":{"type":"Polygon","coordinates":[[[-106.407041,31.906704],[-106.412541,31.906504],[-106.413941,31.906504],[-106.417241,31.906404],[-106.423242,31.905804],[-106.424042,31.905304],[-106.424176,31.90522],[-106.424042,31.902904],[-106.424542,31.902804],[-106.424342,31.899804],[-106.424142,31.899104],[-106.416241,31.899304],[-106.412241,31.899405],[-106.408841,31.899405],[-106.406941,31.902304],[-106.407141,31.906004],[-106.407041,31.906704]]]},"properties":{"AREA":0.000118701349999917,"PERIMETER":0.047085530636597,"TR48_D00_":1803,"TR48_D00_I":1802,"STATE":"48","COUNTY":"141","TRACT":"000110","NAME":"0001.10","LSAD":"TR","LSAD_TRANS":""}},
{"type":"Feature","geometry":{"type":"Polygon","coordinates":[[[-106.408841,31.899405],[-106.410841,31.896505],[-106.412441,31.894005],[-106.413741,31.892105],[-106.415341,31.889605],[-106.417441,31.886405],[-106.418641,31.884605],[-106.420441,31.881805],[-106.422641,31.878505],[-106.417312,31.877683],[-106.412641,31.877505],[-106.412841,31.880605],[-106.410326,31.880637],[-106.409313,31.880673],[-106.406341,31.880705],[-106.406541,31.884905],[-106.406541,31.886405],[-106.406741,31.892205],[-106.406741,31.895805],[-106.406841,31.899005],[-106.406841,31.899405],[-106.406941,31.902304],[-106.408841,31.899405]]]},"properties":{"AREA":0.000186988962000016,"PERIMETER":0.0697974354325965,"TR48_D00_":1805,"TR48_D00_I":1804,"STATE":"48","COUNTY":"141","TRACT":"000205","NAME":"0002.05","LSAD":"TR","LSAD_TRANS":""}},
{"type":"Feature","geometry":{"type":"Polygon","coordinates":[[[-106.406841,31.899405],[-106.406841,31.899005],[-106.406741,31.895805],[-106.406741,31.892205],[-106.406541,31.886405],[-106.406541,31.884905],[-106.406341,31.880705],[-106.406241,31.876705],[-106.406241,31.872105],[-106.406041,31.871605],[-106.397625,31.885011],[-106.388341,31.899805],[-106.388741,31.899805],[-106.394241,31.899805],[-106.396281,31.899641],[-106.399441,31.899605],[-106.404341,31.899505],[-106.406841,31.899405]]]},"properties":{"AREA":0.000260190099999893,"PERIMETER":0.0796539352289832,"TR48_D00_":1807,"TR48_D00_I":1806,"STATE":"48","COUNTY":"141","TRACT":"000204","NAME":"0002.04","LSAD":"TR","LSAD_TRANS":""}},
{"type":"Feature","geometry":{"type":"Polygon","coordinates":[[[-106.424142,31.899104],[-106.426242,31.899104],[-106.429042,31.899104],[-106.429942,31.899004],[-106.435242,31.899004],[-106.440842,31.898804],[-106.441042,31.898804],[-106.440042,31.869805],[-106.434942,31.870005],[-106.428241,31.870105],[-106.423641,31.877005],[-106.423241,31.877505],[-106.422641,31.878505],[-106.420441,31.881805],[-106.418641,31.884605],[-106.417441,31.886405],[-106.415341,31.889605],[-106.413741,31.892105],[-106.412441,31.894005],[-106.410841,31.896505],[-106.408841,31.899405],[-106.412241,31.899405],[-106.416241,31.899304],[-106.424142,31.899104]]]},"properties":{"AREA":0.000637807848999923,"PERIMETER":0.108182005525872,"TR48_D00_":1808,"TR48_D00_I":1807,"STATE":"48","COUNTY":"141","TRACT":"000101","NAME":"0001.01","LSAD":"TR","LSAD_TRANS":""}},
{"type":"Feature","geometry":{"type":"Polygon","coordinates":[[[-106.273137,31.806008],[-106.264837,31.807608],[-106.262255,31.807347],[-106.252723,31.809056],[-106.224329,31.812721],[-106.223942,31.812768],[-106.211615,31.814252],[-106.205144,31.815099],[-106.1867,31.817358],[-106.178365,31.818414],[-106.158146,31.821057],[-106.136506,31.824222],[-106.133714,31.826995],[-106.13306,31.864026],[-106.137516,31.864056],[-106.137667,31.865371],[-106.14181,31.865335],[-106.142025,31.862561],[-106.149723,31.862741],[-106.149677,31.868164],[-106.147053,31.868251],[-106.142059,31.870445],[-106.132781,31.872279],[-106.127109,31.873325],[-106.125534,31.876659],[-106.121249,31.883189],[-106.119103,31.885917],[-106.116349,31.888072],[-106.167309,31.887797],[-106.204336,31.887606],[-106.204473,31.873585],[-106.204042,31.869676],[-106.204635,31.833908],[-106.259833,31.83395],[-106.26371400000001,31.83339433333333],[-106.265708,31.832405],[-106.273185,31.832371],[-106.273137,31.806008]]]},"properties":{"AREA":0.00645845356266656,"PERIMETER":0.483409629580934,"TR48_D00_":1817,"TR48_D00_I":1816,"STATE":"48","COUNTY":"141","TRACT":"010318","NAME":"0103.18","LSAD":"TR","LSAD_TRANS":""}},
{"type":"Feature","geometry":{"type":"Polygon","coordinates":[[[-106.406341,31.880705],[-106.409313,31.880673],[-106.410326,31.880637],[-106.412841,31.880605],[-106.412641,31.877505],[-106.417312,31.877683],[-106.422641,31.878505],[-106.423241,31.877505],[-106.423641,31.877005],[-106.428241,31.870105],[-106.423341,31.870205],[-106.417441,31.870305],[-106.415341,31.870205],[-106.407341,31.870305],[-106.406441,31.870305],[-106.406041,31.871605],[-106.406241,31.872105],[-106.406241,31.876705],[-106.406341,31.880705]]]},"properties":{"AREA":0.000165870038000115,"PERIMETER":0.0620779311236518,"TR48_D00_":1823,"TR48_D00_I":1822,"STATE":"48","COUNTY":"141","TRACT":"000206","NAME":"0002.06","LSAD":"TR","LSAD_TRANS":""}},
{"type":"Feature","geometry":{"type":"Polygon","coordinates":[[[-106.406441,31.870305],[-106.407341,31.870305],[-106.415341,31.870205],[-106.417441,31.870305],[-106.423341,31.870205],[-106.423141,31.866405],[-106.423041,31.864605],[-106.423041,31.863205],[-106.423041,31.859806],[-106.422941,31.855506],[-106.422841,31.851706],[-106.422641,31.849106],[-106.420741,31.848806],[-106.422541,31.846106],[-106.422441,31.847006],[-106.435541,31.825907],[-106.434841,31.826107],[-106.421641,31.826307],[-106.421641,31.827407],[-106.421741,31.827907],[-106.422248,31.827907],[-106.422941,31.827907],[-106.42438,31.828108],[-106.428841,31.828106],[-106.429071,31.835032],[-106.429075,31.83519],[-106.424991,31.841681],[-106.416078,31.855593],[-106.406441,31.870305]]]},"properties":{"AREA":0.000259359107499912,"PERIMETER":0.140449917581361,"TR48_D00_":1828,"TR48_D00_I":1827,"STATE":"48","COUNTY":"141","TRACT":"000302","NAME":"0003.02","LSAD":"TR","LSAD_TRANS":""}},
{"type":"Feature","geometry":{"type":"Polygon","coordinates":[[[-106.428241,31.870105],[-106.431342,31.865305],[-106.431742,31.864805],[-106.436242,31.857906],[-106.437942,31.855206],[-106.439742,31.852606],[-106.439742,31.851806],[-106.440242,31.851806],[-106.440432,31.851518],[-106.44035,31.850036],[-106.439785,31.848483],[-106.436442,31.848706],[-106.422641,31.849106],[-106.422841,31.851706],[-106.422941,31.855506],[-106.423041,31.859806],[-106.423041,31.863205],[-106.423041,31.864605],[-106.423141,31.866405],[-106.423341,31.870205],[-106.428241,31.870105]]]},"properties":{"AREA":0.000256749683999819,"PERIMETER":0.0689019602858989,"TR48_D00_":1829,"TR48_D00_I":1828,"STATE":"48","COUNTY":"141","TRACT":"000301","NAME":"0003.01","LSAD":"TR","LSAD_TRANS":""}},
{"type":"Feature","geometry":{"type":"Polygon","coordinates":[[[-106.428241,31.870105],[-106.434942,31.870005],[-106.440042,31.869805],[-106.44093,31.869841],[-106.440798,31.864606],[-106.44067,31.859938],[-106.440442,31.851706],[-106.440242,31.851806],[-106.439742,31.851806],[-106.439742,31.852606],[-106.437942,31.855206],[-106.436242,31.857906],[-106.431742,31.864805],[-106.431342,31.865305],[-106.428241,31.870105]]]},"properties":{"AREA":0.000116879990000053,"PERIMETER":0.0533042200379994,"TR48_D00_":1830,"TR48_D00_I":1829,"STATE":"48","COUNTY":"141","TRACT":"000404","NAME":"0004.04","LSAD":"TR","LSAD_TRANS":""}},
{"type":"Feature","geometry":{"type":"Polygon","coordinates":[[[-106.450142,31.869505],[-106.449942,31.860705],[-106.449842,31.856306],[-106.449742,31.851606],[-106.441042,31.851706],[-106.440442,31.851706],[-106.44067,31.859938],[-106.440798,31.864606],[-106.44093,31.869841],[-106.441642,31.869805],[-106.444442,31.869705],[-106.450142,31.869505]]]},"properties":{"AREA":0.000166650259999956,"PERIMETER":0.0545638250268565,"TR48_D00_":1831,"TR48_D00_I":1830,"STATE":"48","COUNTY":"141","TRACT":"000403","NAME":"0004.03","LSAD":"TR","LSAD_TRANS":""}},
{"type":"Feature","geometry":{"type":"Polygon","coordinates":[[[-106.450142,31.869505],[-106.456342,31.869405],[-106.490643,31.869305],[-106.494943,31.868905],[-106.493647,31.86146],[-106.493743,31.850705],[-106.489943,31.844006],[-106.489243,31.842806],[-106.483551,31.839825],[-106.478061,31.836145],[-106.476167,31.832855],[-106.475273,31.82677],[-106.473678,31.824778],[-106.467487,31.821498],[-106.46656,31.821502],[-106.465942,31.82054],[-106.465942,31.818307],[-106.463642,31.818307],[-106.46362,31.821506],[-106.463542,31.823906],[-106.461042,31.824606],[-106.457742,31.824806],[-106.456242,31.825606],[-106.454242,31.828406],[-106.454242,31.830306],[-106.454642,31.832106],[-106.456742,31.834806],[-106.457642,31.837306],[-106.457042,31.839706],[-106.453642,31.844706],[-106.453242,31.848106],[-106.452442,31.851606],[-106.449742,31.851606],[-106.449842,31.856306],[-106.449942,31.860705],[-106.450142,31.869505]]]},"properties":{"AREA":0.0015610756769997,"PERIMETER":0.173969065871193,"TR48_D00_":1832,"TR48_D00_I":1831,"STATE":"48","COUNTY":"141","TRACT":"000401","NAME":"0004.01","LSAD":"TR","LSAD_TRANS":""}},
{"type":"Feature","geometry":{"type":"Polygon","coordinates":[[[-106.587445,31.860105],[-106.597745,31.860105],[-106.596745,31.862905],[-106.596345,31.862905],[-106.595864,31.866814],[-106.596045,31.866804],[-106.603746,31.866404],[-106.606545,31.850905],[-106.605945,31.846505],[-106.598445,31.845005],[-106.591645,31.843705],[-106.580745,31.841505],[-106.580345,31.841505],[-106.585345,31.854505],[-106.584945,31.854505],[-106.587145,31.860205],[-106.587445,31.860105]]]},"properties":{"AREA":0.000397855359000054,"PERIMETER":0.0925407102658351,"TR48_D00_":1834,"TR48_D00_I":1833,"STATE":"48","COUNTY":"141","TRACT":"001301","NAME":"0013.01","LSAD":"TR","LSAD_TRANS":""}},
{"type":"Feature","geometry":{"type":"Polygon","coordinates":[[[-106.520897,31.858669],[-106.521993,31.861154],[-106.525255,31.860428],[-106.525292,31.861086],[-106.526958,31.861382],[-106.527703,31.860483],[-106.527525,31.861766],[-106.528565,31.86191],[-106.53281,31.860839],[-106.53519,31.861587],[-106.542601,31.861078],[-106.546248,31.860491],[-106.550301,31.865647],[-106.558318,31.862299],[-106.559717,31.860893],[-106.559945,31.860805],[-106.559977,31.860632],[-106.562074,31.859241],[-106.563735,31.854536],[-106.560149,31.851106],[-106.55731,31.850347],[-106.555205,31.852549],[-106.551863,31.854349],[-106.549803,31.855047],[-106.545576,31.853285],[-106.543364,31.852972],[-106.541319,31.852888],[-106.535963,31.853769],[-106.532774,31.853872],[-106.524031,31.856268],[-106.520897,31.858669]]]},"properties":{"AREA":0.000333552095999973,"PERIMETER":0.102483467599445,"TR48_D00_":1836,"TR48_D00_I":1835,"STATE":"48","COUNTY":"141","TRACT":"001107","NAME":"0011.07","LSAD":"TR","LSAD_TRANS":""}},
{"type":"Feature","geometry":{"type":"Polygon","coordinates":[[[-106.577076,31.862392],[-106.574845,31.852605],[-106.571245,31.840605],[-106.570945,31.839605],[-106.559144,31.837205],[-106.559644,31.842205],[-106.560403,31.848397],[-106.561119,31.850887],[-106.560149,31.851106],[-106.563735,31.854536],[-106.562074,31.859241],[-106.563661,31.858818],[-106.564354,31.859438],[-106.564511,31.862502],[-106.568116,31.862469],[-106.574045,31.862505],[-106.577076,31.862392]]]},"properties":{"AREA":0.000303186139500145,"PERIMETER":0.0786611612168881,"TR48_D00_":1839,"TR48_D00_I":1838,"STATE":"48","COUNTY":"141","TRACT":"001202","NAME":"0012.02","LSAD":"TR","LSAD_TRANS":""}},
{"type":"Feature","geometry":{"type":"Polygon","coordinates":[[[-106.587145,31.860205],[-106.584945,31.854505],[-106.585345,31.854505],[-106.580345,31.841505],[-106.580045,31.841405],[-106.570945,31.839605],[-106.571245,31.840605],[-106.574845,31.852605],[-106.577076,31.862392],[-106.583545,31.862005],[-106.587145,31.860205]]]},"properties":{"AREA":0.000204992750000021,"PERIMETER":0.0641467085536719,"TR48_D00_":1840,"TR48_D00_I":1839,"STATE":"48","COUNTY":"141","TRACT":"001201","NAME":"0012.01","LSAD":"TR","LSAD_TRANS":""}},
{"type":"Feature","geometry":{"type":"Polygon","coordinates":[[[-106.493647,31.86146],[-106.4945,31.861296],[-106.501746,31.859715],[-106.509843,31.854005],[-106.509743,31.853905],[-106.509243,31.851005],[-106.509243,31.849805],[-106.51034,31.848805],[-106.512464,31.840983],[-106.511199,31.840301],[-106.506969,31.83146],[-106.512643,31.827506],[-106.522843,31.824406],[-106.519243,31.821206],[-106.515643,31.817906],[-106.514143,31.816606],[-106.512943,31.812206],[-106.510643,31.808607],[-106.510043,31.806407],[-106.509343,31.805807],[-106.503143,31.805107],[-106.483442,31.803207],[-106.483142,31.804007],[-106.484042,31.806707],[-106.487343,31.812007],[-106.488743,31.815906],[-106.488843,31.822806],[-106.490043,31.827106],[-106.497443,31.838806],[-106.497443,31.843306],[-106.495443,31.848505],[-106.493743,31.850705],[-106.493647,31.86146]]]},"properties":{"AREA":0.00110212487500005,"PERIMETER":0.173534466815737,"TR48_D00_":1841,"TR48_D00_I":1840,"STATE":"48","COUNTY":"141","TRACT":"001111","NAME":"0011.11","LSAD":"TR","LSAD_TRANS":""}},
{"type":"Feature","geometry":{"type":"Polygon","coordinates":[[[-106.520897,31.858669],[-106.524031,31.856268],[-106.532774,31.853872],[-106.535963,31.853769],[-106.541319,31.852888],[-106.540648,31.851271],[-106.535605,31.844714],[-106.535251,31.843952],[-106.534044,31.841205],[-106.527844,31.839006],[-106.526144,31.838406],[-106.522144,31.842505],[-106.512943,31.845305],[-106.51034,31.848805],[-106.509243,31.849805],[-106.509243,31.851005],[-106.509743,31.853905],[-106.509843,31.854005],[-106.512943,31.852905],[-106.514044,31.852905],[-106.514044,31.853705],[-106.520244,31.853705],[-106.520949,31.853987],[-106.521666,31.855871],[-106.518996,31.857061],[-106.519148,31.858564],[-106.519257,31.85865],[-106.520897,31.858669]]]},"properties":{"AREA":0.000344480152000004,"PERIMETER":0.0897302336966279,"TR48_D00_":1843,"TR48_D00_I":1842,"STATE":"48","COUNTY":"141","TRACT":"001109","NAME":"0011.09","LSAD":"TR","LSAD_TRANS":""}},
{"type":"Feature","geometry":{"type":"Polygon","coordinates":[[[-106.541319,31.852888],[-106.543364,31.852972],[-106.545576,31.853285],[-106.549803,31.855047],[-106.551863,31.854349],[-106.555205,31.852549],[-106.55731,31.850347],[-106.560149,31.851106],[-106.561119,31.850887],[-106.560403,31.848397],[-106.559644,31.842205],[-106.551135,31.84548],[-106.551544,31.845805],[-106.546144,31.845305],[-106.543844,31.844605],[-106.541655,31.844714],[-106.539961,31.844789],[-106.539944,31.844005],[-106.535251,31.843952],[-106.535605,31.844714],[-106.540648,31.851271],[-106.541319,31.852888]]]},"properties":{"AREA":0.000186045577499849,"PERIMETER":0.0683348312021503,"TR48_D00_":1846,"TR48_D00_I":1845,"STATE":"48","COUNTY":"141","TRACT":"001112","NAME":"0011.12","LSAD":"TR","LSAD_TRANS":""}},
{"type":"Feature","geometry":{"type":"Polygon","coordinates":[[[-106.440442,31.851706],[-106.441042,31.851706],[-106.449742,31.851606],[-106.452442,31.851606],[-106.453242,31.848106],[-106.453642,31.844706],[-106.452342,31.844806],[-106.452242,31.834806],[-106.445242,31.835106],[-106.439842,31.835106],[-106.439741,31.830506],[-106.438141,31.825906],[-106.445042,31.825806],[-106.444742,31.821607],[-106.443041,31.821707],[-106.438841,31.821807],[-106.438141,31.821807],[-106.437341,31.821907],[-106.434841,31.826107],[-106.435541,31.825907],[-106.422441,31.847006],[-106.422541,31.846106],[-106.420741,31.848806],[-106.422641,31.849106],[-106.436442,31.848706],[-106.439785,31.848483],[-106.44035,31.850036],[-106.440432,31.851518],[-106.440242,31.851806],[-106.440442,31.851706]]]},"properties":{"AREA":0.000506487564000091,"PERIMETER":0.128106807172028,"TR48_D00_":1849,"TR48_D00_I":1848,"STATE":"48","COUNTY":"141","TRACT":"0005","NAME":"0005","LSAD":"TR","LSAD_TRANS":""}},
{"type":"Feature","geometry":{"type":"Polygon","coordinates":[[[-106.465942,31.818307],[-106.465942,31.82054],[-106.46656,31.821502],[-106.467487,31.821498],[-106.473678,31.824778],[-106.475273,31.82677],[-106.476167,31.832855],[-106.478061,31.836145],[-106.483551,31.839825],[-106.489243,31.842806],[-106.489943,31.844006],[-106.493743,31.850705],[-106.495443,31.848505],[-106.497443,31.843306],[-106.497443,31.838806],[-106.490043,31.827106],[-106.488843,31.822806],[-106.488743,31.815906],[-106.487343,31.812007],[-106.484042,31.806707],[-106.483142,31.804007],[-106.483442,31.803207],[-106.483942,31.801607],[-106.480942,31.795307],[-106.479342,31.783108],[-106.473042,31.791307],[-106.470942,31.792407],[-106.468642,31.795107],[-106.467442,31.795907],[-106.467442,31.797807],[-106.468742,31.797807],[-106.468642,31.799507],[-106.465942,31.799607],[-106.465942,31.802207],[-106.465842,31.804907],[-106.462874,31.804851],[-106.461429,31.804851],[-106.456842,31.804907],[-106.453853,31.80488],[-106.452307,31.804823],[-106.450828,31.804794],[-106.446341,31.804807],[-106.443241,31.804807],[-106.443041,31.804807],[-106.441841,31.804807],[-106.441841,31.805107],[-106.442241,31.812407],[-106.442141,31.813007],[-106.443041,31.812907],[-106.446342,31.813107],[-106.449342,31.813007],[-106.452342,31.813007],[-106.453842,31.813007],[-106.461442,31.813107],[-106.465942,31.813907],[-106.465942,31.818307]]]},"properties":{"AREA":0.00114646467150017,"PERIMETER":0.210152158779631,"TR48_D00_":1850,"TR48_D00_I":1849,"STATE":"48","COUNTY":"141","TRACT":"0009","NAME":"0009","LSAD":"TR","LSAD_TRANS":""}},
{"type":"Feature","geometry":{"type":"Polygon","coordinates":[[[-106.526144,31.838406],[-106.525444,31.831606],[-106.527344,31.828406],[-106.525617,31.826887],[-106.522843,31.824406],[-106.512643,31.827506],[-106.506969,31.83146],[-106.511199,31.840301],[-106.512464,31.840983],[-106.51034,31.848805],[-106.512943,31.845305],[-106.522144,31.842505],[-106.526144,31.838406]]]},"properties":{"AREA":0.000277688420500022,"PERIMETER":0.0732055064148596,"TR48_D00_":1854,"TR48_D00_I":1853,"STATE":"48","COUNTY":"141","TRACT":"001110","NAME":"0011.10","LSAD":"TR","LSAD_TRANS":""}},
{"type":"Feature","geometry":{"type":"Polygon","coordinates":[[[-106.605945,31.846505],[-106.605845,31.846305],[-106.605245,31.845905],[-106.602045,31.844405],[-106.601945,31.839605],[-106.60331053798289,31.83479848716619],[-106.605267,31.827912],[-106.602727,31.825024],[-106.593826,31.824901],[-106.589045,31.822706],[-106.588045,31.822106],[-106.582144,31.815506],[-106.581344,31.813906],[-106.577244,31.810406],[-106.570944,31.810206],[-106.56912370401639,31.81158232135346],[-106.566844,31.813306],[-106.563444,31.812606],[-106.562945,31.811104],[-106.56084730568597,31.810778696593825],[-106.56068002014142,31.810752754512045],[-106.558444,31.810406],[-106.55186103415234,31.80859947105366],[-106.558144,31.812606],[-106.563244,31.818106],[-106.570644,31.827506],[-106.575226,31.83324],[-106.576745,31.835205],[-106.580345,31.841505],[-106.580745,31.841505],[-106.591645,31.843705],[-106.598445,31.845005],[-106.605945,31.846505]]]},"properties":{"AREA":0.000827579470274176,"PERIMETER":0.154608517076261,"TR48_D00_":1856,"TR48_D00_I":1855,"STATE":"48","COUNTY":"141","TRACT":"001302","NAME":"0013.02","LSAD":"TR","LSAD_TRANS":""}},
{"type":"Feature","geometry":{"type":"Polygon","coordinates":[[[-106.535251,31.843952],[-106.539944,31.844005],[-106.539961,31.844789],[-106.541655,31.844714],[-106.543844,31.844605],[-106.546144,31.845305],[-106.551544,31.845805],[-106.551135,31.84548],[-106.559644,31.842205],[-106.559144,31.837205],[-106.551544,31.835806],[-106.538144,31.833306],[-106.537546,31.833142],[-106.532144,31.831606],[-106.527344,31.828406],[-106.525444,31.831606],[-106.526144,31.838406],[-106.527844,31.839006],[-106.534044,31.841205],[-106.535251,31.843952]]]},"properties":{"AREA":0.000318709635499764,"PERIMETER":0.0871601138068156,"TR48_D00_":1858,"TR48_D00_I":1857,"STATE":"48","COUNTY":"141","TRACT":"001113","NAME":"0011.13","LSAD":"TR","LSAD_TRANS":""}},
{"type":"Feature","geometry":{"type":"Polygon","coordinates":[[[-106.445042,31.825806],[-106.438141,31.825906],[-106.439741,31.830506],[-106.439842,31.835106],[-106.445242,31.835106],[-106.452242,31.834806],[-106.452342,31.844806],[-106.453642,31.844706],[-106.457042,31.839706],[-106.457642,31.837306],[-106.456742,31.834806],[-106.454642,31.832106],[-106.454242,31.830306],[-106.454242,31.828406],[-106.456242,31.825606],[-106.445042,31.825806]]]},"properties":{"AREA":0.000183956949999953,"PERIMETER":0.0730684843760785,"TR48_D00_":1859,"TR48_D00_I":1858,"STATE":"48","COUNTY":"141","TRACT":"0006","NAME":"0006","LSAD":"TR","LSAD_TRANS":""}},
{"type":"Feature","geometry":{"type":"Polygon","coordinates":[[[-106.570945,31.839605],[-106.580045,31.841405],[-106.580345,31.841505],[-106.576745,31.835205],[-106.575226,31.83324],[-106.570644,31.827506],[-106.563244,31.818106],[-106.558144,31.812606],[-106.55186103415234,31.80859947105366],[-106.547144,31.807305],[-106.5466155627604,31.806630361790774],[-106.5465618984859,31.806561850400335],[-106.545044,31.810306],[-106.549944,31.814606],[-106.560998,31.826107],[-106.568444,31.833906],[-106.570945,31.839605]]]},"properties":{"AREA":0.000285164600627191,"PERIMETER":0.102940784738352,"TR48_D00_":1863,"TR48_D00_I":1862,"STATE":"48","COUNTY":"141","TRACT":"001203","NAME":"0012.03","LSAD":"TR","LSAD_TRANS":""}},
{"type":"Feature","geometry":{"type":"Polygon","coordinates":[[[-106.559144,31.837205],[-106.570945,31.839605],[-106.568444,31.833906],[-106.560998,31.826107],[-106.549944,31.814606],[-106.539844,31.820906],[-106.536644,31.823006],[-106.527344,31.828406],[-106.532144,31.831606],[-106.537546,31.833142],[-106.538144,31.833306],[-106.551544,31.835806],[-106.559144,31.837205]]]},"properties":{"AREA":0.000503455449499923,"PERIMETER":0.104850242297934,"TR48_D00_":1864,"TR48_D00_I":1863,"STATE":"48","COUNTY":"141","TRACT":"001104","NAME":"0011.04","LSAD":"TR","LSAD_TRANS":""}},
{"type":"Feature","geometry":{"type":"Polygon","coordinates":[[[-106.136506,31.824222],[-106.158146,31.821057],[-106.178365,31.818414],[-106.1867,31.817358],[-106.205144,31.815099],[-106.211615,31.814252],[-106.251673,31.777359],[-106.259562,31.769909],[-106.265637,31.763809],[-106.265799,31.756931],[-106.266038,31.742224],[-106.266042,31.741628],[-106.266058,31.727648],[-106.266058,31.72747],[-106.26647,31.725421],[-106.26647,31.725351],[-106.266622,31.72029],[-106.268011,31.717419],[-106.27712,31.708027],[-106.284037,31.701711],[-106.2835,31.701115],[-106.276836,31.695411],[-106.270936,31.689811],[-106.269325,31.688344],[-106.266436,31.685711],[-106.260122,31.679689],[-106.259863,31.679048],[-106.247229,31.66815],[-106.241976,31.6625],[-106.240239,31.659627],[-106.239522,31.660024],[-106.239008,31.660291],[-106.230466,31.663996],[-106.22954,31.666075],[-106.230061,31.671411],[-106.229863,31.673311],[-106.228673,31.676248],[-106.227193,31.678365],[-106.22498,31.680345],[-106.220662,31.682401],[-106.215,31.683206],[-106.199879,31.683164],[-106.197986,31.683179],[-106.187535,31.683167],[-106.180805,31.683172],[-106.158916,31.683178],[-106.14618,31.683134],[-106.12993,31.683057],[-106.119677,31.682963],[-106.096739,31.682949],[-106.033554,31.683066],[-106.033298,31.683065],[-106.001781,31.683004],[-106.000529,31.6828],[-106.000111,31.682801],[-106.000056,31.679615],[-105.995449,31.679663],[-105.994756,31.679688],[-105.995852,31.766637],[-105.996176,31.829194],[-106.009032,31.83012],[-106.014211,31.832964],[-106.017753,31.834248],[-106.019417,31.834638],[-106.025242,31.834548],[-106.030045,31.836749],[-106.040969,31.839295],[-106.048269,31.839021],[-106.05761,31.83437],[-106.063274,31.833705],[-106.10651,31.829412],[-106.136506,31.824222]]]},"properties":{"AREA":0.0378067987685001,"PERIMETER":0.836185920930048,"TR48_D00_":1865,"TR48_D00_I":1864,"STATE":"48","COUNTY":"141","TRACT":"010320","NAME":"0103.20","LSAD":"TR","LSAD_TRANS":""}},
{"type":"Feature","geometry":{"type":"Polygon","coordinates":[[[-106.329739,31.798508],[-106.331139,31.838707],[-106.350239,31.838207],[-106.366822,31.827897],[-106.378519,31.820602],[-106.40294,31.819407],[-106.404441,31.819807],[-106.404246,31.797926],[-106.40424,31.797608],[-106.40484,31.791708],[-106.40974,31.791108],[-106.413441,31.788808],[-106.413941,31.788708],[-106.420141,31.788908],[-106.420041,31.783708],[-106.417041,31.783908],[-106.420041,31.781908],[-106.417641,31.780308],[-106.416541,31.779608],[-106.41244,31.777008],[-106.40714,31.773708],[-106.40184,31.781108],[-106.40664,31.780508],[-106.40694,31.781708],[-106.40704,31.782208],[-106.40104,31.782508],[-106.39854,31.782108],[-106.39824,31.781308],[-106.397873,31.781108],[-106.39824,31.784108],[-106.39794,31.784108],[-106.398617,31.789312],[-106.39464,31.789808],[-106.387909,31.790716],[-106.381993,31.791494],[-106.37744,31.792208],[-106.37144,31.793008],[-106.361066,31.794484],[-106.359139,31.794608],[-106.356139,31.795008],[-106.348239,31.796108],[-106.340839,31.797108],[-106.336039,31.797708],[-106.333039,31.798108],[-106.329739,31.798508]]]},"properties":{"AREA":0.00282530629850011,"PERIMETER":0.293447982521079,"TR48_D00_":1867,"TR48_D00_I":1866,"STATE":"48","COUNTY":"141","TRACT":"003401","NAME":"0034.01","LSAD":"TR","LSAD_TRANS":""}},
{"type":"Feature","geometry":{"type":"Polygon","coordinates":[[[-106.522843,31.824406],[-106.525617,31.826887],[-106.527344,31.828406],[-106.536644,31.823006],[-106.539844,31.820906],[-106.549944,31.814606],[-106.545044,31.810306],[-106.544929,31.810671],[-106.544844,31.810606],[-106.544544,31.810006],[-106.533143,31.809406],[-106.525406,31.809343],[-106.523289,31.80839],[-106.522423,31.807187],[-106.522081,31.80623],[-106.518424,31.793969],[-106.511043,31.794707],[-106.511143,31.798907],[-106.509343,31.805807],[-106.510043,31.806407],[-106.510643,31.808607],[-106.512943,31.812206],[-106.514143,31.816606],[-106.515643,31.817906],[-106.519243,31.821206],[-106.522843,31.824406]]]},"properties":{"AREA":0.000595568606000157,"PERIMETER":0.119424958788631,"TR48_D00_":1869,"TR48_D00_I":1868,"STATE":"48","COUNTY":"141","TRACT":"001105","NAME":"0011.05","LSAD":"TR","LSAD_TRANS":""}},
{"type":"Feature","geometry":{"type":"Polygon","coordinates":[[[-106.421641,31.826307],[-106.434841,31.826107],[-106.437341,31.821907],[-106.438141,31.821807],[-106.438841,31.821807],[-106.440441,31.818907],[-106.442141,31.813007],[-106.442241,31.812407],[-106.440125,31.812556],[-106.437963,31.812699],[-106.421383,31.813105],[-106.421412,31.811374],[-106.404246,31.797926],[-106.404441,31.819807],[-106.404741,31.826279],[-106.404744,31.826408],[-106.421641,31.826307]]]},"properties":{"AREA":0.000606659151999978,"PERIMETER":0.119453647026614,"TR48_D00_":1871,"TR48_D00_I":1870,"STATE":"48","COUNTY":"141","TRACT":"010102","NAME":"0101.02","LSAD":"TR","LSAD_TRANS":""}},
{"type":"Feature","geometry":{"type":"Polygon","coordinates":[[[-106.456242,31.825606],[-106.457742,31.824806],[-106.461042,31.824606],[-106.463542,31.823906],[-106.46362,31.821506],[-106.463642,31.818307],[-106.461442,31.818207],[-106.456042,31.818207],[-106.455942,31.821407],[-106.452242,31.821507],[-106.446242,31.821607],[-106.444742,31.821607],[-106.445042,31.825806],[-106.456242,31.825606]]]},"properties":{"AREA":0.0000955996609999887,"PERIMETER":0.0506200556828714,"TR48_D00_":1872,"TR48_D00_I":1871,"STATE":"48","COUNTY":"141","TRACT":"0007","NAME":"0007","LSAD":"TR","LSAD_TRANS":""}},
{"type":"Feature","geometry":{"type":"Polygon","coordinates":[[[-106.444742,31.821607],[-106.446242,31.821607],[-106.452242,31.821507],[-106.455942,31.821407],[-106.456042,31.818207],[-106.461442,31.818207],[-106.463642,31.818307],[-106.465942,31.818307],[-106.465942,31.813907],[-106.461442,31.813107],[-106.453842,31.813007],[-106.452342,31.813007],[-106.449342,31.813007],[-106.446342,31.813107],[-106.443041,31.812907],[-106.442141,31.813007],[-106.440441,31.818907],[-106.438841,31.821807],[-106.443041,31.821707],[-106.444742,31.821607]]]},"properties":{"AREA":0.000179918650000176,"PERIMETER":0.067948750635302,"TR48_D00_":1873,"TR48_D00_I":1872,"STATE":"48","COUNTY":"141","TRACT":"0008","NAME":"0008","LSAD":"TR","LSAD_TRANS":""}},
{"type":"Feature","geometry":{"type":"Polygon","coordinates":[[[-106.211615,31.814252],[-106.223942,31.812768],[-106.224329,31.812721],[-106.252723,31.809056],[-106.262255,31.807347],[-106.264837,31.807608],[-106.26592,31.804268],[-106.265755,31.777865],[-106.265699,31.771536],[-106.265637,31.763809],[-106.259562,31.769909],[-106.251673,31.777359],[-106.211615,31.814252]]]},"properties":{"AREA":0.0011668037519999,"PERIMETER":0.171604135701583,"TR48_D00_":1877,"TR48_D00_I":1876,"STATE":"48","COUNTY":"141","TRACT":"010315","NAME":"0103.15","LSAD":"TR","LSAD_TRANS":""}},
{"type":"Feature","geometry":{"type":"Polygon","coordinates":[[[-106.404246,31.797926],[-106.421412,31.811374],[-106.421383,31.813105],[-106.437963,31.812699],[-106.440125,31.812556],[-106.442241,31.812407],[-106.441841,31.805107],[-106.441841,31.804807],[-106.442341,31.803107],[-106.443141,31.801207],[-106.441241,31.801307],[-106.439569,31.801307],[-106.438941,31.801307],[-106.432041,31.797607],[-106.431029,31.795492],[-106.430941,31.795307],[-106.431041,31.795007],[-106.426141,31.792208],[-106.420141,31.788908],[-106.413941,31.788708],[-106.413441,31.788808],[-106.40974,31.791108],[-106.40484,31.791708],[-106.40424,31.797608],[-106.404246,31.797926]]]},"properties":{"AREA":0.000594504367500082,"PERIMETER":0.105499287807017,"TR48_D00_":1878,"TR48_D00_I":1877,"STATE":"48","COUNTY":"141","TRACT":"010103","NAME":"0101.03","LSAD":"TR","LSAD_TRANS":""}},
{"type":"Feature","geometry":{"type":"Polygon","coordinates":[[[-106.511043,31.794707],[-106.518424,31.793969],[-106.522081,31.80623],[-106.522423,31.807187],[-106.523289,31.80839],[-106.525406,31.809343],[-106.533143,31.809406],[-106.544544,31.810006],[-106.544844,31.810606],[-106.544929,31.810671],[-106.545044,31.810306],[-106.5465618984859,31.806561850400335],[-106.545344,31.805007],[-106.544714,31.804287],[-106.542144,31.802107],[-106.542097,31.802146],[-106.535843,31.798607],[-106.535343,31.797507],[-106.535154,31.797089],[-106.534743,31.796107],[-106.533043,31.791907],[-106.533,31.791829],[-106.53248,31.791914],[-106.530515,31.792103],[-106.527943,31.790507],[-106.527738,31.789761],[-106.527623,31.789119],[-106.527997,31.786945],[-106.528543,31.784407],[-106.528543,31.783907],[-106.528643,31.781807],[-106.523643,31.776207],[-106.51160906280771,31.76513424225832],[-106.50910201146044,31.76282743512025],[-106.508543,31.762508],[-106.505542,31.762608],[-106.506743,31.763808],[-106.506143,31.763908],[-106.506943,31.764808],[-106.507038,31.764986],[-106.507743,31.766308],[-106.5074,31.766394],[-106.507343,31.766408],[-106.507143,31.766308],[-106.508543,31.770908],[-106.508243,31.774608],[-106.507243,31.776408],[-106.505643,31.777008],[-106.506822,31.782419],[-106.506343,31.785507],[-106.508443,31.792607],[-106.511043,31.794707]]]},"properties":{"AREA":0.000805207244438572,"PERIMETER":0.15310336119426,"TR48_D00_":1879,"TR48_D00_I":1878,"STATE":"48","COUNTY":"141","TRACT":"0014","NAME":"0014","LSAD":"TR","LSAD_TRANS":""}},
{"type":"Feature","geometry":{"type":"Polygon","coordinates":[[[-106.273137,31.806008],[-106.286387,31.804263],[-106.302358,31.802117],[-106.302681,31.791421],[-106.302681,31.787198],[-106.302721,31.783585],[-106.294361,31.78361],[-106.286431,31.7838],[-106.2829,31.783768],[-106.279454,31.78342],[-106.274565,31.78051],[-106.272237,31.778785],[-106.270126,31.777932],[-106.265755,31.777865],[-106.26592,31.804268],[-106.264837,31.807608],[-106.273137,31.806008]]]},"properties":{"AREA":0.000823949050500324,"PERIMETER":0.124905835964632,"TR48_D00_":1881,"TR48_D00_I":1880,"STATE":"48","COUNTY":"141","TRACT":"010313","NAME":"0103.13","LSAD":"TR","LSAD_TRANS":""}},
{"type":"Feature","geometry":{"type":"Polygon","coordinates":[[[-106.483442,31.803207],[-106.503143,31.805107],[-106.509343,31.805807],[-106.511143,31.798907],[-106.511043,31.794707],[-106.508443,31.792607],[-106.506343,31.785507],[-106.506822,31.782419],[-106.505343,31.782607],[-106.503243,31.782807],[-106.498443,31.782407],[-106.497443,31.782607],[-106.496542,31.783907],[-106.494242,31.784907],[-106.493742,31.785607],[-106.493242,31.784507],[-106.492242,31.784407],[-106.490063,31.78463],[-106.487996,31.787391],[-106.487142,31.787807],[-106.485942,31.786407],[-106.479342,31.783108],[-106.480942,31.795307],[-106.483942,31.801607],[-106.483442,31.803207]]]},"properties":{"AREA":0.000562788588999982,"PERIMETER":0.104604517987193,"TR48_D00_":1882,"TR48_D00_I":1881,"STATE":"48","COUNTY":"141","TRACT":"001501","NAME":"0015.01","LSAD":"TR","LSAD_TRANS":""}},
{"type":"Feature","geometry":{"type":"Polygon","coordinates":[[[-106.456842,31.804907],[-106.461429,31.804851],[-106.462874,31.804851],[-106.465842,31.804907],[-106.465942,31.802207],[-106.465942,31.799607],[-106.468642,31.799507],[-106.468742,31.797807],[-106.467442,31.797807],[-106.467442,31.795907],[-106.468642,31.795107],[-106.466042,31.795107],[-106.461442,31.795107],[-106.461442,31.794907],[-106.456942,31.794907],[-106.456843,31.799565],[-106.456842,31.800407],[-106.456842,31.804907]]]},"properties":{"AREA":0.000098776890000013,"PERIMETER":0.0452507841950033,"TR48_D00_":1884,"TR48_D00_I":1883,"STATE":"48","COUNTY":"141","TRACT":"001001","NAME":"0010.01","LSAD":"TR","LSAD_TRANS":""}},
{"type":"Feature","geometry":{"type":"Polygon","coordinates":[[[-106.456842,31.804907],[-106.456842,31.800407],[-106.456843,31.799565],[-106.456942,31.794907],[-106.454114,31.794909],[-106.450941,31.794907],[-106.45091,31.795807],[-106.449535,31.795779],[-106.449541,31.796707],[-106.449241,31.796607],[-106.447341,31.796007],[-106.443141,31.801207],[-106.442341,31.803107],[-106.441841,31.804807],[-106.443041,31.804807],[-106.443241,31.804807],[-106.446341,31.804807],[-106.450828,31.804794],[-106.452307,31.804823],[-106.453853,31.80488],[-106.456842,31.804907]]]},"properties":{"AREA":0.000118765763500076,"PERIMETER":0.0470349485092598,"TR48_D00_":1885,"TR48_D00_I":1884,"STATE":"48","COUNTY":"141","TRACT":"001002","NAME":"0010.02","LSAD":"TR","LSAD_TRANS":""}},
{"type":"Feature","geometry":{"type":"Polygon","coordinates":[[[-106.323438,31.799408],[-106.323692,31.797601],[-106.323938,31.795908],[-106.323838,31.792408],[-106.321038,31.791708],[-106.319338,31.791608],[-106.314638,31.791508],[-106.313393,31.791329],[-106.311531,31.791356],[-106.307518,31.791387],[-106.303963,31.791387],[-106.302681,31.791421],[-106.302358,31.802117],[-106.310402,31.800778],[-106.320915,31.799512],[-106.323438,31.799408]]]},"properties":{"AREA":0.000191421307999994,"PERIMETER":0.0602673708775378,"TR48_D00_":1887,"TR48_D00_I":1886,"STATE":"48","COUNTY":"141","TRACT":"010311","NAME":"0103.11","LSAD":"TR","LSAD_TRANS":""}},
{"type":"Feature","geometry":{"type":"Polygon","coordinates":[[[-106.443141,31.801207],[-106.447341,31.796007],[-106.448841,31.794407],[-106.448641,31.794307],[-106.448141,31.794007],[-106.449141,31.792907],[-106.449541,31.792807],[-106.449541,31.790807],[-106.449541,31.789807],[-106.449541,31.786808],[-106.449641,31.783708],[-106.443541,31.783708],[-106.441341,31.783708],[-106.437541,31.783708],[-106.437541,31.785708],[-106.432941,31.785708],[-106.431641,31.785708],[-106.431641,31.788608],[-106.431641,31.791908],[-106.431041,31.795007],[-106.430941,31.795307],[-106.431029,31.795492],[-106.432041,31.797607],[-106.438941,31.801307],[-106.439569,31.801307],[-106.441241,31.801307],[-106.443141,31.801207]]]},"properties":{"AREA":0.000263752349999979,"PERIMETER":0.0649380614500982,"TR48_D00_":1888,"TR48_D00_I":1887,"STATE":"48","COUNTY":"141","TRACT":"0025","NAME":"0025","LSAD":"TR","LSAD_TRANS":""}},
{"type":"Feature","geometry":{"type":"Polygon","coordinates":[[[-106.329739,31.798508],[-106.333039,31.798108],[-106.332439,31.796008],[-106.331439,31.792508],[-106.331439,31.791008],[-106.332739,31.789108],[-106.334466,31.787232],[-106.336439,31.785408],[-106.333039,31.784608],[-106.332639,31.784608],[-106.328038,31.784708],[-106.323638,31.784708],[-106.323738,31.788508],[-106.323738,31.789208],[-106.323838,31.792408],[-106.323938,31.795908],[-106.323692,31.797601],[-106.323438,31.799408],[-106.329739,31.798508]]]},"properties":{"AREA":0.000128350900000018,"PERIMETER":0.0521869858347266,"TR48_D00_":1889,"TR48_D00_I":1888,"STATE":"48","COUNTY":"141","TRACT":"010303","NAME":"0103.03","LSAD":"TR","LSAD_TRANS":""}},
{"type":"Feature","geometry":{"type":"Polygon","coordinates":[[[-106.359139,31.794608],[-106.358939,31.792508],[-106.358839,31.789308],[-106.355639,31.789708],[-106.352339,31.790108],[-106.347939,31.790708],[-106.347239,31.790708],[-106.342239,31.789008],[-106.340439,31.789008],[-106.339739,31.789008],[-106.337439,31.789208],[-106.334639,31.790308],[-106.334039,31.791008],[-106.331439,31.792508],[-106.332439,31.796008],[-106.333039,31.798108],[-106.336039,31.797708],[-106.340839,31.797108],[-106.348239,31.796108],[-106.356139,31.795008],[-106.359139,31.794608]]]},"properties":{"AREA":0.000174745000000254,"PERIMETER":0.0661805797693336,"TR48_D00_":1890,"TR48_D00_I":1889,"STATE":"48","COUNTY":"141","TRACT":"004310","NAME":"0043.10","LSAD":"TR","LSAD_TRANS":""}},
{"type":"Feature","geometry":{"type":"Polygon","coordinates":[[[-106.447341,31.796007],[-106.449241,31.796607],[-106.449541,31.796707],[-106.449535,31.795779],[-106.45091,31.795807],[-106.450941,31.794907],[-106.454114,31.794909],[-106.456942,31.794907],[-106.461442,31.794907],[-106.461471,31.792419],[-106.461442,31.790407],[-106.461471,31.789692],[-106.461442,31.786908],[-106.46144,31.786355],[-106.461442,31.785608],[-106.458442,31.787308],[-106.458442,31.787108],[-106.458463,31.785821],[-106.458442,31.783808],[-106.455442,31.783808],[-106.452341,31.783708],[-106.450891,31.783736],[-106.449641,31.783708],[-106.449541,31.786808],[-106.449541,31.789807],[-106.449541,31.790807],[-106.449541,31.792807],[-106.449141,31.792907],[-106.448141,31.794007],[-106.448641,31.794307],[-106.448841,31.794407],[-106.447341,31.796007]]]},"properties":{"AREA":0.000130280969500018,"PERIMETER":0.0550647441238428,"TR48_D00_":1891,"TR48_D00_I":1890,"STATE":"48","COUNTY":"141","TRACT":"0024","NAME":"0024","LSAD":"TR","LSAD_TRANS":""}},
{"type":"Feature","geometry":{"type":"Polygon","coordinates":[[[-106.468642,31.795107],[-106.470942,31.792407],[-106.469025,31.792415],[-106.469042,31.791507],[-106.470542,31.791507],[-106.470542,31.789707],[-106.470517,31.787904],[-106.473542,31.787907],[-106.473542,31.783408],[-106.473542,31.778008],[-106.473442,31.776908],[-106.473542,31.773508],[-106.473542,31.771908],[-106.471842,31.773008],[-106.464142,31.777908],[-106.461542,31.778308],[-106.461544,31.779807],[-106.462442,31.779508],[-106.465642,31.783108],[-106.461442,31.785608],[-106.46144,31.786355],[-106.461442,31.786908],[-106.461471,31.789692],[-106.461442,31.790407],[-106.461471,31.792419],[-106.461442,31.794907],[-106.461442,31.795107],[-106.466042,31.795107],[-106.468642,31.795107]]]},"properties":{"AREA":0.000195724314499934,"PERIMETER":0.073137476770104,"TR48_D00_":1892,"TR48_D00_I":1891,"STATE":"48","COUNTY":"141","TRACT":"0023","NAME":"0023","LSAD":"TR","LSAD_TRANS":""}},
{"type":"Feature","geometry":{"type":"Polygon","coordinates":[[[-106.420141,31.788908],[-106.426141,31.792208],[-106.431041,31.795007],[-106.431641,31.791908],[-106.431641,31.788608],[-106.431641,31.785708],[-106.432941,31.785708],[-106.437541,31.785708],[-106.437541,31.783708],[-106.437641,31.779608],[-106.436741,31.779708],[-106.433741,31.779508],[-106.433741,31.780908],[-106.432968,31.780839],[-106.432841,31.777508],[-106.425541,31.777408],[-106.422141,31.777608],[-106.420041,31.781908],[-106.417041,31.783908],[-106.420041,31.783708],[-106.420141,31.788908]]]},"properties":{"AREA":0.000203724200000033,"PERIMETER":0.0705752999395151,"TR48_D00_":1893,"TR48_D00_I":1892,"STATE":"48","COUNTY":"141","TRACT":"0033","NAME":"0033","LSAD":"TR","LSAD_TRANS":""}},
{"type":"Feature","geometry":{"type":"Polygon","coordinates":[[[-106.37744,31.792208],[-106.37824,31.788308],[-106.37794,31.786508],[-106.37804,31.782708],[-106.37724,31.782708],[-106.37704,31.780508],[-106.37954,31.779108],[-106.373939,31.776108],[-106.37674,31.771708],[-106.370428,31.768085],[-106.364139,31.764309],[-106.363339,31.766409],[-106.366239,31.773008],[-106.360339,31.774208],[-106.360439,31.778308],[-106.360639,31.786308],[-106.360239,31.787308],[-106.359339,31.787008],[-106.358939,31.787708],[-106.358839,31.789308],[-106.358939,31.792508],[-106.359139,31.794608],[-106.361066,31.794484],[-106.37144,31.793008],[-106.37744,31.792208]]]},"properties":{"AREA":0.000407180854999939,"PERIMETER":0.0974533807698599,"TR48_D00_":1895,"TR48_D00_I":1894,"STATE":"48","COUNTY":"141","TRACT":"003404","NAME":"0034.04","LSAD":"TR","LSAD_TRANS":""}},
{"type":"Feature","geometry":{"type":"Polygon","coordinates":[[[-106.358839,31.789308],[-106.358939,31.787708],[-106.359339,31.787008],[-106.355539,31.785608],[-106.350939,31.783908],[-106.348439,31.782908],[-106.339339,31.779508],[-106.338439,31.781808],[-106.338239,31.783908],[-106.336439,31.785408],[-106.334466,31.787232],[-106.332739,31.789108],[-106.331439,31.791008],[-106.331439,31.792508],[-106.334039,31.791008],[-106.334639,31.790308],[-106.337439,31.789208],[-106.339739,31.789008],[-106.340439,31.789008],[-106.342239,31.789008],[-106.347239,31.790708],[-106.347939,31.790708],[-106.352339,31.790108],[-106.355639,31.789708],[-106.358839,31.789308]]]},"properties":{"AREA":0.00016268064999983,"PERIMETER":0.0684430236701246,"TR48_D00_":1896,"TR48_D00_I":1895,"STATE":"48","COUNTY":"141","TRACT":"004311","NAME":"0043.11","LSAD":"TR","LSAD_TRANS":""}},
{"type":"Feature","geometry":{"type":"Polygon","coordinates":[[[-106.470942,31.792407],[-106.473042,31.791307],[-106.479342,31.783108],[-106.485942,31.786407],[-106.487442,31.783507],[-106.491642,31.779008],[-106.492142,31.777708],[-106.491842,31.775508],[-106.494542,31.772308],[-106.496742,31.771108],[-106.496142,31.770408],[-106.495142,31.771008],[-106.494242,31.771508],[-106.491642,31.773108],[-106.490442,31.771708],[-106.488742,31.772808],[-106.486242,31.776308],[-106.483842,31.773708],[-106.481942,31.771508],[-106.477042,31.774608],[-106.475842,31.775408],[-106.473942,31.773208],[-106.473542,31.773508],[-106.473442,31.776908],[-106.473542,31.778008],[-106.473542,31.783408],[-106.473542,31.787907],[-106.470517,31.787904],[-106.470542,31.789707],[-106.470542,31.791507],[-106.469042,31.791507],[-106.469025,31.792415],[-106.470942,31.792407]]]},"properties":{"AREA":0.000220872700000138,"PERIMETER":0.0966064141591345,"TR48_D00_":1897,"TR48_D00_I":1896,"STATE":"48","COUNTY":"141","TRACT":"002201","NAME":"0022.01","LSAD":"TR","LSAD_TRANS":""}},
{"type":"Feature","geometry":{"type":"Polygon","coordinates":[[[-106.323838,31.792408],[-106.323738,31.789208],[-106.323738,31.788508],[-106.323638,31.784708],[-106.319038,31.784808],[-106.314338,31.784808],[-106.313138,31.784808],[-106.307138,31.784909],[-106.305438,31.784209],[-106.302721,31.783585],[-106.302681,31.787198],[-106.302681,31.791421],[-106.303963,31.791387],[-106.307518,31.791387],[-106.311531,31.791356],[-106.313393,31.791329],[-106.314638,31.791508],[-106.319338,31.791608],[-106.321038,31.791708],[-106.323838,31.792408]]]},"properties":{"AREA":0.000144273200999911,"PERIMETER":0.0579279929170814,"TR48_D00_":1898,"TR48_D00_I":1897,"STATE":"48","COUNTY":"141","TRACT":"010312","NAME":"0103.12","LSAD":"TR","LSAD_TRANS":""}},
{"type":"Feature","geometry":{"type":"Polygon","coordinates":[[[-106.37744,31.792208],[-106.381993,31.791494],[-106.387909,31.790716],[-106.39464,31.789808],[-106.398617,31.789312],[-106.39794,31.784108],[-106.39824,31.784108],[-106.397873,31.781108],[-106.39284,31.778808],[-106.37674,31.771708],[-106.373939,31.776108],[-106.37954,31.779108],[-106.37704,31.780508],[-106.37724,31.782708],[-106.37804,31.782708],[-106.37794,31.786508],[-106.37824,31.788308],[-106.37744,31.792208]]]},"properties":{"AREA":0.000299227905000185,"PERIMETER":0.0801266956553213,"TR48_D00_":1899,"TR48_D00_I":1898,"STATE":"48","COUNTY":"141","TRACT":"003403","NAME":"0034.03","LSAD":"TR","LSAD_TRANS":""}},
{"type":"Feature","geometry":{"type":"Polygon","coordinates":[[[-106.485942,31.786407],[-106.487142,31.787807],[-106.487996,31.787391],[-106.490063,31.78463],[-106.492242,31.784407],[-106.493242,31.784507],[-106.493742,31.785607],[-106.494242,31.784907],[-106.496542,31.783907],[-106.497443,31.782607],[-106.498443,31.782407],[-106.503243,31.782807],[-106.505343,31.782607],[-106.506822,31.782419],[-106.505643,31.777008],[-106.507243,31.776408],[-106.508243,31.774608],[-106.508543,31.770908],[-106.507143,31.766308],[-106.500942,31.767008],[-106.498544,31.768704],[-106.497734,31.769234],[-106.496142,31.770408],[-106.496742,31.771108],[-106.494542,31.772308],[-106.491842,31.775508],[-106.492142,31.777708],[-106.491642,31.779008],[-106.487442,31.783507],[-106.485942,31.786407]]]},"properties":{"AREA":0.000241976060500089,"PERIMETER":0.0756309731007053,"TR48_D00_":1901,"TR48_D00_I":1900,"STATE":"48","COUNTY":"141","TRACT":"001502","NAME":"0015.02","LSAD":"TR","LSAD_TRANS":""}},
{"type":"Feature","geometry":{"type":"Polygon","coordinates":[[[-106.449641,31.783708],[-106.450891,31.783736],[-106.452341,31.783708],[-106.455442,31.783808],[-106.458442,31.783808],[-106.458463,31.785821],[-106.458442,31.787108],[-106.458442,31.787308],[-106.461442,31.785608],[-106.465642,31.783108],[-106.462442,31.779508],[-106.461544,31.779807],[-106.461542,31.778308],[-106.458242,31.778308],[-106.453941,31.778308],[-106.451141,31.778208],[-106.450941,31.778208],[-106.444084,31.777336],[-106.442891,31.777308],[-106.437541,31.777296],[-106.433829,31.777279],[-106.432841,31.777508],[-106.432968,31.780839],[-106.433741,31.780908],[-106.433741,31.779508],[-106.436741,31.779708],[-106.437641,31.779608],[-106.437541,31.783708],[-106.441341,31.783708],[-106.443541,31.783708],[-106.449641,31.783708]]]},"properties":{"AREA":0.000174328672000068,"PERIMETER":0.0823090053626051,"TR48_D00_":1902,"TR48_D00_I":1901,"STATE":"48","COUNTY":"141","TRACT":"0026","NAME":"0026","LSAD":"TR","LSAD_TRANS":""}},
{"type":"Feature","geometry":{"type":"Polygon","coordinates":[[[-106.359339,31.787008],[-106.360239,31.787308],[-106.360639,31.786308],[-106.360439,31.778308],[-106.360339,31.774208],[-106.358739,31.773909],[-106.355539,31.773309],[-106.352039,31.773109],[-106.348639,31.770809],[-106.346939,31.770909],[-106.339839,31.772509],[-106.339339,31.779508],[-106.348439,31.782908],[-106.350939,31.783908],[-106.355539,31.785608],[-106.359339,31.787008]]]},"properties":{"AREA":0.000231915049999972,"PERIMETER":0.063982082908965,"TR48_D00_":1903,"TR48_D00_I":1902,"STATE":"48","COUNTY":"141","TRACT":"004303","NAME":"0043.03","LSAD":"TR","LSAD_TRANS":""}},
{"type":"Feature","geometry":{"type":"Polygon","coordinates":[[[-106.336439,31.785408],[-106.338239,31.783908],[-106.338439,31.781808],[-106.339339,31.779508],[-106.339839,31.772509],[-106.332738,31.772609],[-106.331038,31.772609],[-106.328238,31.770909],[-106.319538,31.769309],[-106.321638,31.774809],[-106.322938,31.777409],[-106.323538,31.780509],[-106.323638,31.784708],[-106.328038,31.784708],[-106.332639,31.784608],[-106.333039,31.784608],[-106.336439,31.785408]]]},"properties":{"AREA":0.000221001099000029,"PERIMETER":0.0639093274403769,"TR48_D00_":1905,"TR48_D00_I":1904,"STATE":"48","COUNTY":"141","TRACT":"010307","NAME":"0103.07","LSAD":"TR","LSAD_TRANS":""}},
{"type":"Feature","geometry":{"type":"Polygon","coordinates":[[[-106.313138,31.784808],[-106.313038,31.784108],[-106.312838,31.781109],[-106.312038,31.777509],[-106.312838,31.776709],[-106.312238,31.776209],[-106.311838,31.769909],[-106.308848,31.769811],[-106.307699,31.769753],[-106.304436,31.769701],[-106.304436,31.772386],[-106.30442,31.777746],[-106.30442,31.780245],[-106.302721,31.783585],[-106.305438,31.784209],[-106.307138,31.784909],[-106.313138,31.784808]]]},"properties":{"AREA":0.000122068189000013,"PERIMETER":0.0479495291367451,"TR48_D00_":1906,"TR48_D00_I":1905,"STATE":"48","COUNTY":"141","TRACT":"010317","NAME":"0103.17","LSAD":"TR","LSAD_TRANS":""}},
{"type":"Feature","geometry":{"type":"Polygon","coordinates":[[[-106.323638,31.784708],[-106.323538,31.780509],[-106.322938,31.777409],[-106.321638,31.774809],[-106.319538,31.769309],[-106.311838,31.769909],[-106.312238,31.776209],[-106.312838,31.776709],[-106.312038,31.777509],[-106.312838,31.781109],[-106.313038,31.784108],[-106.313138,31.784808],[-106.314338,31.784808],[-106.319038,31.784808],[-106.323638,31.784708]]]},"properties":{"AREA":0.000150189349999968,"PERIMETER":0.0500019796419306,"TR48_D00_":1907,"TR48_D00_I":1906,"STATE":"48","COUNTY":"141","TRACT":"010316","NAME":"0103.16","LSAD":"TR","LSAD_TRANS":""}},
{"type":"Feature","geometry":{"type":"Polygon","coordinates":[[[-106.302721,31.783585],[-106.30442,31.780245],[-106.30442,31.777746],[-106.304436,31.772386],[-106.304436,31.769701],[-106.300713,31.769713],[-106.297829,31.767496],[-106.291337,31.767505],[-106.286302,31.767533],[-106.284431,31.767485],[-106.278599,31.767332],[-106.274824,31.765806],[-106.270892,31.764072],[-106.26574,31.763887],[-106.265637,31.763809],[-106.265699,31.771536],[-106.265755,31.777865],[-106.270126,31.777932],[-106.272237,31.778785],[-106.274565,31.78051],[-106.279454,31.78342],[-106.2829,31.783768],[-106.286431,31.7838],[-106.294361,31.78361],[-106.302721,31.783585]]]},"properties":{"AREA":0.000589552431999732,"PERIMETER":0.107117127592179,"TR48_D00_":1910,"TR48_D00_I":1909,"STATE":"48","COUNTY":"141","TRACT":"010314","NAME":"0103.14","LSAD":"TR","LSAD_TRANS":""}},
{"type":"Feature","geometry":{"type":"Polygon","coordinates":[[[-106.397873,31.781108],[-106.39824,31.781308],[-106.39854,31.782108],[-106.40104,31.782508],[-106.40704,31.782208],[-106.40694,31.781708],[-106.40664,31.780508],[-106.40184,31.781108],[-106.40714,31.773708],[-106.40664,31.773408],[-106.40864,31.771308],[-106.41094,31.772708],[-106.41424,31.772208],[-106.41414,31.769408],[-106.41414,31.769108],[-106.41414,31.768908],[-106.40894,31.768508],[-106.40504,31.768108],[-106.40344,31.765108],[-106.39844,31.761309],[-106.39644,31.759509],[-106.39384,31.757309],[-106.38754,31.752109],[-106.375639,31.741809],[-106.375239,31.741809],[-106.372639,31.741709],[-106.364239,31.741609],[-106.362139,31.742409],[-106.365139,31.743209],[-106.367539,31.746209],[-106.365039,31.749909],[-106.365039,31.751509],[-106.365139,31.753109],[-106.365239,31.753609],[-106.366839,31.753609],[-106.367539,31.753509],[-106.374185,31.756251],[-106.375798,31.760971],[-106.373439,31.764309],[-106.370739,31.767709],[-106.370428,31.768085],[-106.37674,31.771708],[-106.39284,31.778808],[-106.397873,31.781108]]]},"properties":{"AREA":0.000880565494999652,"PERIMETER":0.169717204509308,"TR48_D00_":1911,"TR48_D00_I":1910,"STATE":"48","COUNTY":"141","TRACT":"003501","NAME":"0035.01","LSAD":"TR","LSAD_TRANS":""}},
{"type":"Feature","geometry":{"type":"Polygon","coordinates":[[[-106.420041,31.781908],[-106.422141,31.777608],[-106.425541,31.777408],[-106.432841,31.777508],[-106.433829,31.777279],[-106.437641,31.776808],[-106.437841,31.774508],[-106.437841,31.774308],[-106.431741,31.773808],[-106.431641,31.769908],[-106.431541,31.768808],[-106.425541,31.770308],[-106.421641,31.771208],[-106.420741,31.771308],[-106.41694,31.769908],[-106.41414,31.768908],[-106.41414,31.769108],[-106.41414,31.769408],[-106.41424,31.772208],[-106.41094,31.772708],[-106.40864,31.771308],[-106.40664,31.773408],[-106.40714,31.773708],[-106.41244,31.777008],[-106.416541,31.779608],[-106.417641,31.780308],[-106.420041,31.781908]]]},"properties":{"AREA":0.000193278900000017,"PERIMETER":0.080201173841191,"TR48_D00_":1913,"TR48_D00_I":1912,"STATE":"48","COUNTY":"141","TRACT":"0032","NAME":"0032","LSAD":"TR","LSAD_TRANS":""}},
{"type":"Feature","geometry":{"type":"Polygon","coordinates":[[[-106.461542,31.778308],[-106.464142,31.777908],[-106.471842,31.773008],[-106.469442,31.772508],[-106.468942,31.771908],[-106.467642,31.770408],[-106.466442,31.769008],[-106.465342,31.767708],[-106.463542,31.765608],[-106.467642,31.763608],[-106.467542,31.760908],[-106.45335,31.765241],[-106.451541,31.76534],[-106.451514,31.765688],[-106.450941,31.769508],[-106.452541,31.769908],[-106.452441,31.771508],[-106.452441,31.772508],[-106.452441,31.773508],[-106.452441,31.775508],[-106.452441,31.777808],[-106.451141,31.778208],[-106.453941,31.778308],[-106.458242,31.778308],[-106.461542,31.778308]]]},"properties":{"AREA":0.000224344757500124,"PERIMETER":0.0727288409515797,"TR48_D00_":1914,"TR48_D00_I":1913,"STATE":"48","COUNTY":"141","TRACT":"0028","NAME":"0028","LSAD":"TR","LSAD_TRANS":""}},
{"type":"Feature","geometry":{"type":"Polygon","coordinates":[[[-106.451141,31.778208],[-106.452441,31.777808],[-106.452441,31.775508],[-106.452441,31.773508],[-106.452441,31.772508],[-106.452441,31.771508],[-106.452541,31.769908],[-106.450941,31.769508],[-106.451514,31.765688],[-106.451541,31.76534],[-106.451541,31.764808],[-106.44426376504657,31.76095142933643],[-106.444041,31.761608],[-106.444041,31.767408],[-106.443941,31.770308],[-106.443841,31.772408],[-106.443941,31.773408],[-106.443834,31.776008],[-106.442891,31.777308],[-106.444084,31.777336],[-106.450941,31.778208],[-106.451141,31.778208]]]},"properties":{"AREA":0.000120365796062866,"PERIMETER":0.0489084477992082,"TR48_D00_":1915,"TR48_D00_I":1914,"STATE":"48","COUNTY":"141","TRACT":"0029","NAME":"0029","LSAD":"TR","LSAD_TRANS":""}},
{"type":"Feature","geometry":{"type":"Polygon","coordinates":[[[-106.442891,31.777308],[-106.443834,31.776008],[-106.443941,31.773408],[-106.443841,31.772408],[-106.443941,31.770308],[-106.444041,31.767408],[-106.444041,31.761608],[-106.44426376504657,31.76095142933643],[-106.43464498369372,31.755853956158482],[-106.431541,31.754209],[-106.42173999999962,31.752623660686652],[-106.42174,31.753909],[-106.42174,31.754509],[-106.426041,31.755809],[-106.431541,31.756709],[-106.431541,31.761508],[-106.431641,31.766308],[-106.431641,31.768408],[-106.431541,31.768808],[-106.431641,31.769908],[-106.431741,31.773808],[-106.437841,31.774308],[-106.437841,31.774508],[-106.437641,31.776808],[-106.433829,31.777279],[-106.437541,31.777296],[-106.442891,31.777308]]]},"properties":{"AREA":0.00024825526924208,"PERIMETER":0.0916399521836259,"TR48_D00_":1917,"TR48_D00_I":1916,"STATE":"48","COUNTY":"141","TRACT":"0030","NAME":"0030","LSAD":"TR","LSAD_TRANS":""}},
{"type":"Feature","geometry":{"type":"Polygon","coordinates":[[[-106.473542,31.773508],[-106.473942,31.773208],[-106.475842,31.775408],[-106.477042,31.774608],[-106.481942,31.771508],[-106.483842,31.773708],[-106.486242,31.776308],[-106.488742,31.772808],[-106.490442,31.771708],[-106.491642,31.773108],[-106.494242,31.771508],[-106.491742,31.768608],[-106.489842,31.766508],[-106.489242,31.765808],[-106.486642,31.767408],[-106.485342,31.765908],[-106.484942,31.765408],[-106.484642,31.765008],[-106.484042,31.765208],[-106.474142,31.771408],[-106.473542,31.771908],[-106.473542,31.773508]]]},"properties":{"AREA":0.000113450000000145,"PERIMETER":0.0567709568029454,"TR48_D00_":1918,"TR48_D00_I":1917,"STATE":"48","COUNTY":"141","TRACT":"002202","NAME":"0022.02","LSAD":"TR","LSAD_TRANS":""}},
{"type":"Feature","geometry":{"type":"Polygon","coordinates":[[[-106.360339,31.774208],[-106.366239,31.773008],[-106.363339,31.766409],[-106.364139,31.764309],[-106.359539,31.761409],[-106.355439,31.759109],[-106.349639,31.755509],[-106.344959,31.752822],[-106.342039,31.756309],[-106.340039,31.758909],[-106.339839,31.765909],[-106.339839,31.772509],[-106.346939,31.770909],[-106.348639,31.770809],[-106.352039,31.773109],[-106.355539,31.773309],[-106.358739,31.773909],[-106.360339,31.774208]]]},"properties":{"AREA":0.000359817349999986,"PERIMETER":0.0807442266755712,"TR48_D00_":1919,"TR48_D00_I":1918,"STATE":"48","COUNTY":"141","TRACT":"004305","NAME":"0043.05","LSAD":"TR","LSAD_TRANS":""}},
{"type":"Feature","geometry":{"type":"Polygon","coordinates":[[[-106.471842,31.773008],[-106.473542,31.771908],[-106.474142,31.771408],[-106.484042,31.765208],[-106.484642,31.765008],[-106.486442,31.764508],[-106.487242,31.763608],[-106.486642,31.762908],[-106.486342,31.762408],[-106.485342,31.761408],[-106.482823,31.76302],[-106.482442,31.762708],[-106.480842,31.760908],[-106.480174,31.760075],[-106.479842,31.760108],[-106.479242,31.758508],[-106.475342,31.759908],[-106.473642,31.760708],[-106.467642,31.764008],[-106.467642,31.763608],[-106.463542,31.765608],[-106.465342,31.767708],[-106.466442,31.769008],[-106.467642,31.770408],[-106.468942,31.771908],[-106.469442,31.772508],[-106.471842,31.773008]]]},"properties":{"AREA":0.000164714249999854,"PERIMETER":0.059474818869,"TR48_D00_":1920,"TR48_D00_I":1919,"STATE":"48","COUNTY":"141","TRACT":"0021","NAME":"0021","LSAD":"TR","LSAD_TRANS":""}},
{"type":"Feature","geometry":{"type":"Polygon","coordinates":[[[-106.339839,31.772509],[-106.339839,31.765909],[-106.340039,31.758909],[-106.342039,31.756309],[-106.344959,31.752822],[-106.336446,31.747766],[-106.331538,31.744809],[-106.328938,31.747809],[-106.326938,31.752509],[-106.327438,31.754809],[-106.329738,31.757909],[-106.330038,31.766009],[-106.331038,31.772609],[-106.332738,31.772609],[-106.339839,31.772509]]]},"properties":{"AREA":0.000294006447000006,"PERIMETER":0.075936497237124,"TR48_D00_":1921,"TR48_D00_I":1920,"STATE":"48","COUNTY":"141","TRACT":"004312","NAME":"0043.12","LSAD":"TR","LSAD_TRANS":""}},
{"type":"Feature","geometry":{"type":"Polygon","coordinates":[[[-106.331038,31.772609],[-106.330038,31.766009],[-106.329738,31.757909],[-106.327438,31.754809],[-106.326938,31.752509],[-106.328938,31.747809],[-106.331538,31.744809],[-106.324438,31.74021],[-106.320038,31.74581],[-106.319238,31.747809],[-106.319438,31.754909],[-106.319538,31.765509],[-106.319538,31.769309],[-106.328238,31.770909],[-106.331038,31.772609]]]},"properties":{"AREA":0.000275026650000038,"PERIMETER":0.081431533044211,"TR48_D00_":1922,"TR48_D00_I":1921,"STATE":"48","COUNTY":"141","TRACT":"004313","NAME":"0043.13","LSAD":"TR","LSAD_TRANS":""}},
{"type":"Feature","geometry":{"type":"Polygon","coordinates":[[[-106.496142,31.770408],[-106.497734,31.769234],[-106.498544,31.768704],[-106.500942,31.767008],[-106.507143,31.766308],[-106.507343,31.766408],[-106.5074,31.766394],[-106.507743,31.766308],[-106.507038,31.764986],[-106.506943,31.764808],[-106.506143,31.763908],[-106.506743,31.763808],[-106.505542,31.762608],[-106.504163,31.76077],[-106.501142,31.758908],[-106.493444,31.758232],[-106.493542,31.759608],[-106.491442,31.760908],[-106.491534,31.761],[-106.490742,31.761408],[-106.491583,31.762374],[-106.492642,31.763608],[-106.490042,31.765208],[-106.489242,31.765808],[-106.489842,31.766508],[-106.491742,31.768608],[-106.494242,31.771508],[-106.495142,31.771008],[-106.496142,31.770408]]]},"properties":{"AREA":0.000137951709999973,"PERIMETER":0.0531524588295225,"TR48_D00_":1923,"TR48_D00_I":1922,"STATE":"48","COUNTY":"141","TRACT":"0016","NAME":"0016","LSAD":"TR","LSAD_TRANS":""}},
{"type":"Feature","geometry":{"type":"Polygon","coordinates":[[[-106.421641,31.771208],[-106.421641,31.767808],[-106.421741,31.761508],[-106.42174,31.754509],[-106.42174,31.753909],[-106.42074,31.753809],[-106.41784,31.753509],[-106.41564,31.755309],[-106.41354,31.758609],[-106.41164,31.759709],[-106.41434,31.760209],[-106.41414,31.760909],[-106.41424,31.766108],[-106.40894,31.764908],[-106.40894,31.768508],[-106.41414,31.768908],[-106.41694,31.769908],[-106.420741,31.771308],[-106.421641,31.771208]]]},"properties":{"AREA":0.000138295049500012,"PERIMETER":0.0610225363718098,"TR48_D00_":1925,"TR48_D00_I":1924,"STATE":"48","COUNTY":"141","TRACT":"003601","NAME":"0036.01","LSAD":"TR","LSAD_TRANS":""}},
{"type":"Feature","geometry":{"type":"Polygon","coordinates":[[[-106.431541,31.768808],[-106.431641,31.768408],[-106.431641,31.766308],[-106.431541,31.761508],[-106.431541,31.756709],[-106.426041,31.755809],[-106.42174,31.754509],[-106.421741,31.761508],[-106.421641,31.767808],[-106.421641,31.771208],[-106.425541,31.770308],[-106.431541,31.768808]]]},"properties":{"AREA":0.000140703049500035,"PERIMETER":0.0490656260731657,"TR48_D00_":1926,"TR48_D00_I":1925,"STATE":"48","COUNTY":"141","TRACT":"0031","NAME":"0031","LSAD":"TR","LSAD_TRANS":""}},
{"type":"Feature","geometry":{"type":"Polygon","coordinates":[[[-106.311838,31.769909],[-106.319538,31.769309],[-106.319538,31.765509],[-106.319438,31.754909],[-106.308838,31.753409],[-106.302438,31.751909],[-106.302338,31.761109],[-106.304436,31.769701],[-106.307699,31.769753],[-106.308848,31.769811],[-106.311838,31.769909]]]},"properties":{"AREA":0.000267014309000002,"PERIMETER":0.0648533137528927,"TR48_D00_":1927,"TR48_D00_I":1926,"STATE":"48","COUNTY":"141","TRACT":"004307","NAME":"0043.07","LSAD":"TR","LSAD_TRANS":""}},
{"type":"Feature","geometry":{"type":"Polygon","coordinates":[[[-106.304436,31.769701],[-106.302338,31.761109],[-106.302438,31.751909],[-106.296272,31.750426],[-106.294216,31.754927],[-106.294124,31.759994],[-106.291935,31.762113],[-106.291292,31.764318],[-106.291337,31.767505],[-106.297829,31.767496],[-106.300713,31.769713],[-106.304436,31.769701]]]},"properties":{"AREA":0.000163603279499991,"PERIMETER":0.0567864534686544,"TR48_D00_":1928,"TR48_D00_I":1927,"STATE":"48","COUNTY":"141","TRACT":"004314","NAME":"0043.14","LSAD":"TR","LSAD_TRANS":""}},
{"type":"Feature","geometry":{"type":"Polygon","coordinates":[[[-106.40894,31.768508],[-106.40894,31.764908],[-106.41424,31.766108],[-106.41414,31.760909],[-106.41434,31.760209],[-106.41164,31.759709],[-106.41354,31.758609],[-106.41564,31.755309],[-106.41784,31.753509],[-106.42074,31.753809],[-106.42174,31.753909],[-106.42173999999962,31.752623660686652],[-106.41794,31.752009],[-106.40408653547325,31.744538468290354],[-106.403202,31.74582],[-106.40314,31.745909],[-106.39814,31.752409],[-106.39894,31.757509],[-106.39644,31.759509],[-106.39844,31.761309],[-106.40344,31.765108],[-106.40504,31.768108],[-106.40894,31.768508]]]},"properties":{"AREA":0.000303617396885558,"PERIMETER":0.0859729464655475,"TR48_D00_":1930,"TR48_D00_I":1929,"STATE":"48","COUNTY":"141","TRACT":"003602","NAME":"0036.02","LSAD":"TR","LSAD_TRANS":""}},
{"type":"Feature","geometry":{"type":"Polygon","coordinates":[[[-106.370428,31.768085],[-106.370739,31.767709],[-106.373439,31.764309],[-106.375798,31.760971],[-106.374185,31.756251],[-106.367539,31.753509],[-106.366839,31.753609],[-106.365239,31.753609],[-106.359439,31.753609],[-106.358539,31.753709],[-106.353839,31.753609],[-106.353339,31.753709],[-106.351507,31.754522],[-106.349639,31.755509],[-106.355439,31.759109],[-106.359539,31.761409],[-106.364139,31.764309],[-106.370428,31.768085]]]},"properties":{"AREA":0.00020932808699986,"PERIMETER":0.0637359254297954,"TR48_D00_":1931,"TR48_D00_I":1930,"STATE":"48","COUNTY":"141","TRACT":"004202","NAME":"0042.02","LSAD":"TR","LSAD_TRANS":""}},
{"type":"Feature","geometry":{"type":"Polygon","coordinates":[[[-106.291337,31.767505],[-106.291292,31.764318],[-106.291935,31.762113],[-106.294124,31.759994],[-106.294216,31.754927],[-106.296272,31.750426],[-106.288779,31.746295],[-106.288718,31.744376],[-106.287436,31.742694],[-106.280524,31.74995],[-106.273173,31.756786],[-106.26574,31.763887],[-106.270892,31.764072],[-106.274824,31.765806],[-106.278599,31.767332],[-106.284431,31.767485],[-106.286302,31.767533],[-106.291337,31.767505]]]},"properties":{"AREA":0.000398661694999969,"PERIMETER":0.087742589217281,"TR48_D00_":1932,"TR48_D00_I":1931,"STATE":"48","COUNTY":"141","TRACT":"004315","NAME":"0043.15","LSAD":"TR","LSAD_TRANS":""}},
{"type":"Feature","geometry":{"type":"Polygon","coordinates":[[[-106.484642,31.765008],[-106.484942,31.765408],[-106.485342,31.765908],[-106.486642,31.767408],[-106.489242,31.765808],[-106.490042,31.765208],[-106.492642,31.763608],[-106.491583,31.762374],[-106.490742,31.761408],[-106.491534,31.761],[-106.491442,31.760908],[-106.493542,31.759608],[-106.493444,31.758232],[-106.493442,31.758008],[-106.495342,31.757708],[-106.495342,31.756908],[-106.489342,31.755108],[-106.488142,31.755408],[-106.486144,31.755847],[-106.483016,31.75656],[-106.481042,31.757108],[-106.479942,31.757308],[-106.478942,31.757508],[-106.479142,31.758108],[-106.479242,31.758508],[-106.479842,31.760108],[-106.480174,31.760075],[-106.480842,31.760908],[-106.482442,31.762708],[-106.482823,31.76302],[-106.485342,31.761408],[-106.486342,31.762408],[-106.486642,31.762908],[-106.487242,31.763608],[-106.486442,31.764508],[-106.484642,31.765008]]]},"properties":{"AREA":0.000102131941000061,"PERIMETER":0.0539352119050992,"TR48_D00_":1933,"TR48_D00_I":1932,"STATE":"48","COUNTY":"141","TRACT":"0017","NAME":"0017","LSAD":"TR","LSAD_TRANS":""}},
{"type":"Feature","geometry":{"type":"Polygon","coordinates":[[[-106.451541,31.764808],[-106.451541,31.76534],[-106.45335,31.765241],[-106.467542,31.760908],[-106.467642,31.763608],[-106.467642,31.764008],[-106.473642,31.760708],[-106.475342,31.759908],[-106.479242,31.758508],[-106.479142,31.758108],[-106.478942,31.757508],[-106.479942,31.757308],[-106.479142,31.754708],[-106.478142,31.754908],[-106.477842,31.754008],[-106.477542,31.753208],[-106.477342,31.752408],[-106.477042,31.751508],[-106.473942,31.752108],[-106.47367184987327,31.751433300058494],[-106.47215616071533,31.752506597443457],[-106.470742,31.753508],[-106.467642,31.759608],[-106.451541,31.764808]]]},"properties":{"AREA":0.000103642235494954,"PERIMETER":0.0737722026465475,"TR48_D00_":1935,"TR48_D00_I":1934,"STATE":"48","COUNTY":"141","TRACT":"0020","NAME":"0020","LSAD":"TR","LSAD_TRANS":""}},
{"type":"Feature","geometry":{"type":"Polygon","coordinates":[[[-106.26574,31.763887],[-106.273173,31.756786],[-106.280524,31.74995],[-106.287436,31.742694],[-106.291883,31.737534],[-106.300975,31.725588],[-106.303058,31.724308],[-106.303071,31.722872],[-106.304737,31.72051],[-106.302421,31.718127],[-106.302009,31.718318],[-106.285773,31.703717],[-106.28675,31.703976],[-106.284037,31.701711],[-106.27712,31.708027],[-106.268011,31.717419],[-106.266622,31.72029],[-106.26647,31.725351],[-106.26647,31.725421],[-106.266058,31.72747],[-106.266058,31.727648],[-106.266042,31.741628],[-106.266038,31.742224],[-106.265799,31.756931],[-106.265637,31.763809],[-106.26574,31.763887]]]},"properties":{"AREA":0.0012737309625003,"PERIMETER":0.158427919383442,"TR48_D00_":1936,"TR48_D00_I":1935,"STATE":"48","COUNTY":"141","TRACT":"010321","NAME":"0103.21","LSAD":"TR","LSAD_TRANS":""}},
{"type":"Feature","geometry":{"type":"Polygon","coordinates":[[[-106.505542,31.762608],[-106.508543,31.762508],[-106.50910201146044,31.76282743512025],[-106.507342,31.761208],[-106.489542,31.748408],[-106.48807840254534,31.748229082678503],[-106.48616229224841,31.747994847970777],[-106.484642,31.747809],[-106.48261401078824,31.748321568701872],[-106.483442,31.750908],[-106.484442,31.750708],[-106.484993,31.752341],[-106.485648,31.75409],[-106.486144,31.755847],[-106.488142,31.755408],[-106.489342,31.755108],[-106.495342,31.756908],[-106.495342,31.757708],[-106.493442,31.758008],[-106.493444,31.758232],[-106.501142,31.758908],[-106.504163,31.76077],[-106.505542,31.762608]]]},"properties":{"AREA":0.000107627737721994,"PERIMETER":0.0702116168859421,"TR48_D00_":1939,"TR48_D00_I":1938,"STATE":"48","COUNTY":"141","TRACT":"0018","NAME":"0018","LSAD":"TR","LSAD_TRANS":""}},
{"type":"Feature","geometry":{"type":"Polygon","coordinates":[[[-106.39644,31.759509],[-106.39894,31.757509],[-106.39814,31.752409],[-106.40314,31.745909],[-106.403202,31.74582],[-106.40408653547325,31.744538468290354],[-106.39464291545053,31.73944596145227],[-106.39174,31.743209],[-106.38674,31.749309],[-106.38894,31.750909],[-106.38754,31.752109],[-106.39384,31.757309],[-106.39644,31.759509]]]},"properties":{"AREA":0.000177740130767212,"PERIMETER":0.0577382217604795,"TR48_D00_":1940,"TR48_D00_I":1939,"STATE":"48","COUNTY":"141","TRACT":"003701","NAME":"0037.01","LSAD":"TR","LSAD_TRANS":""}},
{"type":"Feature","geometry":{"type":"Polygon","coordinates":[[[-106.479942,31.757308],[-106.481042,31.757108],[-106.483016,31.75656],[-106.486144,31.755847],[-106.485648,31.75409],[-106.484993,31.752341],[-106.484442,31.750708],[-106.483442,31.750908],[-106.48261401078824,31.748321568701872],[-106.475542,31.750109],[-106.47501643800985,31.750481163584283],[-106.47367184987327,31.751433300058494],[-106.473942,31.752108],[-106.477042,31.751508],[-106.477342,31.752408],[-106.477542,31.753208],[-106.477842,31.754008],[-106.478142,31.754908],[-106.479142,31.754708],[-106.479942,31.757308]]]},"properties":{"AREA":0.0000582977829424319,"PERIMETER":0.0363139471816535,"TR48_D00_":1942,"TR48_D00_I":1941,"STATE":"48","COUNTY":"141","TRACT":"0019","NAME":"0019","LSAD":"TR","LSAD_TRANS":""}},
{"type":"Feature","geometry":{"type":"Polygon","coordinates":[[[-106.351507,31.754522],[-106.351539,31.751609],[-106.350439,31.751609],[-106.350539,31.747909],[-106.350439,31.741509],[-106.350445,31.741244],[-106.353839,31.742309],[-106.353839,31.741309],[-106.353839,31.740209],[-106.352139,31.740109],[-106.352139,31.73351],[-106.352139,31.73181],[-106.347038,31.72951],[-106.344338,31.73571],[-106.345839,31.73931],[-106.345739,31.749209],[-106.344959,31.752822],[-106.349639,31.755509],[-106.351507,31.754522]]]},"properties":{"AREA":0.000143104899999968,"PERIMETER":0.067402796082886,"TR48_D00_":1943,"TR48_D00_I":1942,"STATE":"48","COUNTY":"141","TRACT":"004105","NAME":"0041.05","LSAD":"TR","LSAD_TRANS":""}},
{"type":"Feature","geometry":{"type":"Polygon","coordinates":[[[-106.319438,31.754909],[-106.319238,31.747809],[-106.320038,31.74581],[-106.324438,31.74021],[-106.315738,31.73111],[-106.304737,31.72051],[-106.303071,31.722872],[-106.303058,31.724308],[-106.302999,31.73044],[-106.302422,31.731237],[-106.302422,31.743159],[-106.302422,31.744861],[-106.302426,31.746005],[-106.302438,31.751909],[-106.308838,31.753409],[-106.319438,31.754909]]]},"properties":{"AREA":0.000478261449499896,"PERIMETER":0.0936380466912559,"TR48_D00_":1944,"TR48_D00_I":1943,"STATE":"48","COUNTY":"141","TRACT":"004309","NAME":"0043.09","LSAD":"TR","LSAD_TRANS":""}},
{"type":"Feature","geometry":{"type":"Polygon","coordinates":[[[-106.351507,31.754522],[-106.353339,31.753709],[-106.353839,31.753609],[-106.358539,31.753709],[-106.359439,31.753609],[-106.365239,31.753609],[-106.365139,31.753109],[-106.365039,31.751509],[-106.365039,31.749909],[-106.367539,31.746209],[-106.365139,31.743209],[-106.362139,31.742409],[-106.360739,31.741209],[-106.353839,31.741309],[-106.353839,31.742309],[-106.350445,31.741244],[-106.350439,31.741509],[-106.350539,31.747909],[-106.350439,31.751609],[-106.351539,31.751609],[-106.351507,31.754522]]]},"properties":{"AREA":0.000180553199999947,"PERIMETER":0.0567281337520061,"TR48_D00_":1945,"TR48_D00_I":1944,"STATE":"48","COUNTY":"141","TRACT":"004201","NAME":"0042.01","LSAD":"TR","LSAD_TRANS":""}},
{"type":"Feature","geometry":{"type":"Polygon","coordinates":[[[-106.347038,31.72951],[-106.348238,31.72881],[-106.347238,31.72831],[-106.343138,31.72581],[-106.337438,31.72811],[-106.333938,31.73181],[-106.333138,31.73501],[-106.332338,31.73861],[-106.331538,31.744809],[-106.336446,31.747766],[-106.344959,31.752822],[-106.345739,31.749209],[-106.345839,31.73931],[-106.344338,31.73571],[-106.347038,31.72951]]]},"properties":{"AREA":0.000278704801999874,"PERIMETER":0.0716754472010329,"TR48_D00_":1947,"TR48_D00_I":1946,"STATE":"48","COUNTY":"141","TRACT":"004106","NAME":"0041.06","LSAD":"TR","LSAD_TRANS":""}},
{"type":"Feature","geometry":{"type":"Polygon","coordinates":[[[-106.38754,31.752109],[-106.38894,31.750909],[-106.38674,31.749309],[-106.39174,31.743209],[-106.39464291545053,31.73944596145227],[-106.38595139194058,31.73475902542548],[-106.384039,31.735209],[-106.374439,31.736309],[-106.370739,31.736409],[-106.372739,31.738009],[-106.372039,31.738709],[-106.375639,31.741809],[-106.38754,31.752109]]]},"properties":{"AREA":0.000197301103368686,"PERIMETER":0.0664488812364912,"TR48_D00_":1948,"TR48_D00_I":1947,"STATE":"48","COUNTY":"141","TRACT":"003702","NAME":"0037.02","LSAD":"TR","LSAD_TRANS":""}},
{"type":"Feature","geometry":{"type":"Polygon","coordinates":[[[-106.296272,31.750426],[-106.302438,31.751909],[-106.302426,31.746005],[-106.302422,31.744861],[-106.302422,31.743159],[-106.302422,31.731237],[-106.302999,31.73044],[-106.303058,31.724308],[-106.300975,31.725588],[-106.291883,31.737534],[-106.287436,31.742694],[-106.288718,31.744376],[-106.288779,31.746295],[-106.296272,31.750426]]]},"properties":{"AREA":0.000237774777500144,"PERIMETER":0.0709902870507917,"TR48_D00_":1949,"TR48_D00_I":1948,"STATE":"48","COUNTY":"141","TRACT":"004316","NAME":"0043.16","LSAD":"TR","LSAD_TRANS":""}},
{"type":"Feature","geometry":{"type":"Polygon","coordinates":[[[-106.331538,31.744809],[-106.332338,31.73861],[-106.333138,31.73501],[-106.333938,31.73181],[-106.329738,31.73071],[-106.327738,31.73031],[-106.324438,31.74021],[-106.331538,31.744809]]]},"properties":{"AREA":0.00008269105,"PERIMETER":0.0385128548404579,"TR48_D00_":1954,"TR48_D00_I":1953,"STATE":"48","COUNTY":"141","TRACT":"004107","NAME":"0041.07","LSAD":"TR","LSAD_TRANS":""}},
{"type":"Feature","geometry":{"type":"Polygon","coordinates":[[[-106.375639,31.741809],[-106.372039,31.738709],[-106.371739,31.739009],[-106.365456,31.733635],[-106.363439,31.73191],[-106.356239,31.72581],[-106.352138,31.72231],[-106.351138,31.72351],[-106.350438,31.72661],[-106.348238,31.72881],[-106.347038,31.72951],[-106.352139,31.73181],[-106.352139,31.73351],[-106.352139,31.740109],[-106.353839,31.740209],[-106.353839,31.741309],[-106.360739,31.741209],[-106.362139,31.742409],[-106.364239,31.741609],[-106.372639,31.741709],[-106.375239,31.741809],[-106.375639,31.741809]]]},"properties":{"AREA":0.000237566741499995,"PERIMETER":0.0792574575511332,"TR48_D00_":1955,"TR48_D00_I":1954,"STATE":"48","COUNTY":"141","TRACT":"003502","NAME":"0035.02","LSAD":"TR","LSAD_TRANS":""}},
{"type":"Feature","geometry":{"type":"Polygon","coordinates":[[[-106.324438,31.74021],[-106.327738,31.73031],[-106.329738,31.73071],[-106.333938,31.73181],[-106.337438,31.72811],[-106.343138,31.72581],[-106.337338,31.72301],[-106.336138,31.72241],[-106.334138,31.72171],[-106.327138,31.71641],[-106.317537,31.704911],[-106.315937,31.706211],[-106.315337,31.706811],[-106.314737,31.707411],[-106.304737,31.72051],[-106.315738,31.73111],[-106.324438,31.74021]]]},"properties":{"AREA":0.000555982549500095,"PERIMETER":0.109822776016069,"TR48_D00_":1956,"TR48_D00_I":1955,"STATE":"48","COUNTY":"141","TRACT":"004103","NAME":"0041.03","LSAD":"TR","LSAD_TRANS":""}},
{"type":"Feature","geometry":{"type":"Polygon","coordinates":[[[-106.372039,31.738709],[-106.372739,31.738009],[-106.370739,31.736409],[-106.374439,31.736309],[-106.384039,31.735209],[-106.38595139194058,31.73475902542548],[-106.381039,31.73211],[-106.378039,31.72831],[-106.373839,31.71481],[-106.370139,31.71071],[-106.36830374204057,31.709462886938788],[-106.367539,31.71061],[-106.367139,31.71141],[-106.366339,31.71331],[-106.364439,31.71831],[-106.364039,31.71901],[-106.36319,31.721289],[-106.363339,31.72131],[-106.363639,31.72471],[-106.361939,31.72931],[-106.364239,31.73121],[-106.363739,31.73161],[-106.363439,31.73191],[-106.365456,31.733635],[-106.371739,31.739009],[-106.372039,31.738709]]]},"properties":{"AREA":0.000323920855755389,"PERIMETER":0.0879657998029281,"TR48_D00_":1957,"TR48_D00_I":1956,"STATE":"48","COUNTY":"141","TRACT":"003801","NAME":"0038.01","LSAD":"TR","LSAD_TRANS":""}},
{"type":"Feature","geometry":{"type":"Polygon","coordinates":[[[-106.363439,31.73191],[-106.363739,31.73161],[-106.364239,31.73121],[-106.361939,31.72931],[-106.363639,31.72471],[-106.363339,31.72131],[-106.36319,31.721289],[-106.364039,31.71901],[-106.364439,31.71831],[-106.366339,31.71331],[-106.367139,31.71141],[-106.367539,31.71061],[-106.36830374204057,31.709462886938788],[-106.3574729187046,31.702103016258707],[-106.354438,31.70271],[-106.349038,31.70401],[-106.353536,31.706559],[-106.353338,31.70681],[-106.354338,31.70791],[-106.355238,31.70771],[-106.356438,31.70951],[-106.357038,31.71211],[-106.355838,31.71571],[-106.356638,31.71601],[-106.355338,31.71901],[-106.355738,31.71931],[-106.353838,31.72071],[-106.352138,31.72231],[-106.356239,31.72581],[-106.363439,31.73191]]]},"properties":{"AREA":0.000246397116597685,"PERIMETER":0.0878528404301228,"TR48_D00_":1959,"TR48_D00_I":1958,"STATE":"48","COUNTY":"141","TRACT":"003803","NAME":"0038.03","LSAD":"TR","LSAD_TRANS":""}},
{"type":"Feature","geometry":{"type":"Polygon","coordinates":[[[-106.348238,31.72881],[-106.350438,31.72661],[-106.351138,31.72351],[-106.352138,31.72231],[-106.34308,31.714617],[-106.340838,31.71271],[-106.335159,31.707846],[-106.332038,31.705211],[-106.326238,31.700211],[-106.324837,31.699011],[-106.317537,31.704911],[-106.327138,31.71641],[-106.334138,31.72171],[-106.336138,31.72241],[-106.337338,31.72301],[-106.343138,31.72581],[-106.347238,31.72831],[-106.348238,31.72881]]]},"properties":{"AREA":0.00038352718900013,"PERIMETER":0.0927105720959662,"TR48_D00_":1962,"TR48_D00_I":1961,"STATE":"48","COUNTY":"141","TRACT":"004104","NAME":"0041.04","LSAD":"TR","LSAD_TRANS":""}},
{"type":"Feature","geometry":{"type":"Polygon","coordinates":[[[-106.352138,31.72231],[-106.353838,31.72071],[-106.355738,31.71931],[-106.355338,31.71901],[-106.356638,31.71601],[-106.355838,31.71571],[-106.357038,31.71211],[-106.356438,31.70951],[-106.355238,31.70771],[-106.354338,31.70791],[-106.353338,31.70681],[-106.353536,31.706559],[-106.349038,31.70401],[-106.343206,31.705384],[-106.347038,31.71101],[-106.345738,31.71121],[-106.345638,31.71181],[-106.340838,31.71271],[-106.34308,31.714617],[-106.352138,31.72231]]]},"properties":{"AREA":0.000167487800000032,"PERIMETER":0.0602765563277056,"TR48_D00_":1964,"TR48_D00_I":1963,"STATE":"48","COUNTY":"141","TRACT":"003804","NAME":"0038.04","LSAD":"TR","LSAD_TRANS":""}},
{"type":"Feature","geometry":{"type":"Polygon","coordinates":[[[-106.284037,31.701711],[-106.28675,31.703976],[-106.285773,31.703717],[-106.302009,31.718318],[-106.302421,31.718127],[-106.304737,31.72051],[-106.314737,31.707411],[-106.315337,31.706811],[-106.310837,31.703211],[-106.307437,31.699611],[-106.297637,31.689511],[-106.296937,31.688711],[-106.292812,31.692776],[-106.290091,31.695458],[-106.284037,31.701711]]]},"properties":{"AREA":0.000475295173499979,"PERIMETER":0.0916521863351805,"TR48_D00_":1965,"TR48_D00_I":1964,"STATE":"48","COUNTY":"141","TRACT":"004003","NAME":"0040.03","LSAD":"TR","LSAD_TRANS":""}},
{"type":"Feature","geometry":{"type":"Polygon","coordinates":[[[-106.340838,31.71271],[-106.345638,31.71181],[-106.345738,31.71121],[-106.347038,31.71101],[-106.343206,31.705384],[-106.340838,31.701711],[-106.335038,31.694911],[-106.330938,31.693311],[-106.327737,31.691911],[-106.328237,31.694211],[-106.327637,31.695811],[-106.324837,31.699011],[-106.326238,31.700211],[-106.332038,31.705211],[-106.335159,31.707846],[-106.340838,31.71271]]]},"properties":{"AREA":0.000192920026499996,"PERIMETER":0.0641956897956562,"TR48_D00_":1969,"TR48_D00_I":1968,"STATE":"48","COUNTY":"141","TRACT":"003901","NAME":"0039.01","LSAD":"TR","LSAD_TRANS":""}},
{"type":"Feature","geometry":{"type":"Polygon","coordinates":[[[-106.317537,31.704911],[-106.324837,31.699011],[-106.316337,31.691711],[-106.311937,31.686811],[-106.308037,31.682211],[-106.298637,31.687011],[-106.296937,31.688711],[-106.297637,31.689511],[-106.307437,31.699611],[-106.310837,31.703211],[-106.315337,31.706811],[-106.315937,31.706211],[-106.317537,31.704911]]]},"properties":{"AREA":0.000305925000000096,"PERIMETER":0.0749264497082979,"TR48_D00_":1974,"TR48_D00_I":1973,"STATE":"48","COUNTY":"141","TRACT":"004004","NAME":"0040.04","LSAD":"TR","LSAD_TRANS":""}},
{"type":"Feature","geometry":{"type":"Polygon","coordinates":[[[-106.343206,31.705384],[-106.349038,31.70401],[-106.354438,31.70271],[-106.3574729187046,31.702103016258707],[-106.349538,31.696711],[-106.34699253205913,31.691104641686096],[-106.33826560214635,31.67188369795074],[-106.336037,31.674011],[-106.335137,31.678211],[-106.332537,31.684111],[-106.329337,31.687811],[-106.328337,31.689511],[-106.327737,31.691911],[-106.330938,31.693311],[-106.335038,31.694911],[-106.340838,31.701711],[-106.343206,31.705384]]]},"properties":{"AREA":0.000377967819665079,"PERIMETER":0.0958654259241317,"TR48_D00_":1976,"TR48_D00_I":1975,"STATE":"48","COUNTY":"141","TRACT":"003903","NAME":"0039.03","LSAD":"TR","LSAD_TRANS":""}},
{"type":"Feature","geometry":{"type":"Polygon","coordinates":[[[-106.284037,31.701711],[-106.290091,31.695458],[-106.292812,31.692776],[-106.296937,31.688711],[-106.298637,31.687011],[-106.308037,31.682211],[-106.311937,31.686811],[-106.316537,31.684811],[-106.320779,31.685028],[-106.322164,31.686185],[-106.322588,31.686514],[-106.324437,31.687811],[-106.325937,31.685111],[-106.327337,31.675111],[-106.336037,31.674011],[-106.33826560214635,31.67188369795074],[-106.334737,31.664112],[-106.3309702563905,31.658836434185066],[-106.328537,31.658512],[-106.328937,31.659012],[-106.324337,31.658812],[-106.323937,31.659612],[-106.309737,31.659912],[-106.308136,31.658512],[-106.303436,31.654712],[-106.303536,31.657212],[-106.298936,31.658312],[-106.297436,31.662112],[-106.296936,31.662212],[-106.290036,31.665012],[-106.284736,31.673012],[-106.283136,31.674512],[-106.282336,31.676012],[-106.274536,31.681212],[-106.275095,31.681744],[-106.270816,31.686239],[-106.269325,31.688344],[-106.270936,31.689811],[-106.276836,31.695411],[-106.2835,31.701115],[-106.284037,31.701711]]]},"properties":{"AREA":0.00150859336457496,"PERIMETER":0.193772199788736,"TR48_D00_":1977,"TR48_D00_I":1976,"STATE":"48","COUNTY":"141","TRACT":"004002","NAME":"0040.02","LSAD":"TR","LSAD_TRANS":""}},
{"type":"Feature","geometry":{"type":"Polygon","coordinates":[[[-106.327737,31.691911],[-106.328337,31.689511],[-106.329337,31.687811],[-106.332537,31.684111],[-106.335137,31.678211],[-106.336037,31.674011],[-106.327337,31.675111],[-106.325937,31.685111],[-106.324437,31.687811],[-106.322588,31.686514],[-106.322164,31.686185],[-106.320779,31.685028],[-106.316537,31.684811],[-106.311937,31.686811],[-106.316337,31.691711],[-106.324837,31.699011],[-106.327637,31.695811],[-106.328237,31.694211],[-106.327737,31.691911]]]},"properties":{"AREA":0.000222397727999923,"PERIMETER":0.082004355335461,"TR48_D00_":1978,"TR48_D00_I":1977,"STATE":"48","COUNTY":"141","TRACT":"003902","NAME":"0039.02","LSAD":"TR","LSAD_TRANS":""}},
{"type":"Feature","geometry":{"type":"Polygon","coordinates":[[[-106.269325,31.688344],[-106.270816,31.686239],[-106.275095,31.681744],[-106.274536,31.681212],[-106.282336,31.676012],[-106.283136,31.674512],[-106.284736,31.673012],[-106.279036,31.667212],[-106.273291,31.658746],[-106.267476,31.651929],[-106.263356,31.646994],[-106.255254,31.640288],[-106.251164,31.634127],[-106.249013,31.631132],[-106.2416,31.621267],[-106.238315,31.617747],[-106.236576,31.616039],[-106.225132,31.603362],[-106.222874,31.600944],[-106.212542,31.592464],[-106.205788,31.595855],[-106.202884,31.594032],[-106.193051,31.594699],[-106.189288,31.59497],[-106.193927,31.60081],[-106.21085,31.622947],[-106.239522,31.660024],[-106.240239,31.659627],[-106.241976,31.6625],[-106.247229,31.66815],[-106.259863,31.679048],[-106.260122,31.679689],[-106.266436,31.685711],[-106.269325,31.688344]]]},"properties":{"AREA":0.00272873491700051,"PERIMETER":0.280231205190422,"TR48_D00_":1981,"TR48_D00_I":1980,"STATE":"48","COUNTY":"141","TRACT":"010310","NAME":"0103.10","LSAD":"TR","LSAD_TRANS":""}},
{"type":"Feature","geometry":{"type":"Polygon","coordinates":[[[-105.994756,31.679688],[-105.995449,31.679663],[-106.000056,31.679615],[-106.000111,31.682801],[-106.000529,31.6828],[-106.001781,31.683004],[-106.033298,31.683065],[-106.033554,31.683066],[-106.096739,31.682949],[-106.119677,31.682963],[-106.12993,31.683057],[-106.14618,31.683134],[-106.158916,31.683178],[-106.180805,31.683172],[-106.187535,31.683167],[-106.197986,31.683179],[-106.199879,31.683164],[-106.215,31.683206],[-106.220662,31.682401],[-106.22498,31.680345],[-106.227193,31.678365],[-106.228673,31.676248],[-106.229863,31.673311],[-106.230061,31.671411],[-106.22954,31.666075],[-106.230466,31.663996],[-106.239008,31.660291],[-106.239522,31.660024],[-106.21085,31.622947],[-106.193927,31.60081],[-106.189288,31.59497],[-106.146532,31.597851],[-106.127912,31.59863],[-106.109427,31.600385],[-106.092292,31.601467],[-105.995004,31.606432],[-105.99389,31.606749],[-105.9943,31.631868],[-105.994665,31.670153],[-105.994756,31.679688]]]},"properties":{"AREA":0.0185165123999995,"PERIMETER":0.612990822013573,"TR48_D00_":1984,"TR48_D00_I":1983,"STATE":"48","COUNTY":"141","TRACT":"010309","NAME":"0103.09","LSAD":"TR","LSAD_TRANS":""}},
{"type":"Feature","geometry":{"type":"Polygon","coordinates":[[[-106.284736,31.673012],[-106.290036,31.665012],[-106.296936,31.662212],[-106.290636,31.654712],[-106.286489,31.650045],[-106.270714,31.631874],[-106.266157,31.626705],[-106.264021,31.624202],[-106.258473,31.626688],[-106.264241,31.632841],[-106.251164,31.634127],[-106.255254,31.640288],[-106.263356,31.646994],[-106.267476,31.651929],[-106.273291,31.658746],[-106.279036,31.667212],[-106.284736,31.673012]]]},"properties":{"AREA":0.000770607383000083,"PERIMETER":0.146643514817292,"TR48_D00_":1986,"TR48_D00_I":1985,"STATE":"48","COUNTY":"141","TRACT":"010402","NAME":"0104.02","LSAD":"TR","LSAD_TRANS":""}},
{"type":"Feature","geometry":{"type":"Polygon","coordinates":[[[-106.296936,31.662212],[-106.297436,31.662112],[-106.298936,31.658312],[-106.303536,31.657212],[-106.303436,31.654712],[-106.308136,31.658512],[-106.309737,31.659912],[-106.323937,31.659612],[-106.324337,31.658812],[-106.328937,31.659012],[-106.328537,31.658512],[-106.3309702563905,31.658836434185066],[-106.30859427652234,31.62749744042659],[-106.307036,31.629813],[-106.306196,31.631541],[-106.306098,31.631743],[-106.305336,31.633313],[-106.302136,31.635113],[-106.300536,31.637413],[-106.300827,31.637715],[-106.300333,31.638048],[-106.300236,31.638113],[-106.298236,31.638713],[-106.297079,31.637705],[-106.292136,31.628213],[-106.288565,31.623667],[-106.285161,31.618143],[-106.280812,31.620006],[-106.266157,31.626705],[-106.270714,31.631874],[-106.286489,31.650045],[-106.290636,31.654712],[-106.296936,31.662212]]]},"properties":{"AREA":0.00125391831167154,"PERIMETER":0.190020360853159,"TR48_D00_":1992,"TR48_D00_I":1991,"STATE":"48","COUNTY":"141","TRACT":"010401","NAME":"0104.01","LSAD":"TR","LSAD_TRANS":""}},
{"type":"Feature","geometry":{"type":"Polygon","coordinates":[[[-106.266157,31.626705],[-106.280812,31.620006],[-106.285161,31.618143],[-106.288565,31.623667],[-106.292136,31.628213],[-106.297079,31.637705],[-106.298236,31.638713],[-106.300236,31.638113],[-106.300333,31.638048],[-106.300827,31.637715],[-106.300536,31.637413],[-106.302136,31.635113],[-106.305336,31.633313],[-106.306098,31.631743],[-106.306196,31.631541],[-106.307036,31.629813],[-106.30859427652234,31.62749744042659],[-106.303536,31.620413],[-106.29514108697897,31.601242900860868],[-106.29225471377205,31.59465175925039],[-106.287785,31.584445],[-106.280811,31.562062],[-106.28054857258712,31.561920205925162],[-106.28034558848834,31.56181053010213],[-106.279621,31.562157],[-106.279423,31.562287],[-106.264332,31.570134],[-106.265095,31.573543],[-106.264789,31.573596],[-106.260822,31.575851],[-106.259998,31.578182],[-106.254505,31.584312],[-106.246845,31.584976],[-106.254047,31.598506],[-106.254169,31.598686],[-106.259258,31.609995],[-106.263112,31.62229],[-106.262456,31.622172],[-106.264021,31.624202],[-106.266157,31.626705]]]},"properties":{"AREA":0.00216718736204448,"PERIMETER":0.225829517842734,"TR48_D00_":2005,"TR48_D00_I":2004,"STATE":"48","COUNTY":"141","TRACT":"010403","NAME":"0104.03","LSAD":"TR","LSAD_TRANS":""}},
{"type":"Feature","geometry":{"type":"Polygon","coordinates":[[[-106.251164,31.634127],[-106.264241,31.632841],[-106.258473,31.626688],[-106.264021,31.624202],[-106.262456,31.622172],[-106.263112,31.62229],[-106.259258,31.609995],[-106.254169,31.598686],[-106.254047,31.598506],[-106.246845,31.584976],[-106.238725,31.585925],[-106.237903,31.586028],[-106.235279,31.579514],[-106.231402,31.575478],[-106.226535,31.57993],[-106.226275,31.580086],[-106.221316,31.580838],[-106.22127,31.581631],[-106.223635,31.585681],[-106.222766,31.585811],[-106.218112,31.58545],[-106.214541,31.586071],[-106.208865,31.589416],[-106.212542,31.592464],[-106.222874,31.600944],[-106.225132,31.603362],[-106.236576,31.616039],[-106.238315,31.617747],[-106.2416,31.621267],[-106.249013,31.631132],[-106.251164,31.634127]]]},"properties":{"AREA":0.0014019872889999,"PERIMETER":0.188304438112343,"TR48_D00_":2006,"TR48_D00_I":2005,"STATE":"48","COUNTY":"141","TRACT":"010404","NAME":"0104.04","LSAD":"TR","LSAD_TRANS":""}},
{"type":"Feature","geometry":{"type":"Polygon","coordinates":[[[-105.99389,31.606749],[-105.995004,31.606432],[-106.092292,31.601467],[-106.109427,31.600385],[-106.127912,31.59863],[-106.146532,31.597851],[-106.189288,31.59497],[-106.193051,31.594699],[-106.202884,31.594032],[-106.205788,31.595855],[-106.212542,31.592464],[-106.208865,31.589416],[-106.214541,31.586071],[-106.218112,31.58545],[-106.222766,31.585811],[-106.214083,31.576024],[-106.192598,31.551961],[-106.186144,31.544775],[-106.180071,31.537981],[-106.16327,31.512564],[-106.160386,31.507281],[-106.157868,31.503146],[-106.156541,31.504199],[-106.14978,31.509036],[-106.145004,31.512694],[-106.131179,31.519484],[-106.129074,31.516772],[-106.128494,31.516017],[-106.121514,31.507318],[-106.118737,31.505082],[-106.113788,31.502163],[-106.105134,31.497089],[-106.063911,31.474459],[-106.059767,31.471389],[-106.052656,31.464881],[-106.024916,31.439051],[-106.019973,31.435337],[-105.972139,31.408394],[-105.954329,31.423469],[-105.958548,31.423461],[-105.958696,31.434858],[-105.959262,31.478417],[-105.960326,31.478416],[-105.993256,31.478391],[-105.992699,31.500119],[-105.992891,31.517346],[-105.993426,31.565271],[-105.99389,31.606749]]]},"properties":{"AREA":0.026005013278501,"PERIMETER":0.817508026926636,"TR48_D00_":2015,"TR48_D00_I":2014,"STATE":"48","COUNTY":"141","TRACT":"010502","NAME":"0105.02","LSAD":"TR","LSAD_TRANS":""}},
{"type":"Feature","geometry":{"type":"Polygon","coordinates":[[[-106.246845,31.584976],[-106.254505,31.584312],[-106.259998,31.578182],[-106.260822,31.575851],[-106.264789,31.573596],[-106.265095,31.573543],[-106.264332,31.570134],[-106.279423,31.562287],[-106.279621,31.562157],[-106.28034558848834,31.56181053010213],[-106.25478,31.547997],[-106.24640680600963,31.54131562659788],[-106.246203,31.541153],[-106.24587445532548,31.540182047193955],[-106.24264909520613,31.530650094003715],[-106.236804,31.513376],[-106.223909,31.500422],[-106.21889302207812,31.48049868619343],[-106.218843,31.4803],[-106.21853853114789,31.479964934554566],[-106.21268624428306,31.47352454141907],[-106.212236,31.473819],[-106.211763,31.47414],[-106.186417,31.490813],[-106.183549,31.487723],[-106.166688,31.498576],[-106.162491,31.5012],[-106.160691,31.501151],[-106.159928,31.501734],[-106.159516,31.502032],[-106.157868,31.503146],[-106.160386,31.507281],[-106.16327,31.512564],[-106.180071,31.537981],[-106.186144,31.544775],[-106.192598,31.551961],[-106.214083,31.576024],[-106.222766,31.585811],[-106.223635,31.585681],[-106.22127,31.581631],[-106.221316,31.580838],[-106.226275,31.580086],[-106.226535,31.57993],[-106.231402,31.575478],[-106.235279,31.579514],[-106.237903,31.586028],[-106.238725,31.585925],[-106.246845,31.584976]]]},"properties":{"AREA":0.00621312925088535,"PERIMETER":0.373613947434688,"TR48_D00_":2025,"TR48_D00_I":2024,"STATE":"48","COUNTY":"141","TRACT":"010501","NAME":"0105.01","LSAD":"TR","LSAD_TRANS":""}},
{"type":"Feature","geometry":{"type":"Polygon","coordinates":[[[-106.052656,31.464881],[-106.059767,31.471389],[-106.063911,31.474459],[-106.105134,31.497089],[-106.113788,31.502163],[-106.118737,31.505082],[-106.121514,31.507318],[-106.128494,31.516017],[-106.129074,31.516772],[-106.131179,31.519484],[-106.145004,31.512694],[-106.14978,31.509036],[-106.156541,31.504199],[-106.157868,31.503146],[-106.159516,31.502032],[-106.159928,31.501734],[-106.160691,31.501151],[-106.162491,31.5012],[-106.166688,31.498576],[-106.183549,31.487723],[-106.186417,31.490813],[-106.211763,31.47414],[-106.212236,31.473819],[-106.21268624428306,31.47352454141907],[-106.20599887670787,31.466165148890866],[-106.205827,31.465976],[-106.2056085982673,31.46590576115674],[-106.18294689564124,31.45861766980741],[-106.17677981450808,31.45663431262552],[-106.175675,31.456279],[-106.17530519878503,31.45591053334861],[-106.158218,31.438885],[-106.14357267656654,31.431101721097118],[-106.144119,31.435372],[-106.140899,31.439484],[-106.139221,31.442509],[-106.134826,31.445023],[-106.129928,31.446931],[-106.12553,31.447255],[-106.125111,31.447056],[-106.12175,31.445136],[-106.118383,31.447956],[-106.118706,31.452173],[-106.113629,31.457043],[-106.11171,31.455484],[-106.111581,31.455431],[-106.111395,31.455256],[-106.111277,31.455361],[-106.106922,31.459373],[-106.106071,31.460107],[-106.095981,31.451918],[-106.095958,31.451801],[-106.094594,31.450267],[-106.088184,31.44579],[-106.087912,31.446065],[-106.08663,31.447256],[-106.085507,31.448242],[-106.084158,31.449478],[-106.083557,31.449892],[-106.081953,31.451061],[-106.058938,31.460871],[-106.05434,31.463552],[-106.052656,31.464881]]]},"properties":{"AREA":0.00654159513199204,"PERIMETER":0.398579676028536,"TR48_D00_":2062,"TR48_D00_I":2061,"STATE":"48","COUNTY":"141","TRACT":"010503","NAME":"0105.03","LSAD":"TR","LSAD_TRANS":""}},
{"type":"Feature","geometry":{"type":"Polygon","coordinates":[[[-106.052656,31.464881],[-106.05434,31.463552],[-106.058938,31.460871],[-106.081953,31.451061],[-106.083557,31.449892],[-106.084158,31.449478],[-106.085507,31.448242],[-106.08663,31.447256],[-106.087912,31.446065],[-106.088184,31.44579],[-106.094594,31.450267],[-106.095958,31.451801],[-106.095981,31.451918],[-106.106071,31.460107],[-106.106922,31.459373],[-106.111277,31.455361],[-106.111395,31.455256],[-106.111581,31.455431],[-106.11171,31.455484],[-106.113629,31.457043],[-106.118706,31.452173],[-106.118383,31.447956],[-106.12175,31.445136],[-106.125111,31.447056],[-106.12553,31.447255],[-106.129928,31.446931],[-106.134826,31.445023],[-106.139221,31.442509],[-106.140899,31.439484],[-106.144119,31.435372],[-106.14357267656654,31.431101721097118],[-106.132782,31.425367],[-106.112169,31.423578],[-106.106877,31.421403],[-106.10264993125142,31.41779810546371],[-106.10264140097728,31.417790830744398],[-106.10062153549401,31.41606826542131],[-106.09640975060395,31.412476405141465],[-106.08033550524428,31.398768097394733],[-106.080258,31.398702],[-106.08009121708864,31.398688175961098],[-106.02286632382797,31.393945009265412],[-106.00614377792375,31.392558937255828],[-106.004926,31.392458],[-106.00418474278807,31.391893495117944],[-105.99757996956257,31.386863626037872],[-105.992513,31.391149],[-105.972139,31.408394],[-106.019973,31.435337],[-106.024916,31.439051],[-106.052656,31.464881]]]},"properties":{"AREA":0.00669451406456045,"PERIMETER":0.412180856495525,"TR48_D00_":2082,"TR48_D00_I":2081,"STATE":"48","COUNTY":"141","TRACT":"010504","NAME":"0105.04","LSAD":"TR","LSAD_TRANS":""}}
]}