{"type":"FeatureCollection", "features": [
{"type":"Feature","geometry":{"type":"Polygon","coordinates":[[[-106.340924,31.712674],[-106.345783,31.711819],[-106.347136,31.710867],[-106.343289,31.705382],[-106.34094,31.701661],[-106.337124,31.695825],[-106.335209,31.694743],[-106.330675,31.692965],[-106.327859,31.691837],[-106.32831,31.694126],[-106.327809,31.695429],[-106.327227,31.696653],[-106.324804,31.698941],[-106.332074,31.70516],[-106.33508,31.707691],[-106.340924,31.712674]]]},"properties":{"STATEFP":"48","COUNTYFP":"141","TRACTCE":"003901","AFFGEOID":"1400000US48141003901","GEOID":"48141003901","NAME":"39.01","NAMELSAD":"Census Tract 39.01","STUSPS":"TX","NAMELSADCO":"El Paso County","STATE_NAME":"Texas","LSAD":"CT","ALAND":2087387,"AWATER":0}},
{"type":"Feature","geometry":{"type":"Polygon","coordinates":[[[-106.44007,31.851943],[-106.439649,31.851655],[-106.439571,31.848501],[-106.422785,31.848932],[-106.422852,31.851665],[-106.422919,31.854597],[-106.422939,31.855386],[-106.423024,31.858947],[-106.423036,31.859761],[-106.423128,31.863047],[-106.423164,31.864554],[-106.423198,31.866063],[-106.423177,31.869933],[-106.427675,31.869854],[-106.428248,31.86986],[-106.431438,31.865042],[-106.431729,31.864602],[-106.436278,31.857721],[-106.437994,31.855113],[-106.44007,31.851943]]]},"properties":{"STATEFP":"48","COUNTYFP":"141","TRACTCE":"000301","AFFGEOID":"1400000US48141000301","GEOID":"48141000301","NAME":"3.01","NAMELSAD":"Census Tract 3.01","STUSPS":"TX","NAMELSADCO":"El Paso County","STATE_NAME":"Texas","LSAD":"CT","ALAND":2654932,"AWATER":0}},
{"type":"Feature","geometry":{"type":"Polygon","coordinates":[[[-106.456827,31.804941],[-106.456829,31.80403],[-106.45685,31.800409],[-106.456851,31.7995],[-106.456875,31.794888],[-106.453996,31.794877],[-106.450833,31.794866],[-106.449155,31.796671],[-106.447249,31.796053],[-106.444141,31.799671],[-106.443126,31.801254],[-106.442396,31.803144],[-106.442248,31.803718],[-106.442308,31.803985],[-106.442461,31.80485],[-106.4428,31.804914],[-106.446237,31.804905],[-106.450781,31.804923],[-106.453805,31.804932],[-106.456827,31.804941]]]},"properties":{"STATEFP":"48","COUNTYFP":"141","TRACTCE":"001002","AFFGEOID":"1400000US48141001002","GEOID":"48141001002","NAME":"10.02","NAMELSAD":"Census Tract 10.02","STUSPS":"TX","NAMELSADCO":"El Paso County","STATE_NAME":"Texas","LSAD":"CT","ALAND":1263562,"AWATER":0}},
{"type":"Feature","geometry":{"type":"Polygon","coordinates":[[[-106.362636,31.74251],[-106.3643,31.741812],[-106.364911,31.741662],[-106.372761,31.741719],[-106.375096,31.741743],[-106.371794,31.738943],[-106.366687,31.734594],[-106.365486,31.733579],[-106.363528,31.731912],[-106.352,31.722099],[-106.351402,31.722802],[-106.349908,31.727191],[-106.347943,31.72859],[-106.346436,31.729702],[-106.34823,31.729836],[-106.352418,31.731827],[-106.35226,31.733601],[-106.352054,31.740174],[-106.353944,31.740276],[-106.353995,31.741382],[-106.36107,31.741293],[-106.362636,31.74251]]]},"properties":{"STATEFP":"48","COUNTYFP":"141","TRACTCE":"003502","AFFGEOID":"1400000US48141003502","GEOID":"48141003502","NAME":"35.02","NAMELSAD":"Census Tract 35.02","STUSPS":"TX","NAMELSADCO":"El Paso County","STATE_NAME":"Texas","LSAD":"CT","ALAND":2521779,"AWATER":0}},
{"type":"Feature","geometry":{"type":"Polygon","coordinates":[[[-106.470656,31.792383],[-106.468974,31.792294],[-106.470484,31.791394],[-106.470498,31.789588],[-106.470502,31.787767],[-106.473445,31.787772],[-106.473548,31.78735],[-106.473554,31.783252],[-106.473508,31.777822],[-106.473455,31.776737],[-106.473476,31.773319],[-106.473482,31.771973],[-106.471917,31.772982],[-106.463761,31.777924],[-106.461485,31.778265],[-106.461463,31.779684],[-106.462394,31.779315],[-106.465586,31.782929],[-106.465041,31.783458],[-106.461439,31.785507],[-106.46145,31.786226],[-106.461448,31.786826],[-106.461434,31.789549],[-106.461431,31.790367],[-106.461424,31.792204],[-106.461417,31.794899],[-106.461418,31.794988],[-106.465941,31.795003],[-106.468523,31.79503],[-106.469804,31.79302],[-106.470656,31.792383]]]},"properties":{"STATEFP":"48","COUNTYFP":"141","TRACTCE":"002300","AFFGEOID":"1400000US48141002300","GEOID":"48141002300","NAME":"23","NAMELSAD":"Census Tract 23","STUSPS":"TX","NAMELSADCO":"El Paso County","STATE_NAME":"Texas","LSAD":"CT","ALAND":2023107,"AWATER":3413}},
{"type":"Feature","geometry":{"type":"Polygon","coordinates":[[[-106.322854,31.799375],[-106.322806,31.799115],[-106.323347,31.795941],[-106.323317,31.791543],[-106.320322,31.790723],[-106.318779,31.790676],[-106.316391,31.790436],[-106.314034,31.790437],[-106.312848,31.790445],[-106.307207,31.790492],[-106.302323,31.790518],[-106.302439,31.801681],[-106.302463,31.801798],[-106.302517,31.802066],[-106.310599,31.801009],[-106.318483,31.799969],[-106.322854,31.799375]]]},"properties":{"STATEFP":"48","COUNTYFP":"141","TRACTCE":"010311","AFFGEOID":"1400000US48141010311","GEOID":"48141010311","NAME":"103.11","NAMELSAD":"Census Tract 103.11","STUSPS":"TX","NAMELSADCO":"El Paso County","STATE_NAME":"Texas","LSAD":"CT","ALAND":2206418,"AWATER":0}},
{"type":"Feature","geometry":{"type":"Polygon","coordinates":[[[-106.440881,31.869629],[-106.44075,31.864467],[-106.440639,31.858938],[-106.440524,31.853312],[-106.440457,31.851713],[-106.440142,31.851916],[-106.44007,31.851943],[-106.437994,31.855113],[-106.436278,31.857721],[-106.431729,31.864602],[-106.431438,31.865042],[-106.428248,31.86986],[-106.434657,31.869748],[-106.440881,31.869629]]]},"properties":{"STATEFP":"48","COUNTYFP":"141","TRACTCE":"000404","AFFGEOID":"1400000US48141000404","GEOID":"48141000404","NAME":"4.04","NAMELSAD":"Census Tract 4.04","STUSPS":"TX","NAMELSADCO":"El Paso County","STATE_NAME":"Texas","LSAD":"CT","ALAND":1210281,"AWATER":0}},
{"type":"Feature","geometry":{"type":"Polygon","coordinates":[[[-106.406969,31.902037],[-106.406835,31.89883],[-106.39934,31.898948],[-106.394025,31.898948],[-106.388574,31.898914],[-106.388371,31.89923],[-106.384007,31.906116],[-106.385551,31.906566],[-106.394207,31.906573],[-106.394289,31.910198],[-106.40159,31.910199],[-106.403988,31.906572],[-106.406969,31.902037]]]},"properties":{"STATEFP":"48","COUNTYFP":"141","TRACTCE":"000207","AFFGEOID":"1400000US48141000207","GEOID":"48141000207","NAME":"2.07","NAMELSAD":"Census Tract 2.07","STUSPS":"TX","NAMELSADCO":"El Paso County","STATE_NAME":"Texas","LSAD":"CT","ALAND":1917431,"AWATER":0}},
{"type":"Feature","geometry":{"type":"Polygon","coordinates":[[[-106.439108,31.81906],[-106.439843,31.817349],[-106.440583,31.814834],[-106.441002,31.812584],[-106.439356,31.812606],[-106.439319,31.81261],[-106.430897,31.812639],[-106.42746,31.812992],[-106.421568,31.813069],[-106.421255,31.811754],[-106.420178,31.81039],[-106.416759,31.807657],[-106.404392,31.798072],[-106.404524,31.810527],[-106.404677,31.819856],[-106.404508,31.819861],[-106.40464,31.824976],[-106.405141,31.825435],[-106.405556,31.825635],[-106.407387,31.826306],[-106.421903,31.826441],[-106.43484,31.825929],[-106.437371,31.821926],[-106.439108,31.81906]]]},"properties":{"STATEFP":"48","COUNTYFP":"141","TRACTCE":"010102","AFFGEOID":"1400000US48141010102","GEOID":"48141010102","NAME":"101.02","NAMELSAD":"Census Tract 101.02","STUSPS":"TX","NAMELSADCO":"El Paso County","STATE_NAME":"Texas","LSAD":"CT","ALAND":6222489,"AWATER":0}},
{"type":"Feature","geometry":{"type":"Polygon","coordinates":[[[-106.302323,31.790518],[-106.302299,31.782519],[-106.293619,31.782584],[-106.28502,31.782647],[-106.28509,31.791475],[-106.293789,31.791341],[-106.298047,31.791295],[-106.299497,31.790986],[-106.300371,31.790635],[-106.301435,31.790457],[-106.302154,31.79044],[-106.302323,31.790518]]]},"properties":{"STATEFP":"48","COUNTYFP":"141","TRACTCE":"010323","AFFGEOID":"1400000US48141010323","GEOID":"48141010323","NAME":"103.23","NAMELSAD":"Census Tract 103.23","STUSPS":"TX","NAMELSADCO":"El Paso County","STATE_NAME":"Texas","LSAD":"CT","ALAND":1569767,"AWATER":0}},
{"type":"Feature","geometry":{"type":"Polygon","coordinates":[[[-106.187576,31.682733],[-106.189967,31.682732],[-106.195521,31.682732],[-106.197626,31.682729],[-106.19849,31.682728],[-106.200235,31.682723],[-106.198446,31.680403],[-106.197604,31.679312],[-106.191152,31.670908],[-106.189474,31.671813],[-106.188865,31.671994],[-106.185699,31.671926],[-106.181292,31.67171],[-106.181418,31.682745],[-106.185611,31.682739],[-106.187576,31.682733]]]},"properties":{"STATEFP":"48","COUNTYFP":"141","TRACTCE":"010356","AFFGEOID":"1400000US48141010356","GEOID":"48141010356","NAME":"103.56","NAMELSAD":"Census Tract 103.56","STUSPS":"TX","NAMELSADCO":"El Paso County","STATE_NAME":"Texas","LSAD":"CT","ALAND":1688349,"AWATER":0}},
{"type":"Feature","geometry":{"type":"Polygon","coordinates":[[[-106.242112,31.69911],[-106.242047,31.697449],[-106.233021,31.697277],[-106.232969,31.689019],[-106.232932,31.682931],[-106.232686,31.682945],[-106.232793,31.681489],[-106.232594,31.680075],[-106.23264,31.67814],[-106.232025,31.678044],[-106.229263,31.675595],[-106.229209,31.675116],[-106.227327,31.677974],[-106.225839,31.679404],[-106.222004,31.681637],[-106.218184,31.682614],[-106.215483,31.682741],[-106.215615,31.69399],[-106.21562,31.694325],[-106.215648,31.697274],[-106.211493,31.697264],[-106.211849,31.697898],[-106.211891,31.699132],[-106.215752,31.699126],[-106.217789,31.699124],[-106.225654,31.699132],[-106.232984,31.699122],[-106.242112,31.69911]]]},"properties":{"STATEFP":"48","COUNTYFP":"141","TRACTCE":"010363","AFFGEOID":"1400000US48141010363","GEOID":"48141010363","NAME":"103.63","NAMELSAD":"Census Tract 103.63","STUSPS":"TX","NAMELSADCO":"El Paso County","STATE_NAME":"Texas","LSAD":"CT","ALAND":3737243,"AWATER":0}},
{"type":"Feature","geometry":{"type":"Polygon","coordinates":[[[-106.37809,31.792163],[-106.382237,31.79161],[-106.387993,31.790848],[-106.394673,31.789973],[-106.395673,31.789839],[-106.398282,31.789486],[-106.397765,31.781069],[-106.392635,31.778682],[-106.392559,31.778647],[-106.377265,31.771598],[-106.374637,31.775659],[-106.374534,31.775752],[-106.375468,31.776292],[-106.379278,31.779068],[-106.3781,31.780021],[-106.376884,31.780593],[-106.377319,31.782885],[-106.37818,31.782773],[-106.378064,31.786418],[-106.378418,31.788249],[-106.377805,31.790755],[-106.37809,31.792163]]]},"properties":{"STATEFP":"48","COUNTYFP":"141","TRACTCE":"003403","AFFGEOID":"1400000US48141003403","GEOID":"48141003403","NAME":"34.03","NAMELSAD":"Census Tract 34.03","STUSPS":"TX","NAMELSADCO":"El Paso County","STATE_NAME":"Texas","LSAD":"CT","ALAND":3148506,"AWATER":0}},
{"type":"Feature","geometry":{"type":"Polygon","coordinates":[[[-106.347943,31.72859],[-106.349908,31.727191],[-106.351402,31.722802],[-106.352,31.722099],[-106.343159,31.714571],[-106.340924,31.712674],[-106.33508,31.707691],[-106.332074,31.70516],[-106.324804,31.698941],[-106.320988,31.702893],[-106.317523,31.704952],[-106.327059,31.716444],[-106.329976,31.719732],[-106.33247,31.720933],[-106.334237,31.721597],[-106.336153,31.722406],[-106.337205,31.722842],[-106.339901,31.723984],[-106.343109,31.725821],[-106.347943,31.72859]]]},"properties":{"STATEFP":"48","COUNTYFP":"141","TRACTCE":"004104","AFFGEOID":"1400000US48141004104","GEOID":"48141004104","NAME":"41.04","NAMELSAD":"Census Tract 41.04","STUSPS":"TX","NAMELSADCO":"El Paso County","STATE_NAME":"Texas","LSAD":"CT","ALAND":4058692,"AWATER":0}},
{"type":"Feature","geometry":{"type":"Polygon","coordinates":[[[-106.30358,31.769409],[-106.303416,31.767668],[-106.302333,31.765863],[-106.30207,31.765104],[-106.302023,31.760723],[-106.301992,31.758842],[-106.301928,31.751497],[-106.299181,31.751494],[-106.295213,31.750528],[-106.29278,31.754595],[-106.292684,31.754986],[-106.292541,31.75541],[-106.292177,31.756421],[-106.292239,31.759542],[-106.291378,31.761118],[-106.29078,31.764424],[-106.29078,31.765938],[-106.290779,31.767347],[-106.296154,31.767412],[-106.297404,31.767751],[-106.299547,31.769005],[-106.301928,31.769413],[-106.30358,31.769409]]]},"properties":{"STATEFP":"48","COUNTYFP":"141","TRACTCE":"004314","AFFGEOID":"1400000US48141004314","GEOID":"48141004314","NAME":"43.14","NAMELSAD":"Census Tract 43.14","STUSPS":"TX","NAMELSADCO":"El Paso County","STATE_NAME":"Texas","LSAD":"CT","ALAND":1803201,"AWATER":0}},
{"type":"Feature","geometry":{"type":"Polygon","coordinates":[[[-106.407585,31.92837],[-106.407482,31.923117],[-106.407417,31.920788],[-106.40736,31.91823],[-106.407314,31.916074],[-106.407276,31.914292],[-106.407263,31.913756],[-106.407157,31.910102],[-106.407077,31.906461],[-106.406969,31.902037],[-106.403988,31.906572],[-106.40159,31.910199],[-106.39371,31.922111],[-106.391886,31.92485],[-106.389433,31.928353],[-106.391572,31.928408],[-106.393687,31.928463],[-106.407585,31.92837]]]},"properties":{"STATEFP":"48","COUNTYFP":"141","TRACTCE":"000108","AFFGEOID":"1400000US48141000108","GEOID":"48141000108","NAME":"1.08","NAMELSAD":"Census Tract 1.08","STUSPS":"TX","NAMELSADCO":"El Paso County","STATE_NAME":"Texas","LSAD":"CT","ALAND":2494180,"AWATER":0}},
{"type":"Feature","geometry":{"type":"Polygon","coordinates":[[[-106.486069,31.755539],[-106.485006,31.752123],[-106.484457,31.750368],[-106.483435,31.750598],[-106.482706384307,31.7482982215487],[-106.475542,31.750109],[-106.473319434991,31.7506506089871],[-106.473951,31.751919],[-106.477023,31.751198],[-106.477842,31.753819],[-106.479138,31.754457],[-106.479942,31.757054],[-106.483009,31.75632],[-106.486069,31.755539]]]},"properties":{"STATEFP":"48","COUNTYFP":"141","TRACTCE":"001900","AFFGEOID":"1400000US48141001900","GEOID":"48141001900","NAME":"19","NAMELSAD":"Census Tract 19","STUSPS":"TX","NAMELSADCO":"El Paso County","STATE_NAME":"Texas","LSAD":"CT","ALAND":609273,"AWATER":0}},
{"type":"Feature","geometry":{"type":"Polygon","coordinates":[[[-106.577039,31.863622],[-106.575617,31.857745],[-106.57434,31.852561],[-106.572065,31.844463],[-106.570159,31.839303],[-106.559132,31.837251],[-106.559592,31.841395],[-106.560419,31.848532],[-106.560536,31.849858],[-106.562035,31.852473],[-106.564066,31.854157],[-106.563109,31.854836],[-106.561078,31.859528],[-106.563017,31.859893],[-106.567724,31.863458],[-106.577039,31.863622]]]},"properties":{"STATEFP":"48","COUNTYFP":"141","TRACTCE":"001202","AFFGEOID":"1400000US48141001202","GEOID":"48141001202","NAME":"12.02","NAMELSAD":"Census Tract 12.02","STUSPS":"TX","NAMELSADCO":"El Paso County","STATE_NAME":"Texas","LSAD":"CT","ALAND":3153661,"AWATER":90060}},
{"type":"Feature","geometry":{"type":"Polygon","coordinates":[[[-106.312688,31.783796],[-106.312381,31.780239],[-106.312076,31.777266],[-106.311634,31.776794],[-106.312456,31.775864],[-106.311888,31.77548],[-106.311908,31.771003],[-106.311355,31.769407],[-106.308193,31.76941],[-106.30692,31.76941],[-106.30358,31.769409],[-106.303631,31.772771],[-106.303658,31.775742],[-106.30367,31.777253],[-106.303679,31.779207],[-106.303631,31.77951],[-106.302684,31.781007],[-106.302318,31.782101],[-106.302299,31.782519],[-106.30375,31.782687],[-106.306759,31.783727],[-106.312688,31.783796]]]},"properties":{"STATEFP":"48","COUNTYFP":"141","TRACTCE":"010317","AFFGEOID":"1400000US48141010317","GEOID":"48141010317","NAME":"103.17","NAMELSAD":"Census Tract 103.17","STUSPS":"TX","NAMELSADCO":"El Paso County","STATE_NAME":"Texas","LSAD":"CT","ALAND":1291829,"AWATER":0}},
{"type":"Feature","geometry":{"type":"Polygon","coordinates":[[[-106.266932,31.686128],[-106.268536,31.684782],[-106.269358,31.684289],[-106.270928,31.682959],[-106.274551,31.681131],[-106.28125,31.677364],[-106.282416,31.675953],[-106.283334,31.674392],[-106.284797,31.672951],[-106.279823,31.668298],[-106.279135,31.667096],[-106.276899,31.662978],[-106.273404,31.658791],[-106.267453,31.651627],[-106.253002,31.655494],[-106.24235,31.65839],[-106.239961,31.659649],[-106.239746,31.659772],[-106.24543,31.666976],[-106.248411,31.669718],[-106.249555,31.670732],[-106.266932,31.686128]]]},"properties":{"STATEFP":"48","COUNTYFP":"141","TRACTCE":"010346","AFFGEOID":"1400000US48141010346","GEOID":"48141010346","NAME":"103.46","NAMELSAD":"Census Tract 103.46","STUSPS":"TX","NAMELSADCO":"El Paso County","STATE_NAME":"Texas","LSAD":"CT","ALAND":8610706,"AWATER":33122}},
{"type":"Feature","geometry":{"type":"Polygon","coordinates":[[[-106.360667,31.77405],[-106.361274,31.774037],[-106.364392,31.773827],[-106.366117,31.772776],[-106.365447,31.772069],[-106.364752,31.770412],[-106.363308,31.766786],[-106.363255,31.766351],[-106.363479,31.765305],[-106.3642,31.764407],[-106.361011,31.762436],[-106.359705,31.761615],[-106.355635,31.759092],[-106.355104,31.759868],[-106.355516,31.762715],[-106.355821,31.764215],[-106.355884,31.766467],[-106.356001,31.773206],[-106.357139,31.7732],[-106.360667,31.77405]]]},"properties":{"STATEFP":"48","COUNTYFP":"141","TRACTCE":"004317","AFFGEOID":"1400000US48141004317","GEOID":"48141004317","NAME":"43.17","NAMELSAD":"Census Tract 43.17","STUSPS":"TX","NAMELSADCO":"El Paso County","STATE_NAME":"Texas","LSAD":"CT","ALAND":1079803,"AWATER":0}},
{"type":"Feature","geometry":{"type":"Polygon","coordinates":[[[-106.267436,31.776362],[-106.267524,31.770604],[-106.267286,31.762238],[-106.266877,31.762813],[-106.260796,31.76845],[-106.256956,31.772055],[-106.255476,31.7734],[-106.252915,31.775798],[-106.251881,31.77676],[-106.249956,31.778552],[-106.24594,31.782289],[-106.244648,31.783494],[-106.243597,31.784473],[-106.246313,31.784552],[-106.246417,31.784453],[-106.248315,31.784377],[-106.251868,31.784404],[-106.252496,31.784363],[-106.253449,31.78409],[-106.25811,31.779785],[-106.260751,31.776974],[-106.262134,31.77625],[-106.267436,31.776362]]]},"properties":{"STATEFP":"48","COUNTYFP":"141","TRACTCE":"010329","AFFGEOID":"1400000US48141010329","GEOID":"48141010329","NAME":"103.29","NAMELSAD":"Census Tract 103.29","STUSPS":"TX","NAMELSADCO":"El Paso County","STATE_NAME":"Texas","LSAD":"CT","ALAND":1909215,"AWATER":0}},
{"type":"Feature","geometry":{"type":"Polygon","coordinates":[[[-106.285335,31.804334],[-106.285291,31.804069],[-106.285271,31.798035],[-106.285151,31.798036],[-106.279996,31.798051],[-106.277964,31.798],[-106.277734,31.798003],[-106.271942,31.798183],[-106.267818,31.798053],[-106.267819,31.798162],[-106.267787,31.806365],[-106.267784,31.806627],[-106.272771,31.805982],[-106.278221,31.805262],[-106.285335,31.804334]]]},"properties":{"STATEFP":"48","COUNTYFP":"141","TRACTCE":"010351","AFFGEOID":"1400000US48141010351","GEOID":"48141010351","NAME":"103.51","NAMELSAD":"Census Tract 103.51","STUSPS":"TX","NAMELSADCO":"El Paso County","STATE_NAME":"Texas","LSAD":"CT","ALAND":1363079,"AWATER":0}},
{"type":"Feature","geometry":{"type":"Polygon","coordinates":[[[-106.582636,31.974554],[-106.583406,31.974731],[-106.585296,31.97402],[-106.60454,31.973961],[-106.604265,31.969262],[-106.604118,31.966775],[-106.603675,31.959254],[-106.603672,31.959183],[-106.60332,31.954684],[-106.602814,31.944642],[-106.602613,31.941217],[-106.602523,31.939782],[-106.60249,31.939227],[-106.602079,31.932232],[-106.601714,31.926165],[-106.594916,31.926152],[-106.593743,31.926023],[-106.591141,31.925673],[-106.587705,31.925701],[-106.585006,31.925685],[-106.582664,31.925574],[-106.582658,31.938222],[-106.582658,31.941891],[-106.582657,31.942351],[-106.582649,31.94998],[-106.582645,31.95472],[-106.582657,31.957711],[-106.582639,31.967726],[-106.582634,31.971328],[-106.582636,31.974554]]]},"properties":{"STATEFP":"48","COUNTYFP":"141","TRACTCE":"010231","AFFGEOID":"1400000US48141010231","GEOID":"48141010231","NAME":"102.31","NAMELSAD":"Census Tract 102.31","STUSPS":"TX","NAMELSADCO":"El Paso County","STATE_NAME":"Texas","LSAD":"CT","ALAND":10301322,"AWATER":24869}},
{"type":"Feature","geometry":{"type":"Polygon","coordinates":[[[-106.30476,31.720658],[-106.313162,31.709277],[-106.314843,31.707286],[-106.311467,31.705685],[-106.308685,31.70516],[-106.305891,31.70538],[-106.30432,31.703861],[-106.303004,31.704262],[-106.302599,31.703797],[-106.301649,31.702356],[-106.301537,31.701753],[-106.302386,31.700486],[-106.301363,31.699099],[-106.300162,31.698422],[-106.298668,31.697736],[-106.297414,31.696943],[-106.294026,31.69339],[-106.297824,31.689304],[-106.297042,31.688444],[-106.296432,31.6878],[-106.284117,31.701351],[-106.284624,31.701796],[-106.293087,31.70944],[-106.295717,31.711967],[-106.301447,31.717488],[-106.30476,31.720658]]]},"properties":{"STATEFP":"48","COUNTYFP":"141","TRACTCE":"004008","AFFGEOID":"1400000US48141004008","GEOID":"48141004008","NAME":"40.08","NAMELSAD":"Census Tract 40.08","STUSPS":"TX","NAMELSADCO":"El Paso County","STATE_NAME":"Texas","LSAD":"CT","ALAND":3883607,"AWATER":0}},
{"type":"Feature","geometry":{"type":"Polygon","coordinates":[[[-106.582678,31.908361],[-106.586956,31.907601],[-106.58749,31.907983],[-106.588681,31.908392],[-106.590913,31.908334],[-106.59995,31.908173],[-106.600942,31.908282],[-106.599299,31.892564],[-106.59906,31.890846],[-106.59875,31.889639],[-106.597366,31.885905],[-106.594625,31.878845],[-106.594297,31.878973],[-106.594005,31.879089],[-106.593263,31.879415],[-106.59005,31.880823],[-106.586977,31.882168],[-106.581831,31.883158],[-106.582356,31.885306],[-106.582654,31.887352],[-106.582678,31.908361]]]},"properties":{"STATEFP":"48","COUNTYFP":"141","TRACTCE":"010228","AFFGEOID":"1400000US48141010228","GEOID":"48141010228","NAME":"102.28","NAMELSAD":"Census Tract 102.28","STUSPS":"TX","NAMELSADCO":"El Paso County","STATE_NAME":"Texas","LSAD":"CT","ALAND":4681922,"AWATER":0}},
{"type":"Feature","geometry":{"type":"Polygon","coordinates":[[[-106.40159,31.910199],[-106.394289,31.910198],[-106.394207,31.906573],[-106.385551,31.906566],[-106.384007,31.906116],[-106.370643,31.927172],[-106.371985,31.927637],[-106.373489,31.92833],[-106.376381,31.928403],[-106.377434,31.928403],[-106.388553,31.928306],[-106.389433,31.928353],[-106.391886,31.92485],[-106.39371,31.922111],[-106.40159,31.910199]]]},"properties":{"STATEFP":"48","COUNTYFP":"141","TRACTCE":"000208","AFFGEOID":"1400000US48141000208","GEOID":"48141000208","NAME":"2.08","NAMELSAD":"Census Tract 2.08","STUSPS":"TX","NAMELSADCO":"El Paso County","STATE_NAME":"Texas","LSAD":"CT","ALAND":4223987,"AWATER":0}},
{"type":"Feature","geometry":{"type":"Polygon","coordinates":[[[-106.443174,31.986784],[-106.441796,31.942313],[-106.441765,31.940638],[-106.441661,31.936114],[-106.441533,31.929976],[-106.441488,31.927713],[-106.441144,31.924142],[-106.440212,31.922941],[-106.439357,31.922345],[-106.437595,31.923829],[-106.432825,31.926222],[-106.423603,31.930694],[-106.424021,31.931377],[-106.424436,31.932441],[-106.424752,31.936402],[-106.424615,31.936412],[-106.424789,31.942712],[-106.424806,31.943237],[-106.425009,31.986839],[-106.443174,31.986784]]]},"properties":{"STATEFP":"48","COUNTYFP":"141","TRACTCE":"010210","AFFGEOID":"1400000US48141010210","GEOID":"48141010210","NAME":"102.10","NAMELSAD":"Census Tract 102.10","STUSPS":"TX","NAMELSADCO":"El Paso County","STATE_NAME":"Texas","LSAD":"CT","ALAND":11062517,"AWATER":16370}},
{"type":"Feature","geometry":{"type":"Polygon","coordinates":[[[-106.331852,31.744386],[-106.332287,31.743815],[-106.333144,31.738603],[-106.333719,31.735086],[-106.334238,31.731662],[-106.329884,31.730607],[-106.328431,31.730228],[-106.325476,31.739028],[-106.324837,31.739864],[-106.325453,31.740342],[-106.331852,31.744386]]]},"properties":{"STATEFP":"48","COUNTYFP":"141","TRACTCE":"004107","AFFGEOID":"1400000US48141004107","GEOID":"48141004107","NAME":"41.07","NAMELSAD":"Census Tract 41.07","STUSPS":"TX","NAMELSADCO":"El Paso County","STATE_NAME":"Texas","LSAD":"CT","ALAND":858698,"AWATER":0}},
{"type":"Feature","geometry":{"type":"Polygon","coordinates":[[[-106.603681,31.865854],[-106.603903,31.864623],[-106.603916,31.864546],[-106.606455,31.851749],[-106.605949,31.84674],[-106.605746,31.846239],[-106.59849,31.844843],[-106.591498,31.843497],[-106.580055,31.841286],[-106.582975,31.848821],[-106.585126,31.854366],[-106.587386,31.860188],[-106.588603,31.859919],[-106.597688,31.859911],[-106.597068,31.86126],[-106.59598,31.864522],[-106.595974,31.866114],[-106.602505,31.866127],[-106.603681,31.865854]]]},"properties":{"STATEFP":"48","COUNTYFP":"141","TRACTCE":"001301","AFFGEOID":"1400000US48141001301","GEOID":"48141001301","NAME":"13.01","NAMELSAD":"Census Tract 13.01","STUSPS":"TX","NAMELSADCO":"El Paso County","STATE_NAME":"Texas","LSAD":"CT","ALAND":4061027,"AWATER":94129}},
{"type":"Feature","geometry":{"type":"Polygon","coordinates":[[[-106.32325,31.783783],[-106.323227,31.77922],[-106.322529,31.776788],[-106.322113,31.775604],[-106.321739,31.774845],[-106.32135,31.774189],[-106.319577,31.771256],[-106.319116,31.769031],[-106.312992,31.769095],[-106.311355,31.769407],[-106.311908,31.771003],[-106.311888,31.77548],[-106.312456,31.775864],[-106.311634,31.776794],[-106.312076,31.777266],[-106.312381,31.780239],[-106.312688,31.783796],[-106.313921,31.783789],[-106.318654,31.783777],[-106.32325,31.783783]]]},"properties":{"STATEFP":"48","COUNTYFP":"141","TRACTCE":"010316","AFFGEOID":"1400000US48141010316","GEOID":"48141010316","NAME":"103.16","NAMELSAD":"Census Tract 103.16","STUSPS":"TX","NAMELSADCO":"El Paso County","STATE_NAME":"Texas","LSAD":"CT","ALAND":1496993,"AWATER":0}},
{"type":"Feature","geometry":{"type":"Polygon","coordinates":[[[-106.4412,31.912852],[-106.441141,31.91014],[-106.441018,31.905905],[-106.440799,31.898269],[-106.438886,31.898312],[-106.434943,31.898532],[-106.435302,31.90074],[-106.433635,31.904433],[-106.433691,31.90669],[-106.433758,31.909548],[-106.433783,31.910265],[-106.433707,31.910808],[-106.432611,31.912206],[-106.432317,31.913604],[-106.438798,31.91348],[-106.439018,31.912889],[-106.4412,31.912852]]]},"properties":{"STATEFP":"48","COUNTYFP":"141","TRACTCE":"000111","AFFGEOID":"1400000US48141000111","GEOID":"48141000111","NAME":"1.11","NAMELSAD":"Census Tract 1.11","STUSPS":"TX","NAMELSADCO":"El Paso County","STATE_NAME":"Texas","LSAD":"CT","ALAND":1113892,"AWATER":0}},
{"type":"Feature","geometry":{"type":"Polygon","coordinates":[[[-106.346436,31.729702],[-106.347943,31.72859],[-106.343109,31.725821],[-106.336353,31.728508],[-106.334995,31.729389],[-106.3347,31.729689],[-106.334238,31.731662],[-106.333719,31.735086],[-106.333144,31.738603],[-106.332287,31.743815],[-106.331852,31.744386],[-106.336587,31.747314],[-106.345255,31.752676],[-106.34553,31.752363],[-106.345974,31.751665],[-106.345945,31.749109],[-106.345893,31.73927],[-106.345807,31.738478],[-106.344761,31.735603],[-106.344063,31.733113],[-106.346436,31.729702]]]},"properties":{"STATEFP":"48","COUNTYFP":"141","TRACTCE":"004106","AFFGEOID":"1400000US48141004106","GEOID":"48141004106","NAME":"41.06","NAMELSAD":"Census Tract 41.06","STUSPS":"TX","NAMELSADCO":"El Paso County","STATE_NAME":"Texas","LSAD":"CT","ALAND":2789298,"AWATER":0}},
{"type":"Feature","geometry":{"type":"Polygon","coordinates":[[[-106.349225,31.70396],[-106.350122,31.703769],[-106.356175,31.702315],[-106.357006,31.702187],[-106.349538,31.696711],[-106.346989328666,31.6910975862575],[-106.344682,31.691608],[-106.342956,31.69204],[-106.339848,31.692599],[-106.337654,31.692588],[-106.336881,31.692767],[-106.336319,31.693211],[-106.335209,31.694743],[-106.337124,31.695825],[-106.34094,31.701661],[-106.343289,31.705382],[-106.349225,31.70396]]]},"properties":{"STATEFP":"48","COUNTYFP":"141","TRACTCE":"003904","AFFGEOID":"1400000US48141003904","GEOID":"48141003904","NAME":"39.04","NAMELSAD":"Census Tract 39.04","STUSPS":"TX","NAMELSADCO":"El Paso County","STATE_NAME":"Texas","LSAD":"CT","ALAND":1592822,"AWATER":25355}},
{"type":"Feature","geometry":{"type":"Polygon","coordinates":[[[-106.273386,31.592384],[-106.272081,31.588595],[-106.27216,31.588123],[-106.272169,31.588095],[-106.272241,31.586583],[-106.270335,31.584581],[-106.269288,31.581072],[-106.272986,31.580024],[-106.270548,31.57613],[-106.271152,31.575048],[-106.264598,31.572009],[-106.264823,31.573518],[-106.263141,31.57406],[-106.260724,31.575803],[-106.259957,31.578109],[-106.257587,31.581223],[-106.25433,31.58412],[-106.252532,31.584253],[-106.246763,31.584705],[-106.249812,31.59036],[-106.251677,31.594012],[-106.253175,31.593857],[-106.258731,31.593821],[-106.263128,31.593786],[-106.266896,31.594475],[-106.271449,31.592373],[-106.273386,31.592384]]]},"properties":{"STATEFP":"48","COUNTYFP":"141","TRACTCE":"010412","AFFGEOID":"1400000US48141010412","GEOID":"48141010412","NAME":"104.12","NAMELSAD":"Census Tract 104.12","STUSPS":"TX","NAMELSADCO":"El Paso County","STATE_NAME":"Texas","LSAD":"CT","ALAND":3650945,"AWATER":0}},
{"type":"Feature","geometry":{"type":"Polygon","coordinates":[[[-106.303658,31.775742],[-106.303631,31.772771],[-106.30358,31.769409],[-106.301928,31.769413],[-106.299547,31.769005],[-106.297404,31.767751],[-106.296154,31.767412],[-106.290779,31.767347],[-106.285305,31.767359],[-106.284866,31.76734],[-106.284895,31.772049],[-106.284919,31.774145],[-106.284957,31.777029],[-106.293559,31.777034],[-106.297253,31.777],[-106.298483,31.776641],[-106.300007,31.775935],[-106.302111,31.775736],[-106.303658,31.775742]]]},"properties":{"STATEFP":"48","COUNTYFP":"141","TRACTCE":"010326","AFFGEOID":"1400000US48141010326","GEOID":"48141010326","NAME":"103.26","NAMELSAD":"Census Tract 103.26","STUSPS":"TX","NAMELSADCO":"El Paso County","STATE_NAME":"Texas","LSAD":"CT","ALAND":1729453,"AWATER":0}},
{"type":"Feature","geometry":{"type":"Polygon","coordinates":[[[-106.359202,31.789069],[-106.359287,31.787581],[-106.359646,31.786857],[-106.35605,31.785523],[-106.355844,31.785425],[-106.350993,31.783624],[-106.348622,31.782737],[-106.339161,31.779223],[-106.338069,31.78329],[-106.336085,31.784987],[-106.334992,31.78583],[-106.334013,31.786877],[-106.3314,31.789816],[-106.331093,31.790585],[-106.331054,31.792082],[-106.332585,31.7917],[-106.333822,31.790465],[-106.335432,31.789036],[-106.33746,31.788929],[-106.339864,31.788892],[-106.340688,31.788879],[-106.343032,31.788925],[-106.347514,31.790521],[-106.348415,31.790496],[-106.35263,31.789937],[-106.355761,31.789525],[-106.359202,31.789069]]]},"properties":{"STATEFP":"48","COUNTYFP":"141","TRACTCE":"004311","AFFGEOID":"1400000US48141004311","GEOID":"48141004311","NAME":"43.11","NAMELSAD":"Census Tract 43.11","STUSPS":"TX","NAMELSADCO":"El Paso County","STATE_NAME":"Texas","LSAD":"CT","ALAND":1773594,"AWATER":0}},
{"type":"Feature","geometry":{"type":"Polygon","coordinates":[[[-106.559592,31.841395],[-106.559132,31.837251],[-106.556745,31.836788],[-106.55058,31.835593],[-106.550204,31.837023],[-106.547541,31.837129],[-106.542616,31.838311],[-106.538284,31.838341],[-106.535976,31.838203],[-106.533943,31.840618],[-106.534541,31.842148],[-106.535649,31.84337],[-106.536146,31.8432],[-106.539922,31.843158],[-106.539929,31.843935],[-106.543712,31.843593],[-106.545497,31.844168],[-106.546185,31.84425],[-106.550228,31.845447],[-106.550898,31.845123],[-106.550397,31.844828],[-106.552472,31.843129],[-106.557218,31.841636],[-106.559592,31.841395]]]},"properties":{"STATEFP":"48","COUNTYFP":"141","TRACTCE":"001119","AFFGEOID":"1400000US48141001119","GEOID":"48141001119","NAME":"11.19","NAMELSAD":"Census Tract 11.19","STUSPS":"TX","NAMELSADCO":"El Paso County","STATE_NAME":"Texas","LSAD":"CT","ALAND":1562186,"AWATER":0}},
{"type":"Feature","geometry":{"type":"Polygon","coordinates":[[[-106.396516,31.759592],[-106.399156,31.757442],[-106.398262,31.752442],[-106.403308,31.745714],[-106.404146940172,31.7445710417464],[-106.395637217189,31.7399821423224],[-106.394602172682,31.7394239907643],[-106.391835,31.743054],[-106.386781,31.749213],[-106.388919,31.750931],[-106.387908,31.751957],[-106.394088,31.757198],[-106.394914,31.758217],[-106.396516,31.759592]]]},"properties":{"STATEFP":"48","COUNTYFP":"141","TRACTCE":"003701","AFFGEOID":"1400000US48141003701","GEOID":"48141003701","NAME":"37.01","NAMELSAD":"Census Tract 37.01","STUSPS":"TX","NAMELSADCO":"El Paso County","STATE_NAME":"Texas","LSAD":"CT","ALAND":1823663,"AWATER":41597}},
{"type":"Feature","geometry":{"type":"Polygon","coordinates":[[[-106.302299,31.782519],[-106.302318,31.782101],[-106.302684,31.781007],[-106.303631,31.77951],[-106.303679,31.779207],[-106.30367,31.777253],[-106.303658,31.775742],[-106.302111,31.775736],[-106.300007,31.775935],[-106.298483,31.776641],[-106.297253,31.777],[-106.293559,31.777034],[-106.284957,31.777029],[-106.28502,31.782647],[-106.293619,31.782584],[-106.302299,31.782519]]]},"properties":{"STATEFP":"48","COUNTYFP":"141","TRACTCE":"010327","AFFGEOID":"1400000US48141010327","GEOID":"48141010327","NAME":"103.27","NAMELSAD":"Census Tract 103.27","STUSPS":"TX","NAMELSADCO":"El Paso County","STATE_NAME":"Texas","LSAD":"CT","ALAND":1124374,"AWATER":0}},
{"type":"Feature","geometry":{"type":"Polygon","coordinates":[[[-106.302914,31.725158],[-106.302938,31.723748],[-106.30476,31.720658],[-106.301447,31.717488],[-106.295717,31.711967],[-106.293087,31.70944],[-106.284624,31.701796],[-106.284117,31.701351],[-106.274507,31.711816],[-106.269827,31.716928],[-106.268751,31.718395],[-106.267855,31.720091],[-106.267379,31.721362],[-106.266863,31.724143],[-106.266862,31.726176],[-106.267456,31.726172],[-106.272959,31.726544],[-106.275403,31.727757],[-106.278757,31.729709],[-106.28139,31.731277],[-106.28457,31.733176],[-106.288262,31.735978],[-106.291871,31.737949],[-106.300642,31.726138],[-106.301662,31.725439],[-106.302914,31.725158]]]},"properties":{"STATEFP":"48","COUNTYFP":"141","TRACTCE":"010338","AFFGEOID":"1400000US48141010338","GEOID":"48141010338","NAME":"103.38","NAMELSAD":"Census Tract 103.38","STUSPS":"TX","NAMELSADCO":"El Paso County","STATE_NAME":"Texas","LSAD":"CT","ALAND":7713068,"AWATER":0}},
{"type":"Feature","geometry":{"type":"Polygon","coordinates":[[[-106.193869,31.694417],[-106.194732,31.694378],[-106.197695,31.692273],[-106.198598,31.692217],[-106.200689,31.692315],[-106.204715,31.691787],[-106.206556,31.690762],[-106.200379,31.682722],[-106.200235,31.682723],[-106.19849,31.682728],[-106.197626,31.682729],[-106.195521,31.682732],[-106.189967,31.682732],[-106.187576,31.682733],[-106.187918,31.684955],[-106.190984,31.689911],[-106.193869,31.694417]]]},"properties":{"STATEFP":"48","COUNTYFP":"141","TRACTCE":"010361","AFFGEOID":"1400000US48141010361","GEOID":"48141010361","NAME":"103.61","NAMELSAD":"Census Tract 103.61","STUSPS":"TX","NAMELSADCO":"El Paso County","STATE_NAME":"Texas","LSAD":"CT","ALAND":1484871,"AWATER":0}},
{"type":"Feature","geometry":{"type":"Polygon","coordinates":[[[-106.473476,31.773319],[-106.475825,31.77521],[-106.477028,31.77444],[-106.481858,31.771332],[-106.483772,31.773502],[-106.486138,31.776193],[-106.487579,31.775142],[-106.488681,31.772623],[-106.490377,31.771529],[-106.491651,31.772986],[-106.494201,31.771348],[-106.491647,31.768446],[-106.48973,31.766268],[-106.489091,31.765547],[-106.486543,31.767182],[-106.485266,31.765731],[-106.484527,31.764896],[-106.484433,31.764947],[-106.474365,31.771405],[-106.473482,31.771973],[-106.473476,31.773319]]]},"properties":{"STATEFP":"48","COUNTYFP":"141","TRACTCE":"002202","AFFGEOID":"1400000US48141002202","GEOID":"48141002202","NAME":"22.02","NAMELSAD":"Census Tract 22.02","STUSPS":"TX","NAMELSADCO":"El Paso County","STATE_NAME":"Texas","LSAD":"CT","ALAND":1173050,"AWATER":0}},
{"type":"Feature","geometry":{"type":"Polygon","coordinates":[[[-106.424052,31.913762],[-106.423805,31.910536],[-106.423787,31.90835],[-106.42378,31.90537],[-106.422852,31.90559],[-106.421558,31.906146],[-106.414224,31.90632],[-106.407077,31.906461],[-106.407157,31.910102],[-106.407263,31.913756],[-106.417444,31.913584],[-106.422315,31.913499],[-106.422322,31.914006],[-106.424052,31.913762]]]},"properties":{"STATEFP":"48","COUNTYFP":"141","TRACTCE":"000109","AFFGEOID":"1400000US48141000109","GEOID":"48141000109","NAME":"1.09","NAMELSAD":"Census Tract 1.09","STUSPS":"TX","NAMELSADCO":"El Paso County","STATE_NAME":"Texas","LSAD":"CT","ALAND":1296568,"AWATER":0}},
{"type":"Feature","geometry":{"type":"Polygon","coordinates":[[[-106.370653,31.768397],[-106.371075,31.768155],[-106.375559,31.762041],[-106.376086,31.761031],[-106.373431,31.758088],[-106.373642,31.756688],[-106.367635,31.753693],[-106.366923,31.753649],[-106.36521,31.753671],[-106.359448,31.753693],[-106.35853,31.753691],[-106.353961,31.753688],[-106.352508,31.7544],[-106.351705,31.754649],[-106.350109,31.754875],[-106.349674,31.755412],[-106.355635,31.759092],[-106.359705,31.761615],[-106.361011,31.762436],[-106.3642,31.764407],[-106.370653,31.768397]]]},"properties":{"STATEFP":"48","COUNTYFP":"141","TRACTCE":"004202","AFFGEOID":"1400000US48141004202","GEOID":"48141004202","NAME":"42.02","NAMELSAD":"Census Tract 42.02","STUSPS":"TX","NAMELSADCO":"El Paso County","STATE_NAME":"Texas","LSAD":"CT","ALAND":2066980,"AWATER":95116}},
{"type":"Feature","geometry":{"type":"Polygon","coordinates":[[[-106.302517,31.802066],[-106.302463,31.801798],[-106.302439,31.801681],[-106.302323,31.790518],[-106.302154,31.79044],[-106.301435,31.790457],[-106.300371,31.790635],[-106.299497,31.790986],[-106.298047,31.791295],[-106.293789,31.791341],[-106.28509,31.791475],[-106.285151,31.798036],[-106.285271,31.798035],[-106.285291,31.804069],[-106.285335,31.804334],[-106.292547,31.803384],[-106.293935,31.803205],[-106.302517,31.802066]]]},"properties":{"STATEFP":"48","COUNTYFP":"141","TRACTCE":"010322","AFFGEOID":"1400000US48141010322","GEOID":"48141010322","NAME":"103.22","NAMELSAD":"Census Tract 103.22","STUSPS":"TX","NAMELSADCO":"El Paso County","STATE_NAME":"Texas","LSAD":"CT","ALAND":2164311,"AWATER":0}},
{"type":"Feature","geometry":{"type":"Polygon","coordinates":[[[-106.28509,31.791475],[-106.28502,31.782647],[-106.282291,31.782673],[-106.280329,31.782545],[-106.276857,31.780146],[-106.276466,31.780552],[-106.276251,31.783197],[-106.27633,31.787697],[-106.276391,31.792313],[-106.280629,31.791305],[-106.28509,31.791475]]]},"properties":{"STATEFP":"48","COUNTYFP":"141","TRACTCE":"010349","AFFGEOID":"1400000US48141010349","GEOID":"48141010349","NAME":"103.49","NAMELSAD":"Census Tract 103.49","STUSPS":"TX","NAMELSADCO":"El Paso County","STATE_NAME":"Texas","LSAD":"CT","ALAND":881315,"AWATER":0}},
{"type":"Feature","geometry":{"type":"Polygon","coordinates":[[[-106.37809,31.792163],[-106.377805,31.790755],[-106.378418,31.788249],[-106.378064,31.786418],[-106.37818,31.782773],[-106.377319,31.782885],[-106.376884,31.780593],[-106.3781,31.780021],[-106.379278,31.779068],[-106.375468,31.776292],[-106.374534,31.775752],[-106.374637,31.775659],[-106.377265,31.771598],[-106.371736,31.76901],[-106.370653,31.768397],[-106.3642,31.764407],[-106.363479,31.765305],[-106.363255,31.766351],[-106.363308,31.766786],[-106.364752,31.770412],[-106.365447,31.772069],[-106.366117,31.772776],[-106.364392,31.773827],[-106.361274,31.774037],[-106.360667,31.77405],[-106.360734,31.778137],[-106.360678,31.787233],[-106.359646,31.786857],[-106.359287,31.787581],[-106.359202,31.789069],[-106.359256,31.792122],[-106.359397,31.794001],[-106.359321,31.794622],[-106.361571,31.794338],[-106.367343,31.793581],[-106.371754,31.793002],[-106.37809,31.792163]]]},"properties":{"STATEFP":"48","COUNTYFP":"141","TRACTCE":"003404","AFFGEOID":"1400000US48141003404","GEOID":"48141003404","NAME":"34.04","NAMELSAD":"Census Tract 34.04","STUSPS":"TX","NAMELSADCO":"El Paso County","STATE_NAME":"Texas","LSAD":"CT","ALAND":4253356,"AWATER":6239}},
{"type":"Feature","geometry":{"type":"Polygon","coordinates":[[[-106.422416,31.75451],[-106.422525,31.754351],[-106.418994,31.753745],[-106.418155,31.753484],[-106.415784,31.755283],[-106.412017,31.759638],[-106.414338,31.76008],[-106.414149,31.760785],[-106.414214,31.765958],[-106.408904,31.764799],[-106.408944,31.768531],[-106.413472,31.768521],[-106.414252,31.768827],[-106.416966,31.769945],[-106.420736,31.771285],[-106.421881,31.771074],[-106.421922,31.767618],[-106.421832,31.761406],[-106.42174,31.756709],[-106.422416,31.75451]]]},"properties":{"STATEFP":"48","COUNTYFP":"141","TRACTCE":"003601","AFFGEOID":"1400000US48141003601","GEOID":"48141003601","NAME":"36.01","NAMELSAD":"Census Tract 36.01","STUSPS":"TX","NAMELSADCO":"El Paso County","STATE_NAME":"Texas","LSAD":"CT","ALAND":1466008,"AWATER":0}},
{"type":"Feature","geometry":{"type":"Polygon","coordinates":[[[-106.461439,31.785507],[-106.465041,31.783458],[-106.465586,31.782929],[-106.462394,31.779315],[-106.461463,31.779684],[-106.461485,31.778265],[-106.459974,31.778264],[-106.452572,31.778236],[-106.451075,31.77821],[-106.450888,31.778199],[-106.446485,31.777624],[-106.44354,31.777617],[-106.442174,31.777615],[-106.437553,31.777563],[-106.432861,31.777532],[-106.432866,31.78075],[-106.433752,31.780755],[-106.433919,31.779288],[-106.437509,31.779607],[-106.437467,31.783601],[-106.441135,31.783638],[-106.441361,31.783638],[-106.443517,31.783639],[-106.449568,31.783677],[-106.450838,31.783686],[-106.455379,31.783714],[-106.45841,31.783731],[-106.458386,31.785764],[-106.458375,31.787151],[-106.461439,31.785507]]]},"properties":{"STATEFP":"48","COUNTYFP":"141","TRACTCE":"002600","AFFGEOID":"1400000US48141002600","GEOID":"48141002600","NAME":"26","NAMELSAD":"Census Tract 26","STUSPS":"TX","NAMELSADCO":"El Paso County","STATE_NAME":"Texas","LSAD":"CT","ALAND":1782879,"AWATER":0}},
{"type":"Feature","geometry":{"type":"Polygon","coordinates":[[[-106.343109,31.725821],[-106.339901,31.723984],[-106.337205,31.722842],[-106.336153,31.722406],[-106.334237,31.721597],[-106.33247,31.720933],[-106.329976,31.719732],[-106.327059,31.716444],[-106.317523,31.704952],[-106.316269,31.706002],[-106.315586,31.706603],[-106.314843,31.707286],[-106.313162,31.709277],[-106.30476,31.720658],[-106.315117,31.730604],[-106.315692,31.731159],[-106.324837,31.739864],[-106.325476,31.739028],[-106.328431,31.730228],[-106.329884,31.730607],[-106.334238,31.731662],[-106.3347,31.729689],[-106.334995,31.729389],[-106.336353,31.728508],[-106.343109,31.725821]]]},"properties":{"STATEFP":"48","COUNTYFP":"141","TRACTCE":"004103","AFFGEOID":"1400000US48141004103","GEOID":"48141004103","NAME":"41.03","NAMELSAD":"Census Tract 41.03","STUSPS":"TX","NAMELSADCO":"El Paso County","STATE_NAME":"Texas","LSAD":"CT","ALAND":5815355,"AWATER":0}},
{"type":"Feature","geometry":{"type":"Polygon","coordinates":[[[-106.605746,31.846239],[-106.605245,31.845905],[-106.602045,31.844405],[-106.601945,31.839605],[-106.603042087974,31.8357433956425],[-106.603424989633,31.8343956325179],[-106.605267,31.827912],[-106.60518487047,31.8278186180773],[-106.602758480445,31.8250597935142],[-106.602727,31.825024],[-106.601232944887,31.8250033541424],[-106.593826,31.824901],[-106.5901293572,31.8232038381205],[-106.589921076888,31.8231082147603],[-106.589045,31.822706],[-106.588045,31.822106],[-106.587324154153,31.821299766719],[-106.582144,31.815506],[-106.5820372,31.8152924],[-106.581344,31.813906],[-106.577244,31.810406],[-106.570944,31.810206],[-106.569009504542,31.8116686672975],[-106.566844,31.813306],[-106.563444,31.812606],[-106.562945,31.811104],[-106.560516828947,31.8107274473684],[-106.558444,31.810406],[-106.555870203395,31.8096996864361],[-106.557806,31.812618],[-106.561837,31.816683],[-106.570411,31.827517],[-106.576459,31.835175],[-106.578767,31.83839],[-106.580055,31.841286],[-106.591498,31.843497],[-106.59849,31.844843],[-106.605746,31.846239]]]},"properties":{"STATEFP":"48","COUNTYFP":"141","TRACTCE":"001302","AFFGEOID":"1400000US48141001302","GEOID":"48141001302","NAME":"13.02","NAMELSAD":"Census Tract 13.02","STUSPS":"TX","NAMELSADCO":"El Paso County","STATE_NAME":"Texas","LSAD":"CT","ALAND":8700857,"AWATER":7332}},
{"type":"Feature","geometry":{"type":"Polygon","coordinates":[[[-106.301928,31.751497],[-106.30186,31.746127],[-106.301836,31.744501],[-106.301825,31.742602],[-106.301751,31.734996],[-106.301749,31.731423],[-106.302826,31.728973],[-106.302914,31.725158],[-106.301662,31.725439],[-106.300642,31.726138],[-106.291871,31.737949],[-106.290412,31.739866],[-106.286616,31.74386],[-106.2873,31.744749],[-106.287062,31.746469],[-106.287328,31.747712],[-106.288123,31.748535],[-106.295213,31.750528],[-106.299181,31.751494],[-106.301928,31.751497]]]},"properties":{"STATEFP":"48","COUNTYFP":"141","TRACTCE":"004316","AFFGEOID":"1400000US48141004316","GEOID":"48141004316","NAME":"43.16","NAMELSAD":"Census Tract 43.16","STUSPS":"TX","NAMELSADCO":"El Paso County","STATE_NAME":"Texas","LSAD":"CT","ALAND":2504375,"AWATER":0}},
{"type":"Feature","geometry":{"type":"Polygon","coordinates":[[[-106.423177,31.869933],[-106.423198,31.866063],[-106.423164,31.864554],[-106.423128,31.863047],[-106.423036,31.859761],[-106.423024,31.858947],[-106.422939,31.855386],[-106.422919,31.854597],[-106.422852,31.851665],[-106.422785,31.848932],[-106.422502,31.848925],[-106.422461,31.846962],[-106.421604,31.846806],[-106.420259,31.848932],[-106.416211,31.855343],[-106.406896,31.870017],[-106.407224,31.870223],[-106.415203,31.870077],[-106.41719,31.870042],[-106.423177,31.869933]]]},"properties":{"STATEFP":"48","COUNTYFP":"141","TRACTCE":"000302","AFFGEOID":"1400000US48141000302","GEOID":"48141000302","NAME":"3.02","NAMELSAD":"Census Tract 3.02","STUSPS":"TX","NAMELSADCO":"El Paso County","STATE_NAME":"Texas","LSAD":"CT","ALAND":2135794,"AWATER":0}},
{"type":"Feature","geometry":{"type":"Polygon","coordinates":[[[-106.290779,31.767347],[-106.29078,31.765938],[-106.29078,31.764424],[-106.291378,31.761118],[-106.292239,31.759542],[-106.292177,31.756421],[-106.292541,31.75541],[-106.287412,31.75537],[-106.284374,31.755385],[-106.279776,31.755386],[-106.279635,31.756293],[-106.277307,31.758579],[-106.274111,31.756069],[-106.270376,31.759526],[-106.269705,31.76073],[-106.272656,31.760991],[-106.277078,31.764533],[-106.280399,31.766942],[-106.284866,31.76734],[-106.285305,31.767359],[-106.290779,31.767347]]]},"properties":{"STATEFP":"48","COUNTYFP":"141","TRACTCE":"004319","AFFGEOID":"1400000US48141004319","GEOID":"48141004319","NAME":"43.19","NAMELSAD":"Census Tract 43.19","STUSPS":"TX","NAMELSADCO":"El Paso County","STATE_NAME":"Texas","LSAD":"CT","ALAND":2023462,"AWATER":0}},
{"type":"Feature","geometry":{"type":"Polygon","coordinates":[[[-106.527754,31.828637],[-106.529216,31.827579],[-106.536259,31.823339],[-106.536701,31.82307],[-106.538991,31.8214],[-106.540905,31.81988],[-106.542266,31.819198],[-106.543289,31.81888],[-106.543478,31.818846],[-106.545659,31.818037],[-106.549433,31.815192],[-106.544943,31.810771],[-106.542446,31.809672],[-106.540099,31.809487],[-106.533145,31.809478],[-106.536544,31.812606],[-106.532095,31.814653],[-106.531012,31.815704],[-106.527031,31.815596],[-106.526057,31.813944],[-106.525889,31.81434],[-106.525747,31.814545],[-106.525429,31.814759],[-106.525287,31.814804],[-106.524648,31.814856],[-106.524088,31.814784],[-106.523887,31.814667],[-106.523686,31.814429],[-106.522662,31.81472],[-106.522719,31.816082],[-106.520846,31.815913],[-106.51793,31.817659],[-106.5173,31.817094],[-106.515696,31.818142],[-106.522857,31.824514],[-106.522987,31.824626],[-106.525803,31.827127],[-106.527611,31.828756],[-106.527754,31.828637]]]},"properties":{"STATEFP":"48","COUNTYFP":"141","TRACTCE":"001114","AFFGEOID":"1400000US48141001114","GEOID":"48141001114","NAME":"11.14","NAMELSAD":"Census Tract 11.14","STUSPS":"TX","NAMELSADCO":"El Paso County","STATE_NAME":"Texas","LSAD":"CT","ALAND":3183018,"AWATER":1571}},
{"type":"Feature","geometry":{"type":"Polygon","coordinates":[[[-106.462878,31.804912],[-106.465905,31.80493],[-106.465911,31.802253],[-106.465922,31.799533],[-106.468524,31.799537],[-106.468931,31.797731],[-106.467441,31.797727],[-106.468523,31.79503],[-106.465941,31.795003],[-106.461418,31.794988],[-106.461417,31.794899],[-106.456875,31.794888],[-106.456851,31.7995],[-106.45685,31.800409],[-106.456829,31.80403],[-106.456827,31.804941],[-106.461366,31.804912],[-106.462878,31.804912]]]},"properties":{"STATEFP":"48","COUNTYFP":"141","TRACTCE":"001001","AFFGEOID":"1400000US48141001001","GEOID":"48141001001","NAME":"10.01","NAMELSAD":"Census Tract 10.01","STUSPS":"TX","NAMELSADCO":"El Paso County","STATE_NAME":"Texas","LSAD":"CT","ALAND":1056031,"AWATER":0}},
{"type":"Feature","geometry":{"type":"Polygon","coordinates":[[[-106.560536,31.849858],[-106.560419,31.848532],[-106.559592,31.841395],[-106.557218,31.841636],[-106.552472,31.843129],[-106.550397,31.844828],[-106.550898,31.845123],[-106.550228,31.845447],[-106.546185,31.84425],[-106.545497,31.844168],[-106.543712,31.843593],[-106.539929,31.843935],[-106.539922,31.843158],[-106.536146,31.8432],[-106.535649,31.84337],[-106.536082,31.844836],[-106.537117,31.846997],[-106.540117,31.849104],[-106.541804,31.852374],[-106.543693,31.852375],[-106.544658,31.852375],[-106.55007,31.853706],[-106.552194,31.852921],[-106.555141,31.851556],[-106.556737,31.850083],[-106.557085,31.849461],[-106.560071,31.84958],[-106.560536,31.849858]]]},"properties":{"STATEFP":"48","COUNTYFP":"141","TRACTCE":"001112","AFFGEOID":"1400000US48141001112","GEOID":"48141001112","NAME":"11.12","NAMELSAD":"Census Tract 11.12","STUSPS":"TX","NAMELSADCO":"El Paso County","STATE_NAME":"Texas","LSAD":"CT","ALAND":1964538,"AWATER":0}},
{"type":"Feature","geometry":{"type":"Polygon","coordinates":[[[-106.439357,31.922345],[-106.439437,31.922256],[-106.440525,31.920685],[-106.441206,31.918646],[-106.441296,31.917792],[-106.4412,31.912852],[-106.439018,31.912889],[-106.438798,31.91348],[-106.432317,31.913604],[-106.424052,31.913762],[-106.422322,31.914006],[-106.422234,31.914681],[-106.422137,31.915371],[-106.423288,31.91842],[-106.423259,31.918826],[-106.422855,31.919635],[-106.422391,31.920276],[-106.422254,31.92056],[-106.422108,31.92109],[-106.422079,31.92145],[-106.422098,31.922404],[-106.422107,31.922712],[-106.422117,31.923178],[-106.42213,31.923738],[-106.421788,31.925014],[-106.419449,31.927108],[-106.419299,31.928153],[-106.421775,31.928748],[-106.423603,31.930694],[-106.432825,31.926222],[-106.437595,31.923829],[-106.439357,31.922345]]]},"properties":{"STATEFP":"48","COUNTYFP":"141","TRACTCE":"000106","AFFGEOID":"1400000US48141000106","GEOID":"48141000106","NAME":"1.06","NAMELSAD":"Census Tract 1.06","STUSPS":"TX","NAMELSADCO":"El Paso County","STATE_NAME":"Texas","LSAD":"CT","ALAND":2629548,"AWATER":0}},
{"type":"Feature","geometry":{"type":"Polygon","coordinates":[[[-106.506717,31.766451],[-106.507785,31.766365],[-106.507991,31.766267],[-106.508453,31.766008],[-106.505443,31.762216],[-106.503788,31.760203],[-106.502972,31.759554],[-106.501601,31.758867],[-106.499173,31.758147],[-106.498219,31.757987],[-106.493323,31.758017],[-106.493342,31.758099],[-106.493474,31.759335],[-106.491416,31.760644],[-106.491364,31.762097],[-106.49248,31.763363],[-106.489942,31.765],[-106.489091,31.765547],[-106.48973,31.766268],[-106.491647,31.768446],[-106.494201,31.771348],[-106.495047,31.770804],[-106.495893,31.770255],[-106.497595,31.769167],[-106.498444,31.768617],[-106.500999,31.766973],[-106.504446,31.765012],[-106.506717,31.766451]]]},"properties":{"STATEFP":"48","COUNTYFP":"141","TRACTCE":"001600","AFFGEOID":"1400000US48141001600","GEOID":"48141001600","NAME":"16","NAMELSAD":"Census Tract 16","STUSPS":"TX","NAMELSADCO":"El Paso County","STATE_NAME":"Texas","LSAD":"CT","ALAND":1470079,"AWATER":0}},
{"type":"Feature","geometry":{"type":"Polygon","coordinates":[[[-106.484527,31.764896],[-106.486389,31.764174],[-106.487175,31.763375],[-106.48629,31.762362],[-106.485263,31.761202],[-106.482723,31.762839],[-106.480801,31.760661],[-106.48014,31.759864],[-106.479345,31.758659],[-106.474419,31.760795],[-106.473624,31.761026],[-106.468547,31.763374],[-106.467672,31.764007],[-106.467672,31.763346],[-106.463508,31.765423],[-106.465128,31.767348],[-106.46522,31.767462],[-106.466389,31.768797],[-106.468946,31.771697],[-106.469324,31.772538],[-106.470795,31.771693],[-106.473494,31.769955],[-106.473482,31.771973],[-106.474365,31.771405],[-106.484433,31.764947],[-106.484527,31.764896]]]},"properties":{"STATEFP":"48","COUNTYFP":"141","TRACTCE":"002100","AFFGEOID":"1400000US48141002100","GEOID":"48141002100","NAME":"21","NAMELSAD":"Census Tract 21","STUSPS":"TX","NAMELSADCO":"El Paso County","STATE_NAME":"Texas","LSAD":"CT","ALAND":1646385,"AWATER":5060}},
{"type":"Feature","geometry":{"type":"Polygon","coordinates":[[[-106.319116,31.769031],[-106.31908,31.765101],[-106.319038,31.760446],[-106.318977,31.754204],[-106.315194,31.754227],[-106.310764,31.752851],[-106.308092,31.752676],[-106.305301,31.752667],[-106.301928,31.751497],[-106.301992,31.758842],[-106.302023,31.760723],[-106.30207,31.765104],[-106.302333,31.765863],[-106.303416,31.767668],[-106.30358,31.769409],[-106.30692,31.76941],[-106.308193,31.76941],[-106.311355,31.769407],[-106.312992,31.769095],[-106.319116,31.769031]]]},"properties":{"STATEFP":"48","COUNTYFP":"141","TRACTCE":"004307","AFFGEOID":"1400000US48141004307","GEOID":"48141004307","NAME":"43.07","NAMELSAD":"Census Tract 43.07","STUSPS":"TX","NAMELSADCO":"El Paso County","STATE_NAME":"Texas","LSAD":"CT","ALAND":2845428,"AWATER":0}},
{"type":"Feature","geometry":{"type":"Polygon","coordinates":[[[-106.323317,31.791543],[-106.323286,31.787696],[-106.32325,31.783783],[-106.318654,31.783777],[-106.313921,31.783789],[-106.312688,31.783796],[-106.306759,31.783727],[-106.30375,31.782687],[-106.302299,31.782519],[-106.302323,31.790518],[-106.307207,31.790492],[-106.312848,31.790445],[-106.314034,31.790437],[-106.316391,31.790436],[-106.318779,31.790676],[-106.320322,31.790723],[-106.323317,31.791543]]]},"properties":{"STATEFP":"48","COUNTYFP":"141","TRACTCE":"010312","AFFGEOID":"1400000US48141010312","GEOID":"48141010312","NAME":"103.12","NAMELSAD":"Census Tract 103.12","STUSPS":"TX","NAMELSADCO":"El Paso County","STATE_NAME":"Texas","LSAD":"CT","ALAND":1537960,"AWATER":0}},
{"type":"Feature","geometry":{"type":"Polygon","coordinates":[[[-106.526405,31.838196],[-106.525718,31.83691],[-106.52617,31.83182],[-106.52638,31.830189],[-106.527611,31.828756],[-106.525803,31.827127],[-106.522987,31.824626],[-106.521423,31.82573],[-106.514722,31.825421],[-106.512396,31.828274],[-106.50996,31.829298],[-106.50822,31.830102],[-106.507727,31.83091],[-106.506585,31.831897],[-106.506895,31.83227],[-106.508177,31.836061],[-106.509295,31.83771],[-106.512591,31.840634],[-106.512363,31.844235],[-106.50928,31.847181],[-106.509709,31.848089],[-106.511208,31.848172],[-106.513629,31.844781],[-106.514074,31.844514],[-106.522584,31.842249],[-106.526405,31.838196]]]},"properties":{"STATEFP":"48","COUNTYFP":"141","TRACTCE":"001110","AFFGEOID":"1400000US48141001110","GEOID":"48141001110","NAME":"11.10","NAMELSAD":"Census Tract 11.10","STUSPS":"TX","NAMELSADCO":"El Paso County","STATE_NAME":"Texas","LSAD":"CT","ALAND":2962860,"AWATER":0}},
{"type":"Feature","geometry":{"type":"Polygon","coordinates":[[[-106.510741339548,31.7626365885477],[-106.51006,31.761258],[-106.508530719154,31.7612210824668],[-106.507326,31.761192],[-106.505818,31.760472],[-106.503482,31.758168],[-106.501391,31.757042],[-106.500089,31.755527],[-106.499074949826,31.7550539638524],[-106.496479,31.753843],[-106.494677,31.751804],[-106.489542,31.748408],[-106.486856,31.747721],[-106.484642,31.747809],[-106.482706384307,31.7482982215487],[-106.483435,31.750598],[-106.484457,31.750368],[-106.485006,31.752123],[-106.486069,31.755539],[-106.489227,31.75482],[-106.492661,31.754409],[-106.495064,31.757525],[-106.493323,31.758017],[-106.498219,31.757987],[-106.499173,31.758147],[-106.501601,31.758867],[-106.502972,31.759554],[-106.503788,31.760203],[-106.505443,31.762216],[-106.507801,31.762268],[-106.509263,31.763443],[-106.510741339548,31.7626365885477]]]},"properties":{"STATEFP":"48","COUNTYFP":"141","TRACTCE":"001800","AFFGEOID":"1400000US48141001800","GEOID":"48141001800","NAME":"18","NAMELSAD":"Census Tract 18","STUSPS":"TX","NAMELSADCO":"El Paso County","STATE_NAME":"Texas","LSAD":"CT","ALAND":1057249,"AWATER":0}},
{"type":"Feature","geometry":{"type":"Polygon","coordinates":[[[-106.443916071922,32.001206529737],[-106.443614,31.99933],[-106.443174,31.986784],[-106.425009,31.986839],[-106.424806,31.943237],[-106.424789,31.942712],[-106.424615,31.936412],[-106.424752,31.936402],[-106.424436,31.932441],[-106.424021,31.931377],[-106.423603,31.930694],[-106.421775,31.928748],[-106.419299,31.928153],[-106.413405,31.928263],[-106.412054,31.92828],[-106.407585,31.92837],[-106.407595,31.928964],[-106.407798,31.93732],[-106.407842,31.93963],[-106.40786,31.940659],[-106.407927,31.943012],[-106.407938,31.943399],[-106.40863,31.973687],[-106.408899,31.986346],[-106.408964681989,32.0013528679562],[-106.411075,32.001334],[-106.411089898858,32.0013339421712],[-106.443522451156,32.0012080575477],[-106.443916071922,32.001206529737]]]},"properties":{"STATEFP":"48","COUNTYFP":"141","TRACTCE":"010212","AFFGEOID":"1400000US48141010212","GEOID":"48141010212","NAME":"102.12","NAMELSAD":"Census Tract 102.12","STUSPS":"TX","NAMELSADCO":"El Paso County","STATE_NAME":"Texas","LSAD":"CT","ALAND":15338913,"AWATER":9518}},
{"type":"Feature","geometry":{"type":"Polygon","coordinates":[[[-106.147518,31.682727],[-106.14748,31.677724],[-106.147343,31.668547],[-106.1473,31.664822],[-106.147242,31.659644],[-106.147197,31.654867],[-106.147186,31.654149],[-106.147147,31.639525],[-106.147009,31.62697],[-106.146654,31.624806],[-106.146629,31.618131],[-106.14689,31.616944],[-106.146591,31.597756],[-105.993889,31.606694],[-105.994756,31.679688],[-105.995449,31.679663],[-105.999988,31.6797],[-106.00003,31.68283],[-106.119732,31.682753],[-106.130559,31.682764],[-106.144096,31.68274],[-106.147518,31.682727]]]},"properties":{"STATEFP":"48","COUNTYFP":"141","TRACTCE":"010335","AFFGEOID":"1400000US48141010335","GEOID":"48141010335","NAME":"103.35","NAMELSAD":"Census Tract 103.35","STUSPS":"TX","NAMELSADCO":"El Paso County","STATE_NAME":"Texas","LSAD":"CT","ALAND":128902746,"AWATER":0}},
{"type":"Feature","geometry":{"type":"Polygon","coordinates":[[[-106.274111,31.756069],[-106.275626,31.754642],[-106.284716,31.745819],[-106.286616,31.74386],[-106.284442,31.742319],[-106.282144,31.740376],[-106.28117,31.739763],[-106.276286,31.739653],[-106.272785,31.739686],[-106.268032,31.741137],[-106.267445,31.741045],[-106.267028,31.741053],[-106.267087,31.742235],[-106.267242,31.745447],[-106.26728,31.748652],[-106.267346,31.753927],[-106.267356,31.75497],[-106.267278,31.760774],[-106.269082,31.76074],[-106.269705,31.76073],[-106.270376,31.759526],[-106.274111,31.756069]]]},"properties":{"STATEFP":"48","COUNTYFP":"141","TRACTCE":"010336","AFFGEOID":"1400000US48141010336","GEOID":"48141010336","NAME":"103.36","NAMELSAD":"Census Tract 103.36","STUSPS":"TX","NAMELSADCO":"El Paso County","STATE_NAME":"Texas","LSAD":"CT","ALAND":2591427,"AWATER":0}},
{"type":"Feature","geometry":{"type":"Polygon","coordinates":[[[-106.273404,31.658791],[-106.278866,31.657937],[-106.280242,31.657687],[-106.281408,31.657425],[-106.285136,31.656276],[-106.27864,31.648934],[-106.279307,31.64875],[-106.28432,31.64984],[-106.286602,31.649917],[-106.273033,31.63418],[-106.270887,31.631704],[-106.266343,31.626433],[-106.264258,31.624017],[-106.261741,31.625115],[-106.259019,31.626777],[-106.264312,31.632769],[-106.259116,31.632894],[-106.251378,31.634177],[-106.252353,31.635583],[-106.25287,31.636361],[-106.255703,31.64062],[-106.261418,31.64537],[-106.261824,31.645636],[-106.263227,31.646581],[-106.267453,31.651627],[-106.273404,31.658791]]]},"properties":{"STATEFP":"48","COUNTYFP":"141","TRACTCE":"010408","AFFGEOID":"1400000US48141010408","GEOID":"48141010408","NAME":"104.08","NAMELSAD":"Census Tract 104.08","STUSPS":"TX","NAMELSADCO":"El Paso County","STATE_NAME":"Texas","LSAD":"CT","ALAND":5524446,"AWATER":0}},
{"type":"Feature","geometry":{"type":"Polygon","coordinates":[[[-106.522987,31.824626],[-106.522857,31.824514],[-106.515696,31.818142],[-106.514015,31.816502],[-106.511882,31.810587],[-106.510411,31.80868],[-106.509527,31.807536],[-106.509265,31.806973],[-106.509141,31.805805],[-106.503418,31.80514],[-106.503209,31.805116],[-106.500146,31.804819],[-106.483442,31.803207],[-106.483123,31.804007],[-106.483959,31.806709],[-106.487319,31.812597],[-106.48843,31.815912],[-106.488477,31.817988],[-106.488488,31.818469],[-106.488588,31.822811],[-106.488998,31.824236],[-106.489825,31.82711],[-106.490846,31.82874],[-106.493065,31.832261],[-106.494291,31.834141],[-106.497339,31.839127],[-106.497367,31.842446],[-106.497375,31.843307],[-106.496482,31.845682],[-106.495421,31.848505],[-106.495149,31.84886],[-106.493743,31.850705],[-106.493647,31.86146],[-106.503947,31.858711],[-106.505344,31.857911],[-106.507065,31.855232],[-106.510322,31.852963],[-106.510087,31.849367],[-106.51033,31.848959],[-106.511208,31.848172],[-106.509709,31.848089],[-106.50928,31.847181],[-106.512363,31.844235],[-106.512591,31.840634],[-106.509295,31.83771],[-106.508177,31.836061],[-106.506895,31.83227],[-106.506585,31.831897],[-106.507727,31.83091],[-106.50822,31.830102],[-106.50996,31.829298],[-106.512396,31.828274],[-106.514722,31.825421],[-106.521423,31.82573],[-106.522987,31.824626]]]},"properties":{"STATEFP":"48","COUNTYFP":"141","TRACTCE":"001111","AFFGEOID":"1400000US48141001111","GEOID":"48141001111","NAME":"11.11","NAMELSAD":"Census Tract 11.11","STUSPS":"TX","NAMELSADCO":"El Paso County","STATE_NAME":"Texas","LSAD":"CT","ALAND":11576614,"AWATER":0}},
{"type":"Feature","geometry":{"type":"Polygon","coordinates":[[[-106.515696,31.818142],[-106.5173,31.817094],[-106.51793,31.817659],[-106.520846,31.815913],[-106.522719,31.816082],[-106.522662,31.81472],[-106.523686,31.814429],[-106.523887,31.814667],[-106.524088,31.814784],[-106.524648,31.814856],[-106.525287,31.814804],[-106.525429,31.814759],[-106.525747,31.814545],[-106.525889,31.81434],[-106.526057,31.813944],[-106.527031,31.815596],[-106.531012,31.815704],[-106.532095,31.814653],[-106.536544,31.812606],[-106.533145,31.809478],[-106.528535,31.809435],[-106.527403,31.809298],[-106.525131,31.808537],[-106.52307,31.80698],[-106.520194,31.801313],[-106.519641,31.798117],[-106.51974,31.793087],[-106.51766,31.79476],[-106.516463,31.795288],[-106.514076,31.795484],[-106.512107,31.795171],[-106.511015,31.795219],[-106.511041,31.798194],[-106.510975,31.798646],[-106.510867,31.799006],[-106.509226,31.803891],[-106.509141,31.805805],[-106.509265,31.806973],[-106.509527,31.807536],[-106.510411,31.80868],[-106.511882,31.810587],[-106.514015,31.816502],[-106.515696,31.818142]]]},"properties":{"STATEFP":"48","COUNTYFP":"141","TRACTCE":"001115","AFFGEOID":"1400000US48141001115","GEOID":"48141001115","NAME":"11.15","NAMELSAD":"Census Tract 11.15","STUSPS":"TX","NAMELSADCO":"El Paso County","STATE_NAME":"Texas","LSAD":"CT","ALAND":3112241,"AWATER":55654}},
{"type":"Feature","geometry":{"type":"Polygon","coordinates":[[[-106.55976,31.874392],[-106.558859,31.873038],[-106.557771,31.870914],[-106.557314,31.86903],[-106.557281,31.868561],[-106.557283,31.867653],[-106.557784,31.863527],[-106.557775,31.859513],[-106.556413,31.859597],[-106.552135,31.860889],[-106.549864,31.861658],[-106.549454,31.861931],[-106.548774,31.862847],[-106.548641,31.868745],[-106.548624,31.874621],[-106.548423,31.8753],[-106.548392,31.877036],[-106.548393,31.879429],[-106.548478,31.880181],[-106.549332,31.88158],[-106.551356,31.880423],[-106.556394,31.87944],[-106.558046,31.879508],[-106.55805,31.879448],[-106.558467,31.875242],[-106.55976,31.874392]]]},"properties":{"STATEFP":"48","COUNTYFP":"141","TRACTCE":"010217","AFFGEOID":"1400000US48141010217","GEOID":"48141010217","NAME":"102.17","NAMELSAD":"Census Tract 102.17","STUSPS":"TX","NAMELSADCO":"El Paso County","STATE_NAME":"Texas","LSAD":"CT","ALAND":1930420,"AWATER":0}},
{"type":"Feature","geometry":{"type":"Polygon","coordinates":[[[-106.251378,31.634177],[-106.259116,31.632894],[-106.264312,31.632769],[-106.259019,31.626777],[-106.261741,31.625115],[-106.264258,31.624017],[-106.262995,31.622106],[-106.259743,31.611358],[-106.259374,31.610046],[-106.258811,31.608145],[-106.256153,31.603071],[-106.253896,31.598488],[-106.251677,31.594012],[-106.249812,31.59036],[-106.246763,31.584705],[-106.238613,31.585721],[-106.237837,31.585829],[-106.235562,31.579757],[-106.2312,31.575434],[-106.226578,31.578615],[-106.226341,31.579766],[-106.226283,31.579807],[-106.221316,31.580838],[-106.221275,31.581628],[-106.221317,31.582644],[-106.223354,31.585598],[-106.222552,31.58559],[-106.218076,31.585234],[-106.214023,31.586254],[-106.208792,31.589299],[-106.212425,31.592427],[-106.222751,31.600882],[-106.225211,31.603443],[-106.226604,31.604911],[-106.230518,31.609069],[-106.236659,31.615791],[-106.240852,31.620376],[-106.243038,31.62183],[-106.243451,31.622136],[-106.245976,31.625492],[-106.246928,31.628086],[-106.249104,31.631024],[-106.251378,31.634177]]]},"properties":{"STATEFP":"48","COUNTYFP":"141","TRACTCE":"010404","AFFGEOID":"1400000US48141010404","GEOID":"48141010404","NAME":"104.04","NAMELSAD":"Census Tract 104.04","STUSPS":"TX","NAMELSADCO":"El Paso County","STATE_NAME":"Texas","LSAD":"CT","ALAND":14618412,"AWATER":128655}},
{"type":"Feature","geometry":{"type":"Polygon","coordinates":[[[-106.493323,31.758017],[-106.495064,31.757525],[-106.492661,31.754409],[-106.489227,31.75482],[-106.486069,31.755539],[-106.483009,31.75632],[-106.479942,31.757054],[-106.478941,31.757321],[-106.479082,31.757766],[-106.479345,31.758659],[-106.48014,31.759864],[-106.480801,31.760661],[-106.482723,31.762839],[-106.485263,31.761202],[-106.48629,31.762362],[-106.487175,31.763375],[-106.486389,31.764174],[-106.484527,31.764896],[-106.485266,31.765731],[-106.486543,31.767182],[-106.489091,31.765547],[-106.489942,31.765],[-106.49248,31.763363],[-106.491364,31.762097],[-106.491416,31.760644],[-106.493474,31.759335],[-106.493342,31.758099],[-106.493323,31.758017]]]},"properties":{"STATEFP":"48","COUNTYFP":"141","TRACTCE":"001700","AFFGEOID":"1400000US48141001700","GEOID":"48141001700","NAME":"17","NAMELSAD":"Census Tract 17","STUSPS":"TX","NAMELSADCO":"El Paso County","STATE_NAME":"Texas","LSAD":"CT","ALAND":1127843,"AWATER":0}},
{"type":"Feature","geometry":{"type":"Polygon","coordinates":[[[-106.420071,31.7891],[-106.420171,31.787064],[-106.42004,31.783702],[-106.418231,31.783758],[-106.416815,31.78407],[-106.418889,31.783034],[-106.419996,31.781914],[-106.417368,31.780225],[-106.417179,31.780105],[-106.412398,31.777052],[-106.407141,31.773664],[-106.401773,31.781039],[-106.406783,31.780428],[-106.406828,31.780916],[-106.406965,31.781703],[-106.401283,31.78227],[-106.397986,31.781171],[-106.397765,31.781069],[-106.398282,31.789486],[-106.395673,31.789839],[-106.394673,31.789973],[-106.387993,31.790848],[-106.382237,31.79161],[-106.37809,31.792163],[-106.371754,31.793002],[-106.367343,31.793581],[-106.361571,31.794338],[-106.359321,31.794622],[-106.356531,31.794976],[-106.348528,31.795936],[-106.348177,31.795991],[-106.348033,31.79751],[-106.364119,31.797932],[-106.367522,31.798129],[-106.372694,31.79819],[-106.372434,31.796736],[-106.377944,31.796313],[-106.378605,31.795784],[-106.378672,31.793542],[-106.393167,31.791723],[-106.393666,31.794918],[-106.392712,31.796278],[-106.390791,31.79569],[-106.394472,31.798938],[-106.397167,31.798876],[-106.400205,31.797897],[-106.400165,31.795694],[-106.401664,31.795657],[-106.403452,31.79561],[-106.404153,31.795004],[-106.404183,31.794626],[-106.404213,31.793182],[-106.40484,31.791515],[-106.409651,31.793014],[-106.409777,31.791146],[-106.416668,31.791193],[-106.415314,31.789173],[-106.417618,31.789104],[-106.420071,31.7891]]]},"properties":{"STATEFP":"48","COUNTYFP":"141","TRACTCE":"003402","AFFGEOID":"1400000US48141003402","GEOID":"48141003402","NAME":"34.02","NAMELSAD":"Census Tract 34.02","STUSPS":"TX","NAMELSADCO":"El Paso County","STATE_NAME":"Texas","LSAD":"CT","ALAND":5014289,"AWATER":0}},
{"type":"Feature","geometry":{"type":"Polygon","coordinates":[[[-106.166016,31.820039],[-106.165904,31.812772],[-106.165826,31.805563],[-106.165734,31.79816],[-106.1656,31.797505],[-106.16546,31.783825],[-106.165181,31.764505],[-106.164728,31.763185],[-106.149226,31.738835],[-106.148438,31.737378],[-106.14813,31.735275],[-106.147862,31.720562],[-106.147773,31.711851],[-106.147605,31.69741],[-106.147518,31.682727],[-106.144096,31.68274],[-106.130559,31.682764],[-106.119732,31.682753],[-106.00003,31.68283],[-105.999988,31.6797],[-105.995449,31.679663],[-105.994756,31.679688],[-105.994951,31.700416],[-105.995413,31.748173],[-105.995766,31.750109],[-105.995935,31.78374],[-105.996185,31.829363],[-105.99902,31.829138],[-106.008376,31.829751],[-106.010918,31.83062],[-106.017006,31.833925],[-106.019096,31.83448],[-106.023512,31.834304],[-106.025776,31.834664],[-106.029403,31.836262],[-106.032182,31.837156],[-106.041123,31.839131],[-106.046809,31.839064],[-106.049644,31.838281],[-106.055877,31.834911],[-106.058681,31.833926],[-106.064648,31.833477],[-106.106951,31.829375],[-106.109971,31.828959],[-106.132806,31.8249],[-106.145242,31.822744],[-106.165755,31.820063],[-106.166016,31.820039]]]},"properties":{"STATEFP":"48","COUNTYFP":"141","TRACTCE":"010344","AFFGEOID":"1400000US48141010344","GEOID":"48141010344","NAME":"103.44","NAMELSAD":"Census Tract 103.44","STUSPS":"TX","NAMELSADCO":"El Paso County","STATE_NAME":"Texas","LSAD":"CT","ALAND":250880561,"AWATER":0}},
{"type":"Feature","geometry":{"type":"Polygon","coordinates":[[[-106.404508,31.819861],[-106.404677,31.819856],[-106.404524,31.810527],[-106.404392,31.798072],[-106.404388,31.797783],[-106.404252,31.79487],[-106.404183,31.794626],[-106.404153,31.795004],[-106.403452,31.79561],[-106.401664,31.795657],[-106.400165,31.795694],[-106.400205,31.797897],[-106.397167,31.798876],[-106.394472,31.798938],[-106.390791,31.79569],[-106.392712,31.796278],[-106.393666,31.794918],[-106.393167,31.791723],[-106.378672,31.793542],[-106.378605,31.795784],[-106.377944,31.796313],[-106.372434,31.796736],[-106.372694,31.79819],[-106.367522,31.798129],[-106.364119,31.797932],[-106.348033,31.79751],[-106.348177,31.795991],[-106.340992,31.796939],[-106.332655,31.798042],[-106.330527,31.798322],[-106.329852,31.79847],[-106.330856,31.840999],[-106.345409,31.840848],[-106.348519,31.840443],[-106.352716,31.83852],[-106.358575,31.834265],[-106.362254,31.831138],[-106.364043,31.829846],[-106.36636,31.828185],[-106.371563,31.82494],[-106.376089,31.821814],[-106.378519,31.820602],[-106.381393,31.820087],[-106.388691,31.819856],[-106.403189,31.819526],[-106.404508,31.819826],[-106.404508,31.819861]]]},"properties":{"STATEFP":"48","COUNTYFP":"141","TRACTCE":"980000","AFFGEOID":"1400000US48141980000","GEOID":"48141980000","NAME":"9800","NAMELSAD":"Census Tract 9800","STUSPS":"TX","NAMELSADCO":"El Paso County","STATE_NAME":"Texas","LSAD":"CT","ALAND":25580368,"AWATER":0}},
{"type":"Feature","geometry":{"type":"Polygon","coordinates":[[[-106.577039,31.863622],[-106.582182,31.863575],[-106.58561,31.860891],[-106.587386,31.860188],[-106.585126,31.854366],[-106.582975,31.848821],[-106.580055,31.841286],[-106.578767,31.83839],[-106.576459,31.835175],[-106.570411,31.827517],[-106.561837,31.816683],[-106.557806,31.812618],[-106.555870203395,31.8096996864361],[-106.550827224243,31.808315767998],[-106.548532193957,31.8076859548195],[-106.545138,31.810602],[-106.544943,31.810771],[-106.549433,31.815192],[-106.553832,31.819677],[-106.554736,31.820596],[-106.556314,31.822187],[-106.567022,31.833056],[-106.568079,31.834382],[-106.570159,31.839303],[-106.572065,31.844463],[-106.57434,31.852561],[-106.575617,31.857745],[-106.577039,31.863622]]]},"properties":{"STATEFP":"48","COUNTYFP":"141","TRACTCE":"001204","AFFGEOID":"1400000US48141001204","GEOID":"48141001204","NAME":"12.04","NAMELSAD":"Census Tract 12.04","STUSPS":"TX","NAMELSADCO":"El Paso County","STATE_NAME":"Texas","LSAD":"CT","ALAND":5475263,"AWATER":0}},
{"type":"Feature","geometry":{"type":"Polygon","coordinates":[[[-106.55058,31.835593],[-106.550398,31.835569],[-106.537702,31.833102],[-106.537043,31.832954],[-106.532181,31.83146],[-106.527754,31.828637],[-106.527611,31.828756],[-106.52638,31.830189],[-106.52617,31.83182],[-106.525718,31.83691],[-106.526405,31.838196],[-106.527866,31.838628],[-106.533393,31.840152],[-106.533943,31.840618],[-106.535976,31.838203],[-106.538284,31.838341],[-106.542616,31.838311],[-106.547541,31.837129],[-106.550204,31.837023],[-106.55058,31.835593]]]},"properties":{"STATEFP":"48","COUNTYFP":"141","TRACTCE":"001118","AFFGEOID":"1400000US48141001118","GEOID":"48141001118","NAME":"11.18","NAMELSAD":"Census Tract 11.18","STUSPS":"TX","NAMELSADCO":"El Paso County","STATE_NAME":"Texas","LSAD":"CT","ALAND":1439908,"AWATER":0}},
{"type":"Feature","geometry":{"type":"Polygon","coordinates":[[[-106.336021,31.67465],[-106.336379,31.671759],[-106.336693,31.6713],[-106.337954334501,31.6711981352205],[-106.334737,31.664112],[-106.330291132462,31.658329936271],[-106.324859,31.658276],[-106.32277,31.657771],[-106.31969,31.65612],[-106.316775,31.653702],[-106.320011,31.659647],[-106.316909,31.659662],[-106.314058,31.659646],[-106.312045,31.659766],[-106.310417,31.659861],[-106.310167,31.659879],[-106.308833,31.659391],[-106.306638,31.65629],[-106.304395,31.654543],[-106.30352,31.654701],[-106.303498,31.656109],[-106.303597,31.656955],[-106.302066,31.657257],[-106.298836,31.658573],[-106.297176,31.662178],[-106.299513,31.664973],[-106.301186,31.666851],[-106.301245,31.666918],[-106.306515,31.673091],[-106.310211,31.677406],[-106.3111,31.678413],[-106.31131,31.67865],[-106.312447,31.679924],[-106.308157,31.682364],[-106.312022,31.686747],[-106.312066,31.686696],[-106.313319,31.685657],[-106.315931,31.685157],[-106.316646,31.684706],[-106.318132,31.683935],[-106.320462,31.684579],[-106.319163,31.682489],[-106.319031,31.682283],[-106.319844,31.682023],[-106.324262,31.683126],[-106.324422,31.686032],[-106.324863,31.684897],[-106.325911,31.68514],[-106.327459,31.674671],[-106.332661,31.673479],[-106.336021,31.67465]]]},"properties":{"STATEFP":"48","COUNTYFP":"141","TRACTCE":"004005","AFFGEOID":"1400000US48141004005","GEOID":"48141004005","NAME":"40.05","NAMELSAD":"Census Tract 40.05","STUSPS":"TX","NAMELSADCO":"El Paso County","STATE_NAME":"Texas","LSAD":"CT","ALAND":7444285,"AWATER":45140}},
{"type":"Feature","geometry":{"type":"Polygon","coordinates":[[[-106.25285,31.808587],[-106.25281,31.80833],[-106.252674,31.798027],[-106.251075,31.79802],[-106.248918,31.797661],[-106.247597,31.796108],[-106.245924,31.797043],[-106.245089,31.797377],[-106.244895,31.797442],[-106.241841,31.798275],[-106.23391,31.798337],[-106.230077,31.798098],[-106.229416,31.797676],[-106.223886,31.802824],[-106.222231,31.804365],[-106.221321,31.805211],[-106.217039,31.809195],[-106.213258,31.812724],[-106.212934,31.813892],[-106.216988,31.81331],[-106.225167,31.812219],[-106.232259,31.811292],[-106.234139,31.811046],[-106.234323,31.811022],[-106.245889,31.80951],[-106.247538,31.809293],[-106.25285,31.808587]]]},"properties":{"STATEFP":"48","COUNTYFP":"141","TRACTCE":"010354","AFFGEOID":"1400000US48141010354","GEOID":"48141010354","NAME":"103.54","NAMELSAD":"Census Tract 103.54","STUSPS":"TX","NAMELSADCO":"El Paso County","STATE_NAME":"Texas","LSAD":"CT","ALAND":4263319,"AWATER":0}},
{"type":"Feature","geometry":{"type":"Polygon","coordinates":[[[-106.147773,31.711851],[-106.181745,31.711806],[-106.191316,31.711796],[-106.197913,31.711794],[-106.198809,31.711794],[-106.198769,31.699453],[-106.198682,31.699151],[-106.197621,31.699149],[-106.196358,31.699146],[-106.196174,31.698035],[-106.193869,31.694417],[-106.190984,31.689911],[-106.187918,31.684955],[-106.187576,31.682733],[-106.185611,31.682739],[-106.181418,31.682745],[-106.174142,31.682698],[-106.167518,31.682717],[-106.164383,31.682726],[-106.159848,31.682731],[-106.147518,31.682727],[-106.147605,31.69741],[-106.147773,31.711851]]]},"properties":{"STATEFP":"48","COUNTYFP":"141","TRACTCE":"010371","AFFGEOID":"1400000US48141010371","GEOID":"48141010371","NAME":"103.71","NAMELSAD":"Census Tract 103.71","STUSPS":"TX","NAMELSADCO":"El Paso County","STATE_NAME":"Texas","LSAD":"CT","ALAND":14429242,"AWATER":0}},
{"type":"Feature","geometry":{"type":"Polygon","coordinates":[[[-106.243597,31.784473],[-106.244648,31.783494],[-106.242388,31.782275],[-106.233926,31.782101],[-106.232272,31.782183],[-106.225128,31.782172],[-106.216645,31.782174],[-106.216739,31.789626],[-106.216924,31.798096],[-106.21719,31.801605],[-106.220013,31.804189],[-106.221321,31.805211],[-106.222231,31.804365],[-106.223886,31.802824],[-106.229416,31.797676],[-106.231381,31.79584],[-106.231447,31.79578],[-106.231489,31.795743],[-106.231545,31.795691],[-106.236202,31.791358],[-106.239807,31.788001],[-106.243597,31.784473]]]},"properties":{"STATEFP":"48","COUNTYFP":"141","TRACTCE":"010367","AFFGEOID":"1400000US48141010367","GEOID":"48141010367","NAME":"103.67","NAMELSAD":"Census Tract 103.67","STUSPS":"TX","NAMELSADCO":"El Paso County","STATE_NAME":"Texas","LSAD":"CT","ALAND":3986504,"AWATER":0}},
{"type":"Feature","geometry":{"type":"Polygon","coordinates":[[[-106.276391,31.792313],[-106.27633,31.787697],[-106.276251,31.783197],[-106.276466,31.780552],[-106.276857,31.780146],[-106.274721,31.778405],[-106.273421,31.777319],[-106.272187,31.77663],[-106.267436,31.776362],[-106.267665,31.783906],[-106.267689,31.786136],[-106.267608,31.792372],[-106.276391,31.792313]]]},"properties":{"STATEFP":"48","COUNTYFP":"141","TRACTCE":"010348","AFFGEOID":"1400000US48141010348","GEOID":"48141010348","NAME":"103.48","NAMELSAD":"Census Tract 103.48","STUSPS":"TX","NAMELSADCO":"El Paso County","STATE_NAME":"Texas","LSAD":"CT","ALAND":1382784,"AWATER":0}},
{"type":"Feature","geometry":{"type":"Polygon","coordinates":[[[-106.601714,31.926165],[-106.601349,31.915186],[-106.600942,31.908282],[-106.59995,31.908173],[-106.590913,31.908334],[-106.588681,31.908392],[-106.58749,31.907983],[-106.586956,31.907601],[-106.582678,31.908361],[-106.582677,31.9085],[-106.582671,31.915013],[-106.582664,31.925574],[-106.585006,31.925685],[-106.587705,31.925701],[-106.591141,31.925673],[-106.593743,31.926023],[-106.594916,31.926152],[-106.601714,31.926165]]]},"properties":{"STATEFP":"48","COUNTYFP":"141","TRACTCE":"010232","AFFGEOID":"1400000US48141010232","GEOID":"48141010232","NAME":"102.32","NAMELSAD":"Census Tract 102.32","STUSPS":"TX","NAMELSADCO":"El Paso County","STATE_NAME":"Texas","LSAD":"CT","ALAND":3479620,"AWATER":0}},
{"type":"Feature","geometry":{"type":"Polygon","coordinates":[[[-106.594625,31.878845],[-106.594333,31.878093],[-106.592231,31.872682],[-106.587386,31.860188],[-106.58561,31.860891],[-106.582182,31.863575],[-106.577039,31.863622],[-106.577937,31.867305],[-106.580916,31.87944],[-106.580943,31.879549],[-106.581831,31.883158],[-106.586977,31.882168],[-106.59005,31.880823],[-106.593263,31.879415],[-106.594005,31.879089],[-106.594297,31.878973],[-106.594625,31.878845]]]},"properties":{"STATEFP":"48","COUNTYFP":"141","TRACTCE":"010227","AFFGEOID":"1400000US48141010227","GEOID":"48141010227","NAME":"102.27","NAMELSAD":"Census Tract 102.27","STUSPS":"TX","NAMELSADCO":"El Paso County","STATE_NAME":"Texas","LSAD":"CT","ALAND":2521659,"AWATER":0}},
{"type":"Feature","geometry":{"type":"Polygon","coordinates":[[[-106.106415,31.459884],[-106.111283,31.455486],[-106.113791,31.457193],[-106.115655,31.455483],[-106.118884,31.451736],[-106.118353,31.447954],[-106.121698,31.445132],[-106.121742,31.445167],[-106.123409,31.446419],[-106.12649,31.447501],[-106.130304,31.446639],[-106.135415,31.444567],[-106.137579,31.443528],[-106.139969,31.441612],[-106.141298,31.438951],[-106.144895,31.436604],[-106.141655,31.43241],[-106.142793,31.430126],[-106.132782,31.425367],[-106.130956175656,31.4247687636634],[-106.129672,31.424348],[-106.127353,31.423992],[-106.125656,31.423946],[-106.124541,31.423729],[-106.123931002956,31.4237276570984],[-106.115002,31.423708],[-106.112169,31.423578],[-106.110112,31.423017],[-106.108615,31.422375],[-106.106877,31.421403],[-106.103327,31.418662],[-106.102622702271,31.4179838087639],[-106.09723,31.412791],[-106.088551,31.404801],[-106.084977,31.401446],[-106.082818,31.399921],[-106.080258,31.398702],[-106.076857,31.397892],[-106.074495,31.397559],[-106.056998,31.396346],[-106.027297,31.394128],[-106.013711,31.393334],[-106.007119,31.392839],[-106.004926,31.392458],[-106.002304,31.391147],[-105.997132001253,31.387246427542],[-105.972273,31.408312],[-106.020547,31.435355],[-106.021807,31.436142],[-106.023563,31.437524],[-106.052737,31.464862],[-106.056614,31.46204],[-106.083003,31.450711],[-106.085582,31.448331],[-106.086062,31.447881],[-106.088346,31.445667],[-106.094784,31.450422],[-106.095218,31.450849],[-106.095932,31.451424],[-106.106415,31.459884]]]},"properties":{"STATEFP":"48","COUNTYFP":"141","TRACTCE":"010504","AFFGEOID":"1400000US48141010504","GEOID":"48141010504","NAME":"105.04","NAMELSAD":"Census Tract 105.04","STUSPS":"TX","NAMELSADCO":"El Paso County","STATE_NAME":"Texas","LSAD":"CT","ALAND":70472454,"AWATER":318230}},
{"type":"Feature","geometry":{"type":"Polygon","coordinates":[[[-106.437467,31.783601],[-106.437509,31.779607],[-106.433919,31.779288],[-106.433752,31.780755],[-106.432866,31.78075],[-106.432861,31.777532],[-106.425502,31.777505],[-106.423239,31.777525],[-106.422121,31.777715],[-106.420072,31.781825],[-106.419996,31.781914],[-106.418889,31.783034],[-106.416815,31.78407],[-106.418231,31.783758],[-106.42004,31.783702],[-106.420171,31.787064],[-106.420071,31.7891],[-106.426158,31.792448],[-106.430712,31.79495],[-106.430693,31.797011],[-106.431305,31.797017],[-106.43133,31.795217],[-106.431484,31.791862],[-106.431554,31.788553],[-106.431568,31.786966],[-106.431597,31.785597],[-106.432878,31.785608],[-106.437451,31.785636],[-106.437467,31.783601]]]},"properties":{"STATEFP":"48","COUNTYFP":"141","TRACTCE":"003300","AFFGEOID":"1400000US48141003300","GEOID":"48141003300","NAME":"33","NAMELSAD":"Census Tract 33","STUSPS":"TX","NAMELSADCO":"El Paso County","STATE_NAME":"Texas","LSAD":"CT","ALAND":2152670,"AWATER":0}},
{"type":"Feature","geometry":{"type":"Polygon","coordinates":[[[-106.36521,31.753671],[-106.365195,31.753168],[-106.365177,31.751577],[-106.365169,31.749981],[-106.365389,31.748154],[-106.367476,31.746171],[-106.365503,31.743859],[-106.365211,31.743349],[-106.362636,31.74251],[-106.36107,31.741293],[-106.353995,31.741382],[-106.35402,31.741897],[-106.352747,31.741725],[-106.350852,31.741182],[-106.350726,31.742096],[-106.350776,31.747991],[-106.3508,31.751478],[-106.351705,31.754649],[-106.352508,31.7544],[-106.353961,31.753688],[-106.35853,31.753691],[-106.359448,31.753693],[-106.36521,31.753671]]]},"properties":{"STATEFP":"48","COUNTYFP":"141","TRACTCE":"004201","AFFGEOID":"1400000US48141004201","GEOID":"48141004201","NAME":"42.01","NAMELSAD":"Census Tract 42.01","STUSPS":"TX","NAMELSADCO":"El Paso County","STATE_NAME":"Texas","LSAD":"CT","ALAND":1854660,"AWATER":0}},
{"type":"Feature","geometry":{"type":"Polygon","coordinates":[[[-106.352,31.722099],[-106.353269,31.720767],[-106.353762,31.720485],[-106.355717,31.719398],[-106.356088,31.719287],[-106.355514,31.718909],[-106.356708,31.715883],[-106.355907,31.715651],[-106.356353,31.714559],[-106.356856,31.713319],[-106.357055,31.71212],[-106.357109,31.711284],[-106.356542,31.709419],[-106.356184,31.708293],[-106.349225,31.70396],[-106.343289,31.705382],[-106.347136,31.710867],[-106.345783,31.711819],[-106.340924,31.712674],[-106.343159,31.714571],[-106.352,31.722099]]]},"properties":{"STATEFP":"48","COUNTYFP":"141","TRACTCE":"003804","AFFGEOID":"1400000US48141003804","GEOID":"48141003804","NAME":"38.04","NAMELSAD":"Census Tract 38.04","STUSPS":"TX","NAMELSADCO":"El Paso County","STATE_NAME":"Texas","LSAD":"CT","ALAND":1769645,"AWATER":0}},
{"type":"Feature","geometry":{"type":"Polygon","coordinates":[[[-106.371794,31.738943],[-106.372864,31.738045],[-106.369763,31.735548],[-106.377721,31.734658],[-106.378094,31.735906],[-106.380828,31.735381],[-106.382638,31.735199],[-106.384528,31.735175],[-106.385690233474,31.7346181947619],[-106.383820756357,31.733610072349],[-106.381039,31.73211],[-106.381013930991,31.7320821740027],[-106.379375,31.730263],[-106.378039,31.72831],[-106.377620159884,31.7269637281977],[-106.374621875912,31.7173263868611],[-106.373839,31.71481],[-106.37237,31.712569],[-106.370139,31.71071],[-106.368320650255,31.7095299349061],[-106.367995,31.711114],[-106.36812,31.711169],[-106.36787,31.711545],[-106.36643,31.713732],[-106.364386,31.718121],[-106.363885,31.718783],[-106.363334,31.721261],[-106.363792,31.723189],[-106.363805,31.7247],[-106.363831,31.727493],[-106.361985,31.729288],[-106.363528,31.731912],[-106.365486,31.733579],[-106.366687,31.734594],[-106.371794,31.738943]]]},"properties":{"STATEFP":"48","COUNTYFP":"141","TRACTCE":"003801","AFFGEOID":"1400000US48141003801","GEOID":"48141003801","NAME":"38.01","NAMELSAD":"Census Tract 38.01","STUSPS":"TX","NAMELSADCO":"El Paso County","STATE_NAME":"Texas","LSAD":"CT","ALAND":3204444,"AWATER":49504}},
{"type":"Feature","geometry":{"type":"Polygon","coordinates":[[[-106.351705,31.754649],[-106.3508,31.751478],[-106.350776,31.747991],[-106.350726,31.742096],[-106.350852,31.741182],[-106.352747,31.741725],[-106.35402,31.741897],[-106.353995,31.741382],[-106.353944,31.740276],[-106.352054,31.740174],[-106.35226,31.733601],[-106.352418,31.731827],[-106.34823,31.729836],[-106.346436,31.729702],[-106.344063,31.733113],[-106.344761,31.735603],[-106.345807,31.738478],[-106.345893,31.73927],[-106.345945,31.749109],[-106.345974,31.751665],[-106.34553,31.752363],[-106.345255,31.752676],[-106.349674,31.755412],[-106.350109,31.754875],[-106.351705,31.754649]]]},"properties":{"STATEFP":"48","COUNTYFP":"141","TRACTCE":"004105","AFFGEOID":"1400000US48141004105","GEOID":"48141004105","NAME":"41.05","NAMELSAD":"Census Tract 41.05","STUSPS":"TX","NAMELSADCO":"El Paso County","STATE_NAME":"Texas","LSAD":"CT","ALAND":1532286,"AWATER":13082}},
{"type":"Feature","geometry":{"type":"Polygon","coordinates":[[[-106.339811,31.772126],[-106.339744,31.76558],[-106.339715,31.763009],[-106.339763,31.759658],[-106.342257,31.756371],[-106.345255,31.752676],[-106.336587,31.747314],[-106.331852,31.744386],[-106.329258,31.747275],[-106.327862,31.748686],[-106.327356,31.749951],[-106.32668,31.752157],[-106.326731,31.753275],[-106.329346,31.757047],[-106.329462,31.757413],[-106.329902,31.759091],[-106.329602,31.761531],[-106.329565,31.763905],[-106.329587,31.765639],[-106.331122,31.767963],[-106.330719,31.772127],[-106.332351,31.77219],[-106.339811,31.772126]]]},"properties":{"STATEFP":"48","COUNTYFP":"141","TRACTCE":"004312","AFFGEOID":"1400000US48141004312","GEOID":"48141004312","NAME":"43.12","NAMELSAD":"Census Tract 43.12","STUSPS":"TX","NAMELSADCO":"El Paso County","STATE_NAME":"Texas","LSAD":"CT","ALAND":3142764,"AWATER":0}},
{"type":"Feature","geometry":{"type":"Polygon","coordinates":[[[-106.359646,31.786857],[-106.360678,31.787233],[-106.360734,31.778137],[-106.360667,31.77405],[-106.357139,31.7732],[-106.356001,31.773206],[-106.355823,31.773206],[-106.352181,31.773094],[-106.350201,31.770953],[-106.348829,31.770479],[-106.346938,31.770517],[-106.345199,31.770655],[-106.341659,31.772104],[-106.339811,31.772126],[-106.339855,31.777589],[-106.339161,31.779223],[-106.348622,31.782737],[-106.350993,31.783624],[-106.355844,31.785425],[-106.35605,31.785523],[-106.359646,31.786857]]]},"properties":{"STATEFP":"48","COUNTYFP":"141","TRACTCE":"004303","AFFGEOID":"1400000US48141004303","GEOID":"48141004303","NAME":"43.03","NAMELSAD":"Census Tract 43.03","STUSPS":"TX","NAMELSADCO":"El Paso County","STATE_NAME":"Texas","LSAD":"CT","ALAND":2475478,"AWATER":0}},
{"type":"Feature","geometry":{"type":"Polygon","coordinates":[[[-106.419299,31.928153],[-106.419449,31.927108],[-106.421788,31.925014],[-106.42213,31.923738],[-106.422117,31.923178],[-106.422107,31.922712],[-106.422098,31.922404],[-106.422079,31.92145],[-106.422108,31.92109],[-106.422254,31.92056],[-106.422391,31.920276],[-106.422855,31.919635],[-106.423259,31.918826],[-106.423288,31.91842],[-106.422137,31.915371],[-106.422234,31.914681],[-106.422322,31.914006],[-106.422315,31.913499],[-106.417444,31.913584],[-106.407263,31.913756],[-106.407276,31.914292],[-106.407314,31.916074],[-106.40736,31.91823],[-106.407417,31.920788],[-106.407482,31.923117],[-106.407585,31.92837],[-106.412054,31.92828],[-106.413405,31.928263],[-106.419299,31.928153]]]},"properties":{"STATEFP":"48","COUNTYFP":"141","TRACTCE":"000107","AFFGEOID":"1400000US48141000107","GEOID":"48141000107","NAME":"1.07","NAMELSAD":"Census Tract 1.07","STUSPS":"TX","NAMELSADCO":"El Paso County","STATE_NAME":"Texas","LSAD":"CT","ALAND":2220478,"AWATER":0}},
{"type":"Feature","geometry":{"type":"Polygon","coordinates":[[[-106.330719,31.772127],[-106.331122,31.767963],[-106.329587,31.765639],[-106.329565,31.763905],[-106.329602,31.761531],[-106.329902,31.759091],[-106.329462,31.757413],[-106.329346,31.757047],[-106.326731,31.753275],[-106.32668,31.752157],[-106.327356,31.749951],[-106.327862,31.748686],[-106.329258,31.747275],[-106.331852,31.744386],[-106.325453,31.740342],[-106.324837,31.739864],[-106.324648,31.740093],[-106.319599,31.74609],[-106.318965,31.747601],[-106.318977,31.754204],[-106.319038,31.760446],[-106.31908,31.765101],[-106.319116,31.769031],[-106.324725,31.769056],[-106.325384,31.76926],[-106.327764,31.770642],[-106.330205,31.772003],[-106.330719,31.772127]]]},"properties":{"STATEFP":"48","COUNTYFP":"141","TRACTCE":"004313","AFFGEOID":"1400000US48141004313","GEOID":"48141004313","NAME":"43.13","NAMELSAD":"Census Tract 43.13","STUSPS":"TX","NAMELSADCO":"El Paso County","STATE_NAME":"Texas","LSAD":"CT","ALAND":2890250,"AWATER":54180}},
{"type":"Feature","geometry":{"type":"Polygon","coordinates":[[[-106.479942,31.757054],[-106.479138,31.754457],[-106.477842,31.753819],[-106.477023,31.751198],[-106.473951,31.751919],[-106.473319434991,31.7506506089871],[-106.472493,31.750852],[-106.470991,31.752214],[-106.470202,31.753781],[-106.4685,31.758249],[-106.467469888184,31.7591065616003],[-106.466912,31.759571],[-106.467537,31.761224],[-106.467672,31.763346],[-106.467672,31.764007],[-106.468547,31.763374],[-106.473624,31.761026],[-106.474419,31.760795],[-106.479345,31.758659],[-106.479082,31.757766],[-106.478941,31.757321],[-106.479942,31.757054]]]},"properties":{"STATEFP":"48","COUNTYFP":"141","TRACTCE":"002000","AFFGEOID":"1400000US48141002000","GEOID":"48141002000","NAME":"20","NAMELSAD":"Census Tract 20","STUSPS":"TX","NAMELSADCO":"El Paso County","STATE_NAME":"Texas","LSAD":"CT","ALAND":1101159,"AWATER":55204}},
{"type":"Feature","geometry":{"type":"Polygon","coordinates":[[[-106.461417,31.794899],[-106.461424,31.792204],[-106.461431,31.790367],[-106.461434,31.789549],[-106.461448,31.786826],[-106.46145,31.786226],[-106.461439,31.785507],[-106.458375,31.787151],[-106.458386,31.785764],[-106.45841,31.783731],[-106.455379,31.783714],[-106.450838,31.783686],[-106.449568,31.783677],[-106.449546,31.786706],[-106.449509,31.790802],[-106.449524,31.79341],[-106.448648,31.794428],[-106.447249,31.796053],[-106.449155,31.796671],[-106.450833,31.794866],[-106.453996,31.794877],[-106.456875,31.794888],[-106.461417,31.794899]]]},"properties":{"STATEFP":"48","COUNTYFP":"141","TRACTCE":"002400","AFFGEOID":"1400000US48141002400","GEOID":"48141002400","NAME":"24","NAMELSAD":"Census Tract 24","STUSPS":"TX","NAMELSADCO":"El Paso County","STATE_NAME":"Texas","LSAD":"CT","ALAND":1367045,"AWATER":0}},
{"type":"Feature","geometry":{"type":"Polygon","coordinates":[[[-106.359321,31.794622],[-106.359397,31.794001],[-106.359256,31.792122],[-106.359202,31.789069],[-106.355761,31.789525],[-106.35263,31.789937],[-106.348415,31.790496],[-106.347514,31.790521],[-106.343032,31.788925],[-106.340688,31.788879],[-106.339864,31.788892],[-106.33746,31.788929],[-106.335432,31.789036],[-106.333822,31.790465],[-106.332585,31.7917],[-106.331054,31.792082],[-106.331122,31.793342],[-106.332655,31.798042],[-106.340992,31.796939],[-106.348177,31.795991],[-106.348528,31.795936],[-106.356531,31.794976],[-106.359321,31.794622]]]},"properties":{"STATEFP":"48","COUNTYFP":"141","TRACTCE":"004310","AFFGEOID":"1400000US48141004310","GEOID":"48141004310","NAME":"43.10","NAMELSAD":"Census Tract 43.10","STUSPS":"TX","NAMELSADCO":"El Paso County","STATE_NAME":"Texas","LSAD":"CT","ALAND":1915320,"AWATER":12181}},
{"type":"Feature","geometry":{"type":"Polygon","coordinates":[[[-106.336085,31.784987],[-106.335152,31.784157],[-106.334179,31.783812],[-106.332193,31.783791],[-106.327796,31.783789],[-106.32325,31.783783],[-106.323286,31.787696],[-106.323317,31.791543],[-106.323347,31.795941],[-106.322806,31.799115],[-106.322854,31.799375],[-106.329852,31.79847],[-106.330527,31.798322],[-106.332655,31.798042],[-106.331122,31.793342],[-106.331054,31.792082],[-106.331093,31.790585],[-106.3314,31.789816],[-106.334013,31.786877],[-106.334992,31.78583],[-106.336085,31.784987]]]},"properties":{"STATEFP":"48","COUNTYFP":"141","TRACTCE":"010303","AFFGEOID":"1400000US48141010303","GEOID":"48141010303","NAME":"103.03","NAMELSAD":"Census Tract 103.03","STUSPS":"TX","NAMELSADCO":"El Paso County","STATE_NAME":"Texas","LSAD":"CT","ALAND":1466522,"AWATER":0}},
{"type":"Feature","geometry":{"type":"Polygon","coordinates":[[[-106.339161,31.779223],[-106.339855,31.777589],[-106.339811,31.772126],[-106.332351,31.77219],[-106.330719,31.772127],[-106.330205,31.772003],[-106.327764,31.770642],[-106.325384,31.76926],[-106.324725,31.769056],[-106.319116,31.769031],[-106.319577,31.771256],[-106.32135,31.774189],[-106.321739,31.774845],[-106.322113,31.775604],[-106.322529,31.776788],[-106.323227,31.77922],[-106.32325,31.783783],[-106.327796,31.783789],[-106.332193,31.783791],[-106.334179,31.783812],[-106.335152,31.784157],[-106.336085,31.784987],[-106.338069,31.78329],[-106.339161,31.779223]]]},"properties":{"STATEFP":"48","COUNTYFP":"141","TRACTCE":"010307","AFFGEOID":"1400000US48141010307","GEOID":"48141010307","NAME":"103.07","NAMELSAD":"Census Tract 103.07","STUSPS":"TX","NAMELSADCO":"El Paso County","STATE_NAME":"Texas","LSAD":"CT","ALAND":2338513,"AWATER":0}},
{"type":"Feature","geometry":{"type":"Polygon","coordinates":[[[-106.330291132462,31.658329936271],[-106.327254,31.65438],[-106.325136,31.650808],[-106.320131022296,31.644610048716],[-106.312059,31.634614],[-106.308098,31.629706],[-106.307625558624,31.6289456053943],[-106.306046,31.634076],[-106.30248,31.636157],[-106.300845,31.638858],[-106.298377,31.638919],[-106.297811,31.638743],[-106.297093,31.637562],[-106.292027,31.629256],[-106.288667,31.623721],[-106.285876,31.61911],[-106.285201,31.617988],[-106.280949,31.619881],[-106.266343,31.626433],[-106.270887,31.631704],[-106.273033,31.63418],[-106.286602,31.649917],[-106.297176,31.662178],[-106.298836,31.658573],[-106.302066,31.657257],[-106.303597,31.656955],[-106.303498,31.656109],[-106.30352,31.654701],[-106.304395,31.654543],[-106.306638,31.65629],[-106.308833,31.659391],[-106.310167,31.659879],[-106.310417,31.659861],[-106.312045,31.659766],[-106.314058,31.659646],[-106.316909,31.659662],[-106.320011,31.659647],[-106.316775,31.653702],[-106.31969,31.65612],[-106.32277,31.657771],[-106.324859,31.658276],[-106.330291132462,31.658329936271]]]},"properties":{"STATEFP":"48","COUNTYFP":"141","TRACTCE":"010401","AFFGEOID":"1400000US48141010401","GEOID":"48141010401","NAME":"104.01","NAMELSAD":"Census Tract 104.01","STUSPS":"TX","NAMELSADCO":"El Paso County","STATE_NAME":"Texas","LSAD":"CT","ALAND":12386102,"AWATER":20264}},
{"type":"Feature","geometry":{"type":"Polygon","coordinates":[[[-106.618870841296,31.9160292561707],[-106.619504008648,31.9157530674445],[-106.619605108498,31.9157089675099],[-106.623445,31.914034],[-106.625947,31.912227],[-106.633668,31.90979],[-106.64084,31.904598],[-106.645479,31.89867],[-106.645646,31.895649],[-106.645296,31.894859],[-106.6429,31.892933],[-106.638154,31.891663],[-106.633927,31.889184],[-106.630692,31.886411],[-106.630370691537,31.885832],[-106.63035287014,31.8857998857239],[-106.629197,31.883717],[-106.630256993624,31.8810570909056],[-106.630799,31.879697],[-106.631315897573,31.8790348280725],[-106.625897,31.879089],[-106.625508,31.879088],[-106.621749,31.879133],[-106.616067,31.879872],[-106.610736,31.879862],[-106.610511,31.879857],[-106.607109,31.879804],[-106.605822,31.879629],[-106.601979,31.878696],[-106.597579,31.878046],[-106.594625,31.878845],[-106.597366,31.885905],[-106.59875,31.889639],[-106.59906,31.890846],[-106.599299,31.892564],[-106.600942,31.908282],[-106.601349,31.915186],[-106.602464,31.915188],[-106.605288,31.915187],[-106.605839,31.915199],[-106.613737,31.915202],[-106.617154,31.915331],[-106.618870841296,31.9160292561707]]]},"properties":{"STATEFP":"48","COUNTYFP":"141","TRACTCE":"010218","AFFGEOID":"1400000US48141010218","GEOID":"48141010218","NAME":"102.18","NAMELSAD":"Census Tract 102.18","STUSPS":"TX","NAMELSADCO":"El Paso County","STATE_NAME":"Texas","LSAD":"CT","ALAND":13636012,"AWATER":285299}},
{"type":"Feature","geometry":{"type":"Polygon","coordinates":[[[-106.5170616312,32.0009226204998],[-106.517134,32.000098],[-106.513981,31.999264],[-106.513977,31.997809],[-106.516443,31.993762],[-106.514542,31.990849],[-106.514441,31.986131],[-106.506801,31.98089],[-106.505639,31.980093],[-106.499136,31.971555],[-106.496234,31.961716],[-106.496733,31.955792],[-106.495131,31.948865],[-106.496239,31.915667],[-106.496454,31.908503],[-106.497206,31.883565],[-106.497217,31.883212],[-106.497236,31.878521],[-106.494943,31.868905],[-106.494678,31.868927],[-106.490341,31.869298],[-106.490329,31.868508],[-106.45704,31.869401],[-106.456563,31.869325],[-106.45373,31.869381],[-106.453545,31.869409],[-106.450204,31.869478],[-106.444414,31.869579],[-106.442685,31.869611],[-106.441452,31.869624],[-106.441451,31.869693],[-106.441352,31.873359],[-106.441922,31.898269],[-106.440799,31.898269],[-106.441018,31.905905],[-106.441141,31.91014],[-106.4412,31.912852],[-106.441296,31.917792],[-106.441206,31.918646],[-106.440525,31.920685],[-106.439437,31.922256],[-106.439357,31.922345],[-106.440212,31.922941],[-106.441144,31.924142],[-106.441488,31.927713],[-106.441533,31.929976],[-106.441661,31.936114],[-106.441765,31.940638],[-106.441796,31.942313],[-106.443174,31.986784],[-106.443614,31.99933],[-106.443916071922,32.001206529737],[-106.462788584466,32.0011332774344],[-106.476664052092,32.0010794208029],[-106.513986530033,32.0009345562842],[-106.5170616312,32.0009226204998]]]},"properties":{"STATEFP":"48","COUNTYFP":"141","TRACTCE":"010211","AFFGEOID":"1400000US48141010211","GEOID":"48141010211","NAME":"102.11","NAMELSAD":"Census Tract 102.11","STUSPS":"TX","NAMELSADCO":"El Paso County","STATE_NAME":"Texas","LSAD":"CT","ALAND":79420135,"AWATER":133971}},
{"type":"Feature","geometry":{"type":"Polygon","coordinates":[[[-106.284797,31.672951],[-106.28633,31.671397],[-106.287595,31.669558],[-106.28984,31.666198],[-106.290214,31.664571],[-106.293578,31.662786],[-106.297176,31.662178],[-106.286602,31.649917],[-106.28432,31.64984],[-106.279307,31.64875],[-106.27864,31.648934],[-106.285136,31.656276],[-106.281408,31.657425],[-106.280242,31.657687],[-106.278866,31.657937],[-106.273404,31.658791],[-106.276899,31.662978],[-106.279135,31.667096],[-106.279823,31.668298],[-106.284797,31.672951]]]},"properties":{"STATEFP":"48","COUNTYFP":"141","TRACTCE":"010409","AFFGEOID":"1400000US48141010409","GEOID":"48141010409","NAME":"104.09","NAMELSAD":"Census Tract 104.09","STUSPS":"TX","NAMELSADCO":"El Paso County","STATE_NAME":"Texas","LSAD":"CT","ALAND":2616406,"AWATER":0}},
{"type":"Feature","geometry":{"type":"Polygon","coordinates":[[[-106.582664,31.925574],[-106.582671,31.915013],[-106.582677,31.9085],[-106.582678,31.908361],[-106.57922,31.90835],[-106.566463,31.907349],[-106.566255,31.907331],[-106.55797,31.905646],[-106.555662,31.905321],[-106.544626,31.904466],[-106.542873,31.904824],[-106.537859,31.906589],[-106.534674,31.907076],[-106.527038,31.907613],[-106.524858,31.907213],[-106.521925,31.905136],[-106.516887,31.89814],[-106.51485,31.896056],[-106.511131,31.893931],[-106.509956,31.892671],[-106.508457,31.889562],[-106.505754,31.886324],[-106.503929,31.883516],[-106.502714,31.882133],[-106.500644,31.880214],[-106.497236,31.878521],[-106.497217,31.883212],[-106.497206,31.883565],[-106.496454,31.908503],[-106.496239,31.915667],[-106.495131,31.948865],[-106.496733,31.955792],[-106.496234,31.961716],[-106.499136,31.971555],[-106.505639,31.980093],[-106.506801,31.98089],[-106.514441,31.986131],[-106.514542,31.990849],[-106.516443,31.993762],[-106.513977,31.997809],[-106.513981,31.999264],[-106.517134,32.000098],[-106.5170616312,32.0009226204998],[-106.562214799929,32.0007473617169],[-106.564211920473,32.0007396100369],[-106.565142,32.000736],[-106.566056,32.000759],[-106.570448009124,32.0007569959805],[-106.582131596828,32.0007516649038],[-106.582636656977,32.0007514344511],[-106.582639021187,32.0007514333723],[-106.582635,31.995777],[-106.582633,31.976756],[-106.582635,31.975871],[-106.582636,31.974554],[-106.582634,31.971328],[-106.582639,31.967726],[-106.582657,31.957711],[-106.582645,31.95472],[-106.582649,31.94998],[-106.582657,31.942351],[-106.582658,31.941891],[-106.582658,31.938222],[-106.582664,31.925574]]]},"properties":{"STATEFP":"48","COUNTYFP":"141","TRACTCE":"010220","AFFGEOID":"1400000US48141010220","GEOID":"48141010220","NAME":"102.20","NAMELSAD":"Census Tract 102.20","STUSPS":"TX","NAMELSADCO":"El Paso County","STATE_NAME":"Texas","LSAD":"CT","ALAND":85225836,"AWATER":0}},
{"type":"Feature","geometry":{"type":"Polygon","coordinates":[[[-106.318977,31.754204],[-106.318965,31.747601],[-106.319599,31.74609],[-106.324648,31.740093],[-106.324837,31.739864],[-106.315692,31.731159],[-106.315117,31.730604],[-106.30476,31.720658],[-106.302938,31.723748],[-106.302914,31.725158],[-106.302826,31.728973],[-106.301749,31.731423],[-106.301751,31.734996],[-106.301825,31.742602],[-106.301836,31.744501],[-106.30186,31.746127],[-106.301928,31.751497],[-106.305301,31.752667],[-106.308092,31.752676],[-106.310764,31.752851],[-106.315194,31.754227],[-106.318977,31.754204]]]},"properties":{"STATEFP":"48","COUNTYFP":"141","TRACTCE":"004309","AFFGEOID":"1400000US48141004309","GEOID":"48141004309","NAME":"43.09","NAMELSAD":"Census Tract 43.09","STUSPS":"TX","NAMELSADCO":"El Paso County","STATE_NAME":"Texas","LSAD":"CT","ALAND":5073803,"AWATER":0}},
{"type":"Feature","geometry":{"type":"Polygon","coordinates":[[[-106.28502,31.782647],[-106.284957,31.777029],[-106.284919,31.774145],[-106.284895,31.772049],[-106.284866,31.76734],[-106.280399,31.766942],[-106.277078,31.764533],[-106.272656,31.760991],[-106.269705,31.76073],[-106.269082,31.76074],[-106.267278,31.760774],[-106.267286,31.762238],[-106.267524,31.770604],[-106.267436,31.776362],[-106.272187,31.77663],[-106.273421,31.777319],[-106.274721,31.778405],[-106.276857,31.780146],[-106.280329,31.782545],[-106.282291,31.782673],[-106.28502,31.782647]]]},"properties":{"STATEFP":"48","COUNTYFP":"141","TRACTCE":"010328","AFFGEOID":"1400000US48141010328","GEOID":"48141010328","NAME":"103.28","NAMELSAD":"Census Tract 103.28","STUSPS":"TX","NAMELSADCO":"El Paso County","STATE_NAME":"Texas","LSAD":"CT","ALAND":2875641,"AWATER":0}},
{"type":"Feature","geometry":{"type":"Polygon","coordinates":[[[-106.288370539646,31.5861078099696],[-106.287785,31.584445],[-106.285257948653,31.5761628592582],[-106.281141,31.56267],[-106.280472,31.56175],[-106.274352,31.564901],[-106.274248,31.564954],[-106.264156,31.570167],[-106.264589,31.571019],[-106.264598,31.572009],[-106.271152,31.575048],[-106.270548,31.57613],[-106.272986,31.580024],[-106.269288,31.581072],[-106.270335,31.584581],[-106.272241,31.586583],[-106.272169,31.588095],[-106.27216,31.588123],[-106.272081,31.588595],[-106.273386,31.592384],[-106.273798,31.597761],[-106.276595,31.59721],[-106.28024,31.599498],[-106.28073,31.597176],[-106.278928,31.591805],[-106.27941,31.591579],[-106.280797,31.590059],[-106.287515,31.586316],[-106.288370539646,31.5861078099696]]]},"properties":{"STATEFP":"48","COUNTYFP":"141","TRACTCE":"010406","AFFGEOID":"1400000US48141010406","GEOID":"48141010406","NAME":"104.06","NAMELSAD":"Census Tract 104.06","STUSPS":"TX","NAMELSADCO":"El Paso County","STATE_NAME":"Texas","LSAD":"CT","ALAND":4572348,"AWATER":62461}},
{"type":"Feature","geometry":{"type":"Polygon","coordinates":[[[-106.628510973737,31.99022645748],[-106.628029,31.98977],[-106.626971,31.988947],[-106.625887,31.988149],[-106.617082,31.979822],[-106.613985,31.976526],[-106.612031,31.975286],[-106.610471,31.974601],[-106.609088,31.973656],[-106.607853,31.971487],[-106.605511,31.968909],[-106.604697,31.969125],[-106.604265,31.969262],[-106.60454,31.973961],[-106.585296,31.97402],[-106.583406,31.974731],[-106.582636,31.974554],[-106.582635,31.975871],[-106.582633,31.976756],[-106.582635,31.995777],[-106.582639021187,32.0007514333723],[-106.582678,32.0007514155868],[-106.587972,32.000749],[-106.591890839803,32.000764438983],[-106.595333,32.000778],[-106.598587847317,32.0007543713443],[-106.598639,32.000754],[-106.599096,32.000731],[-106.602725997791,32.00068681849],[-106.60657692634,32.0006399479827],[-106.607003960449,32.0006347504556],[-106.609456484088,32.0006049002452],[-106.609797948202,32.0006007442096],[-106.618486,32.000495],[-106.618582490048,31.9999170627259],[-106.618584845685,31.9999029533921],[-106.619448,31.994733],[-106.623568,31.990999],[-106.626910882875,31.9904765373494],[-106.628510973737,31.99022645748]]]},"properties":{"STATEFP":"48","COUNTYFP":"141","TRACTCE":"010203","AFFGEOID":"1400000US48141010203","GEOID":"48141010203","NAME":"102.03","NAMELSAD":"Census Tract 102.03","STUSPS":"TX","NAMELSADCO":"El Paso County","STATE_NAME":"Texas","LSAD":"CT","ALAND":10494926,"AWATER":67742}},
{"type":"Feature","geometry":{"type":"Polygon","coordinates":[[[-106.422525,31.754351],[-106.421849,31.752928],[-106.418786048659,31.7522079047629],[-106.41794,31.752009],[-106.417452975279,31.7517463701278],[-106.404146940172,31.7445710417464],[-106.403308,31.745714],[-106.398262,31.752442],[-106.399156,31.757442],[-106.396516,31.759592],[-106.396633,31.759676],[-106.398506,31.761275],[-106.400862,31.763295],[-106.401985,31.763942],[-106.403494,31.765173],[-106.404816,31.76796],[-106.405122,31.768145],[-106.406112,31.76849],[-106.408944,31.768531],[-106.408904,31.764799],[-106.414214,31.765958],[-106.414149,31.760785],[-106.414338,31.76008],[-106.412017,31.759638],[-106.415784,31.755283],[-106.418155,31.753484],[-106.418994,31.753745],[-106.422525,31.754351]]]},"properties":{"STATEFP":"48","COUNTYFP":"141","TRACTCE":"003602","AFFGEOID":"1400000US48141003602","GEOID":"48141003602","NAME":"36.02","NAMELSAD":"Census Tract 36.02","STUSPS":"TX","NAMELSADCO":"El Paso County","STATE_NAME":"Texas","LSAD":"CT","ALAND":2968662,"AWATER":199144}},
{"type":"Feature","geometry":{"type":"Polygon","coordinates":[[[-106.548641,31.868745],[-106.548774,31.862847],[-106.549454,31.861931],[-106.548244,31.860943],[-106.546538,31.85954],[-106.545193,31.860499],[-106.542815,31.86072],[-106.54127,31.860741],[-106.539779,31.861013],[-106.536567,31.860971],[-106.532296,31.859996],[-106.529917,31.861211],[-106.525887,31.860656],[-106.52352,31.858927],[-106.521766,31.859635],[-106.52063,31.857415],[-106.518725,31.857233],[-106.518519,31.8558],[-106.519005,31.85543],[-106.521465,31.854757],[-106.520095,31.853231],[-106.514877,31.853124],[-106.514862,31.852417],[-106.512574,31.852322],[-106.510581,31.853275],[-106.510322,31.852963],[-106.507065,31.855232],[-106.505344,31.857911],[-106.503947,31.858711],[-106.493647,31.86146],[-106.493867,31.863114],[-106.494863,31.868479],[-106.494943,31.868905],[-106.497236,31.878521],[-106.500644,31.880214],[-106.502714,31.882133],[-106.504726,31.880293],[-106.507652,31.880158],[-106.508593,31.879678],[-106.509508,31.877892],[-106.512007,31.875993],[-106.516706,31.875447],[-106.51899,31.873822],[-106.522964,31.872817],[-106.527074,31.870964],[-106.528541,31.870942],[-106.529637,31.870616],[-106.529358,31.869925],[-106.529158,31.869267],[-106.528967,31.86788],[-106.532156,31.86707],[-106.538038,31.868827],[-106.541014,31.869214],[-106.544371,31.868781],[-106.548641,31.868745]]]},"properties":{"STATEFP":"48","COUNTYFP":"141","TRACTCE":"010214","AFFGEOID":"1400000US48141010214","GEOID":"48141010214","NAME":"102.14","NAMELSAD":"Census Tract 102.14","STUSPS":"TX","NAMELSADCO":"El Paso County","STATE_NAME":"Texas","LSAD":"CT","ALAND":8474167,"AWATER":0}},
{"type":"Feature","geometry":{"type":"Polygon","coordinates":[[[-106.550398,31.835569],[-106.551623,31.831769],[-106.553288,31.830351],[-106.554034,31.829682],[-106.555226,31.827985],[-106.55698,31.824787],[-106.556497,31.823014],[-106.556314,31.822187],[-106.554736,31.820596],[-106.553832,31.819677],[-106.549433,31.815192],[-106.545659,31.818037],[-106.543478,31.818846],[-106.543289,31.81888],[-106.542266,31.819198],[-106.540905,31.81988],[-106.538991,31.8214],[-106.536701,31.82307],[-106.536259,31.823339],[-106.529216,31.827579],[-106.527754,31.828637],[-106.532181,31.83146],[-106.537043,31.832954],[-106.537702,31.833102],[-106.550398,31.835569]]]},"properties":{"STATEFP":"48","COUNTYFP":"141","TRACTCE":"001117","AFFGEOID":"1400000US48141001117","GEOID":"48141001117","NAME":"11.17","NAMELSAD":"Census Tract 11.17","STUSPS":"TX","NAMELSADCO":"El Paso County","STATE_NAME":"Texas","LSAD":"CT","ALAND":3429678,"AWATER":0}},
{"type":"Feature","geometry":{"type":"Polygon","coordinates":[[[-106.408964681989,32.0013528679562],[-106.408899,31.986346],[-106.40863,31.973687],[-106.399396,31.973687],[-106.399394,31.970085],[-106.397258,31.970077],[-106.396165,31.967374],[-106.388913,31.962609],[-106.38309,31.958302],[-106.377458,31.95436],[-106.367565,31.948369],[-106.374478,31.942106],[-106.373287,31.941154],[-106.364622,31.936652],[-106.343834,31.969393],[-106.323469336526,32.0014576337223],[-106.326085067213,32.0014436401352],[-106.327377040936,32.0014367283583],[-106.338841894703,32.0013753938981],[-106.343520824988,32.0013503626444],[-106.356808566918,32.0012792761313],[-106.360197796254,32.0012611444956],[-106.36095954523,32.0012570693052],[-106.376861,32.001172],[-106.377179820505,32.0011777046509],[-106.394298,32.001484],[-106.408964681989,32.0013528679562]]]},"properties":{"STATEFP":"48","COUNTYFP":"141","TRACTCE":"010224","AFFGEOID":"1400000US48141010224","GEOID":"48141010224","NAME":"102.24","NAMELSAD":"Census Tract 102.24","STUSPS":"TX","NAMELSADCO":"El Paso County","STATE_NAME":"Texas","LSAD":"CT","ALAND":33299570,"AWATER":5613}},
{"type":"Feature","geometry":{"type":"Polygon","coordinates":[[[-106.570159,31.839303],[-106.568079,31.834382],[-106.567022,31.833056],[-106.556314,31.822187],[-106.556497,31.823014],[-106.55698,31.824787],[-106.555226,31.827985],[-106.554034,31.829682],[-106.553288,31.830351],[-106.551623,31.831769],[-106.550398,31.835569],[-106.55058,31.835593],[-106.556745,31.836788],[-106.559132,31.837251],[-106.570159,31.839303]]]},"properties":{"STATEFP":"48","COUNTYFP":"141","TRACTCE":"001116","AFFGEOID":"1400000US48141001116","GEOID":"48141001116","NAME":"11.16","NAMELSAD":"Census Tract 11.16","STUSPS":"TX","NAMELSADCO":"El Paso County","STATE_NAME":"Texas","LSAD":"CT","ALAND":1594651,"AWATER":0}},
{"type":"Feature","geometry":{"type":"Polygon","coordinates":[[[-106.285201,31.617988],[-106.285876,31.61911],[-106.288667,31.623721],[-106.292027,31.629256],[-106.297093,31.637562],[-106.297811,31.638743],[-106.298377,31.638919],[-106.300845,31.638858],[-106.30248,31.636157],[-106.306046,31.634076],[-106.307625558624,31.6289456053943],[-106.303614,31.622489],[-106.303604025467,31.6224680362831],[-106.303034,31.62127],[-106.302831,31.620177],[-106.302886,31.6186],[-106.300617,31.613262],[-106.300848,31.611432],[-106.300889,31.609624],[-106.297761,31.604306],[-106.296671,31.603509],[-106.295666886883,31.6010382682874],[-106.292939,31.594326],[-106.28874,31.587157],[-106.288472650866,31.5863977844482],[-106.288370539646,31.5861078099696],[-106.287515,31.586316],[-106.280797,31.590059],[-106.27941,31.591579],[-106.278928,31.591805],[-106.28073,31.597176],[-106.28024,31.599498],[-106.276595,31.59721],[-106.273798,31.597761],[-106.273968,31.599339],[-106.277306,31.605025],[-106.277603,31.605517],[-106.278235,31.606541],[-106.280443,31.61017],[-106.280625,31.61047],[-106.285201,31.617988]]]},"properties":{"STATEFP":"48","COUNTYFP":"141","TRACTCE":"010411","AFFGEOID":"1400000US48141010411","GEOID":"48141010411","NAME":"104.11","NAMELSAD":"Census Tract 104.11","STUSPS":"TX","NAMELSADCO":"El Paso County","STATE_NAME":"Texas","LSAD":"CT","ALAND":7740572,"AWATER":598495}},
{"type":"Feature","geometry":{"type":"Polygon","coordinates":[[[-106.284117,31.701351],[-106.279235,31.697027],[-106.271393,31.690084],[-106.266932,31.686128],[-106.260976,31.69143],[-106.253397,31.697755],[-106.252146,31.698423],[-106.249698,31.699074],[-106.242112,31.69911],[-106.232984,31.699122],[-106.225654,31.699132],[-106.217789,31.699124],[-106.215752,31.699126],[-106.211891,31.699132],[-106.211898,31.699504],[-106.212218,31.701244],[-106.215916,31.706493],[-106.216194,31.708238],[-106.216277,31.708454],[-106.215935,31.710847],[-106.215847,31.71189],[-106.216075,31.722204],[-106.216094,31.725867],[-106.216054,31.726004],[-106.216066,31.726105],[-106.216148,31.732778],[-106.233301,31.735111],[-106.238605,31.737019],[-106.250363,31.739198],[-106.258592,31.740541],[-106.258756,31.740565],[-106.261463,31.741327],[-106.267087,31.742235],[-106.267028,31.741053],[-106.267039,31.74053],[-106.267129,31.736399],[-106.266862,31.726176],[-106.266863,31.724143],[-106.267379,31.721362],[-106.267855,31.720091],[-106.268751,31.718395],[-106.269827,31.716928],[-106.274507,31.711816],[-106.284117,31.701351]]]},"properties":{"STATEFP":"48","COUNTYFP":"141","TRACTCE":"010370","AFFGEOID":"1400000US48141010370","GEOID":"48141010370","NAME":"103.70","NAMELSAD":"Census Tract 103.70","STUSPS":"TX","NAMELSADCO":"El Paso County","STATE_NAME":"Texas","LSAD":"CT","ALAND":24779770,"AWATER":0}},
{"type":"Feature","geometry":{"type":"Polygon","coordinates":[[[-106.266343,31.626433],[-106.280949,31.619881],[-106.285201,31.617988],[-106.280625,31.61047],[-106.280443,31.61017],[-106.278235,31.606541],[-106.277603,31.605517],[-106.277306,31.605025],[-106.273968,31.599339],[-106.273798,31.597761],[-106.272713,31.597941],[-106.271184,31.600895],[-106.266749,31.602357],[-106.262668,31.598437],[-106.258754,31.598456],[-106.253896,31.598488],[-106.256153,31.603071],[-106.258811,31.608145],[-106.259374,31.610046],[-106.259743,31.611358],[-106.262995,31.622106],[-106.264258,31.624017],[-106.266343,31.626433]]]},"properties":{"STATEFP":"48","COUNTYFP":"141","TRACTCE":"010410","AFFGEOID":"1400000US48141010410","GEOID":"48141010410","NAME":"104.10","NAMELSAD":"Census Tract 104.10","STUSPS":"TX","NAMELSADCO":"El Paso County","STATE_NAME":"Texas","LSAD":"CT","ALAND":5133478,"AWATER":22327}},
{"type":"Feature","geometry":{"type":"Polygon","coordinates":[[[-106.216148,31.732778],[-106.216066,31.726105],[-106.216054,31.726004],[-106.216094,31.725867],[-106.216075,31.722204],[-106.215847,31.71189],[-106.215935,31.710847],[-106.216277,31.708454],[-106.216194,31.708238],[-106.215916,31.706493],[-106.212218,31.701244],[-106.211898,31.699504],[-106.211891,31.699132],[-106.198682,31.699151],[-106.198769,31.699453],[-106.198809,31.711794],[-106.197913,31.711794],[-106.191316,31.711796],[-106.181745,31.711806],[-106.147773,31.711851],[-106.147862,31.720562],[-106.198074,31.729655],[-106.199086,31.729837],[-106.199087,31.729925],[-106.216148,31.732778]]]},"properties":{"STATEFP":"48","COUNTYFP":"141","TRACTCE":"010372","AFFGEOID":"1400000US48141010372","GEOID":"48141010372","NAME":"103.72","NAMELSAD":"Census Tract 103.72","STUSPS":"TX","NAMELSADCO":"El Paso County","STATE_NAME":"Texas","LSAD":"CT","ALAND":12787275,"AWATER":0}},
{"type":"Feature","geometry":{"type":"Polygon","coordinates":[[[-106.582678,31.908361],[-106.582654,31.887352],[-106.582356,31.885306],[-106.581831,31.883158],[-106.576471,31.884076],[-106.576069,31.88404],[-106.575242,31.879496],[-106.574182,31.876056],[-106.569211,31.879018],[-106.564494,31.876649],[-106.560908,31.875202],[-106.55976,31.874392],[-106.558467,31.875242],[-106.55805,31.879448],[-106.558046,31.879508],[-106.557631,31.884833],[-106.557111,31.892007],[-106.556792,31.898485],[-106.55797,31.905646],[-106.566255,31.907331],[-106.566463,31.907349],[-106.57922,31.90835],[-106.582678,31.908361]]]},"properties":{"STATEFP":"48","COUNTYFP":"141","TRACTCE":"010226","AFFGEOID":"1400000US48141010226","GEOID":"48141010226","NAME":"102.26","NAMELSAD":"Census Tract 102.26","STUSPS":"TX","NAMELSADCO":"El Paso County","STATE_NAME":"Texas","LSAD":"CT","ALAND":7588871,"AWATER":0}},
{"type":"Feature","geometry":{"type":"Polygon","coordinates":[[[-106.267278,31.760774],[-106.267356,31.75497],[-106.267346,31.753927],[-106.26728,31.748652],[-106.267242,31.745447],[-106.267087,31.742235],[-106.261463,31.741327],[-106.258756,31.740565],[-106.258592,31.740541],[-106.250363,31.739198],[-106.238605,31.737019],[-106.233301,31.735111],[-106.216148,31.732778],[-106.216404,31.754973],[-106.216436,31.755769],[-106.217033,31.75517],[-106.230377,31.755135],[-106.231096,31.755006],[-106.248853,31.755036],[-106.249248,31.767582],[-106.249306,31.769326],[-106.249851,31.769677],[-106.249879,31.77269],[-106.251847,31.774944],[-106.252915,31.775798],[-106.255476,31.7734],[-106.256956,31.772055],[-106.260796,31.76845],[-106.266877,31.762813],[-106.267286,31.762238],[-106.267278,31.760774]]]},"properties":{"STATEFP":"48","COUNTYFP":"141","TRACTCE":"010366","AFFGEOID":"1400000US48141010366","GEOID":"48141010366","NAME":"103.66","NAMELSAD":"Census Tract 103.66","STUSPS":"TX","NAMELSADCO":"El Paso County","STATE_NAME":"Texas","LSAD":"CT","ALAND":12335500,"AWATER":0}},
{"type":"Feature","geometry":{"type":"Polygon","coordinates":[[[-106.267784,31.806627],[-106.267787,31.806365],[-106.267819,31.798162],[-106.267818,31.798053],[-106.267608,31.792372],[-106.259686,31.792408],[-106.259679,31.792281],[-106.257173,31.792337],[-106.255496,31.79266],[-106.251755,31.794494],[-106.247597,31.796108],[-106.248918,31.797661],[-106.251075,31.79802],[-106.252674,31.798027],[-106.25281,31.80833],[-106.25285,31.808587],[-106.260055,31.807651],[-106.267496,31.806663],[-106.267673,31.806641],[-106.267784,31.806627]]]},"properties":{"STATEFP":"48","COUNTYFP":"141","TRACTCE":"010355","AFFGEOID":"1400000US48141010355","GEOID":"48141010355","NAME":"103.55","NAMELSAD":"Census Tract 103.55","STUSPS":"TX","NAMELSADCO":"El Paso County","STATE_NAME":"Texas","LSAD":"CT","ALAND":2522893,"AWATER":0}},
{"type":"Feature","geometry":{"type":"Polygon","coordinates":[[[-106.314843,31.707286],[-106.315586,31.706603],[-106.311974,31.704852],[-106.307526,31.69954],[-106.297824,31.689304],[-106.294026,31.69339],[-106.297414,31.696943],[-106.298668,31.697736],[-106.300162,31.698422],[-106.301363,31.699099],[-106.302386,31.700486],[-106.301537,31.701753],[-106.301649,31.702356],[-106.302599,31.703797],[-106.303004,31.704262],[-106.30432,31.703861],[-106.305891,31.70538],[-106.308685,31.70516],[-106.311467,31.705685],[-106.314843,31.707286]]]},"properties":{"STATEFP":"48","COUNTYFP":"141","TRACTCE":"004007","AFFGEOID":"1400000US48141004007","GEOID":"48141004007","NAME":"40.07","NAMELSAD":"Census Tract 40.07","STUSPS":"TX","NAMELSADCO":"El Paso County","STATE_NAME":"Texas","LSAD":"CT","ALAND":1125659,"AWATER":0}},
{"type":"Feature","geometry":{"type":"Polygon","coordinates":[[[-106.285151,31.798036],[-106.28509,31.791475],[-106.280629,31.791305],[-106.276391,31.792313],[-106.267608,31.792372],[-106.267818,31.798053],[-106.271942,31.798183],[-106.277734,31.798003],[-106.277964,31.798],[-106.279996,31.798051],[-106.285151,31.798036]]]},"properties":{"STATEFP":"48","COUNTYFP":"141","TRACTCE":"010350","AFFGEOID":"1400000US48141010350","GEOID":"48141010350","NAME":"103.50","NAMELSAD":"Census Tract 103.50","STUSPS":"TX","NAMELSADCO":"El Paso County","STATE_NAME":"Texas","LSAD":"CT","ALAND":1108849,"AWATER":0}},
{"type":"Feature","geometry":{"type":"Polygon","coordinates":[[[-106.44976,31.851442],[-106.452819,31.851383],[-106.452658,31.847305],[-106.453349,31.847064],[-106.453479,31.846213],[-106.453943,31.844777],[-106.452371,31.844817],[-106.452262,31.841087],[-106.452402,31.834758],[-106.451322,31.834677],[-106.445307,31.834794],[-106.440698,31.834868],[-106.439933,31.835018],[-106.439191,31.834939],[-106.439074,31.830924],[-106.439029,31.83064],[-106.43897,31.830164],[-106.438981,31.82759],[-106.438346,31.825954],[-106.43757,31.825971],[-106.43484,31.825929],[-106.42904,31.835066],[-106.421604,31.846806],[-106.422461,31.846962],[-106.422502,31.848925],[-106.422785,31.848932],[-106.439571,31.848501],[-106.439649,31.851655],[-106.44007,31.851943],[-106.440142,31.851916],[-106.440457,31.851713],[-106.440972,31.851598],[-106.44976,31.851442]]]},"properties":{"STATEFP":"48","COUNTYFP":"141","TRACTCE":"010602","AFFGEOID":"1400000US48141010602","GEOID":"48141010602","NAME":"106.02","NAMELSAD":"Census Tract 106.02","STUSPS":"TX","NAMELSADCO":"El Paso County","STATE_NAME":"Texas","LSAD":"CT","ALAND":5071222,"AWATER":0}},
{"type":"Feature","geometry":{"type":"Polygon","coordinates":[[[-106.455686,31.825676],[-106.456754,31.825191],[-106.46164,31.824606],[-106.462947,31.824178],[-106.464343,31.823158],[-106.46433,31.818264],[-106.463108,31.818284],[-106.461413,31.818284],[-106.455829,31.818266],[-106.455854,31.82147],[-106.452212,31.821517],[-106.446155,31.821634],[-106.444644,31.821655],[-106.442933,31.821691],[-106.44297,31.81906],[-106.440154,31.819057],[-106.439514,31.819059],[-106.439108,31.81906],[-106.437371,31.821926],[-106.43484,31.825929],[-106.43757,31.825971],[-106.438346,31.825954],[-106.445002,31.825837],[-106.455686,31.825676]]]},"properties":{"STATEFP":"48","COUNTYFP":"141","TRACTCE":"010601","AFFGEOID":"1400000US48141010601","GEOID":"48141010601","NAME":"106.01","NAMELSAD":"Census Tract 106.01","STUSPS":"TX","NAMELSADCO":"El Paso County","STATE_NAME":"Texas","LSAD":"CT","ALAND":1568045,"AWATER":0}},
{"type":"Feature","geometry":{"type":"Polygon","coordinates":[[[-106.442248,31.803718],[-106.442396,31.803144],[-106.443126,31.801254],[-106.441361,31.801314],[-106.440918,31.801308],[-106.438835,31.80125],[-106.43609,31.801259],[-106.431305,31.797017],[-106.430693,31.797011],[-106.430712,31.79495],[-106.426158,31.792448],[-106.420071,31.7891],[-106.417618,31.789104],[-106.415314,31.789173],[-106.416668,31.791193],[-106.409777,31.791146],[-106.409651,31.793014],[-106.40484,31.791515],[-106.404213,31.793182],[-106.404183,31.794626],[-106.404252,31.79487],[-106.404388,31.797783],[-106.404392,31.798072],[-106.416759,31.807657],[-106.420178,31.81039],[-106.421255,31.811754],[-106.421568,31.813069],[-106.42746,31.812992],[-106.430897,31.812639],[-106.439319,31.81261],[-106.439356,31.812606],[-106.441002,31.812584],[-106.442136,31.804323],[-106.442248,31.803718]]]},"properties":{"STATEFP":"48","COUNTYFP":"141","TRACTCE":"010103","AFFGEOID":"1400000US48141010103","GEOID":"48141010103","NAME":"101.03","NAMELSAD":"Census Tract 101.03","STUSPS":"TX","NAMELSADCO":"El Paso County","STATE_NAME":"Texas","LSAD":"CT","ALAND":5935328,"AWATER":0}},
{"type":"Feature","geometry":{"type":"Polygon","coordinates":[[[-106.1447,31.512655],[-106.142349,31.510453],[-106.142349,31.509559],[-106.142365,31.50708],[-106.142388,31.502092],[-106.142854,31.50199],[-106.149137,31.496921],[-106.148115,31.495874],[-106.149211,31.494868],[-106.145197,31.491571],[-106.127145,31.476721],[-106.106415,31.459884],[-106.095932,31.451424],[-106.095218,31.450849],[-106.094784,31.450422],[-106.088346,31.445667],[-106.086062,31.447881],[-106.085582,31.448331],[-106.083003,31.450711],[-106.056614,31.46204],[-106.052737,31.464862],[-106.059331,31.470993],[-106.062178,31.473186],[-106.064967,31.474932],[-106.103687,31.496156],[-106.105926,31.497386],[-106.117855,31.503942],[-106.120144,31.505588],[-106.122338,31.507846],[-106.128705,31.51605],[-106.128771,31.51614],[-106.131252,31.519374],[-106.135742,31.516907],[-106.1447,31.512655]]]},"properties":{"STATEFP":"48","COUNTYFP":"141","TRACTCE":"010506","AFFGEOID":"1400000US48141010506","GEOID":"48141010506","NAME":"105.06","NAMELSAD":"Census Tract 105.06","STUSPS":"TX","NAMELSADCO":"El Paso County","STATE_NAME":"Texas","LSAD":"CT","ALAND":29555980,"AWATER":0}},
{"type":"Feature","geometry":{"type":"Polygon","coordinates":[[[-106.55797,31.905646],[-106.556792,31.898485],[-106.557111,31.892007],[-106.557631,31.884833],[-106.558046,31.879508],[-106.556394,31.87944],[-106.551356,31.880423],[-106.549332,31.88158],[-106.548478,31.880181],[-106.548393,31.879429],[-106.548392,31.877036],[-106.548423,31.8753],[-106.548624,31.874621],[-106.548641,31.868745],[-106.544371,31.868781],[-106.541014,31.869214],[-106.538038,31.868827],[-106.532156,31.86707],[-106.528967,31.86788],[-106.529158,31.869267],[-106.529358,31.869925],[-106.529637,31.870616],[-106.528541,31.870942],[-106.527074,31.870964],[-106.522964,31.872817],[-106.51899,31.873822],[-106.516706,31.875447],[-106.512007,31.875993],[-106.509508,31.877892],[-106.508593,31.879678],[-106.507652,31.880158],[-106.504726,31.880293],[-106.502714,31.882133],[-106.503929,31.883516],[-106.505754,31.886324],[-106.508457,31.889562],[-106.509956,31.892671],[-106.511131,31.893931],[-106.51485,31.896056],[-106.516887,31.89814],[-106.521925,31.905136],[-106.524858,31.907213],[-106.527038,31.907613],[-106.534674,31.907076],[-106.537859,31.906589],[-106.542873,31.904824],[-106.544626,31.904466],[-106.555662,31.905321],[-106.55797,31.905646]]]},"properties":{"STATEFP":"48","COUNTYFP":"141","TRACTCE":"010213","AFFGEOID":"1400000US48141010213","GEOID":"48141010213","NAME":"102.13","NAMELSAD":"Census Tract 102.13","STUSPS":"TX","NAMELSADCO":"El Paso County","STATE_NAME":"Texas","LSAD":"CT","ALAND":16021231,"AWATER":0}},
{"type":"Feature","geometry":{"type":"Polygon","coordinates":[[[-106.179718,31.65547],[-106.178493,31.653829],[-106.182558,31.652234],[-106.184336,31.651028],[-106.184356,31.654014],[-106.185429,31.65402],[-106.191655,31.654041],[-106.197154,31.654044],[-106.19818,31.654041],[-106.215242,31.654081],[-106.234989,31.654297],[-106.234366,31.653488],[-106.234762,31.653355],[-106.225306,31.641165],[-106.223929,31.639393],[-106.21833,31.632177],[-106.210859,31.622544],[-106.193551,31.600223],[-106.189388,31.59485],[-106.146591,31.597756],[-106.14689,31.616944],[-106.146629,31.618131],[-106.146654,31.624806],[-106.147009,31.62697],[-106.147147,31.639525],[-106.147186,31.654149],[-106.162726,31.654028],[-106.166828,31.654324],[-106.168329,31.655351],[-106.172109,31.65809],[-106.173764,31.658442],[-106.177112,31.656831],[-106.179718,31.65547]]]},"properties":{"STATEFP":"48","COUNTYFP":"141","TRACTCE":"010334","AFFGEOID":"1400000US48141010334","GEOID":"48141010334","NAME":"103.34","NAMELSAD":"Census Tract 103.34","STUSPS":"TX","NAMELSADCO":"El Paso County","STATE_NAME":"Texas","LSAD":"CT","ALAND":40412570,"AWATER":0}},
{"type":"Feature","geometry":{"type":"Polygon","coordinates":[[[-106.407141,31.773664],[-106.40881,31.771372],[-106.410999,31.772776],[-106.4143,31.772099],[-106.414254,31.769114],[-106.414252,31.768827],[-106.413472,31.768521],[-106.408944,31.768531],[-106.406112,31.76849],[-106.405122,31.768145],[-106.404816,31.76796],[-106.403494,31.765173],[-106.401985,31.763942],[-106.400862,31.763295],[-106.398506,31.761275],[-106.396633,31.759676],[-106.396516,31.759592],[-106.394914,31.758217],[-106.394088,31.757198],[-106.387908,31.751957],[-106.375816,31.741751],[-106.375096,31.741743],[-106.372761,31.741719],[-106.364911,31.741662],[-106.3643,31.741812],[-106.362636,31.74251],[-106.365211,31.743349],[-106.365503,31.743859],[-106.367476,31.746171],[-106.365389,31.748154],[-106.365169,31.749981],[-106.365177,31.751577],[-106.365195,31.753168],[-106.36521,31.753671],[-106.366923,31.753649],[-106.367635,31.753693],[-106.373642,31.756688],[-106.373431,31.758088],[-106.376086,31.761031],[-106.375559,31.762041],[-106.371075,31.768155],[-106.370653,31.768397],[-106.371736,31.76901],[-106.377265,31.771598],[-106.392559,31.778647],[-106.392635,31.778682],[-106.397765,31.781069],[-106.397986,31.781171],[-106.401283,31.78227],[-106.406965,31.781703],[-106.406828,31.780916],[-106.406783,31.780428],[-106.401773,31.781039],[-106.407141,31.773664]]]},"properties":{"STATEFP":"48","COUNTYFP":"141","TRACTCE":"003501","AFFGEOID":"1400000US48141003501","GEOID":"48141003501","NAME":"35.01","NAMELSAD":"Census Tract 35.01","STUSPS":"TX","NAMELSADCO":"El Paso County","STATE_NAME":"Texas","LSAD":"CT","ALAND":9235054,"AWATER":54106}},
{"type":"Feature","geometry":{"type":"Polygon","coordinates":[[[-106.363528,31.731912],[-106.361985,31.729288],[-106.363831,31.727493],[-106.363805,31.7247],[-106.363792,31.723189],[-106.363334,31.721261],[-106.363885,31.718783],[-106.364386,31.718121],[-106.36643,31.713732],[-106.36787,31.711545],[-106.36812,31.711169],[-106.367995,31.711114],[-106.368320650255,31.7095299349061],[-106.357006,31.702187],[-106.356175,31.702315],[-106.350122,31.703769],[-106.349225,31.70396],[-106.356184,31.708293],[-106.356542,31.709419],[-106.357109,31.711284],[-106.357055,31.71212],[-106.356856,31.713319],[-106.356353,31.714559],[-106.355907,31.715651],[-106.356708,31.715883],[-106.355514,31.718909],[-106.356088,31.719287],[-106.355717,31.719398],[-106.353762,31.720485],[-106.353269,31.720767],[-106.352,31.722099],[-106.363528,31.731912]]]},"properties":{"STATEFP":"48","COUNTYFP":"141","TRACTCE":"003803","AFFGEOID":"1400000US48141003803","GEOID":"48141003803","NAME":"38.03","NAMELSAD":"Census Tract 38.03","STUSPS":"TX","NAMELSADCO":"El Paso County","STATE_NAME":"Texas","LSAD":"CT","ALAND":2581021,"AWATER":11727}},
{"type":"Feature","geometry":{"type":"Polygon","coordinates":[[[-106.432317,31.913604],[-106.432611,31.912206],[-106.433707,31.910808],[-106.433783,31.910265],[-106.433758,31.909548],[-106.433691,31.90669],[-106.433635,31.904433],[-106.435302,31.90074],[-106.434943,31.898532],[-106.43318,31.898598],[-106.429773,31.898604],[-106.428945,31.898584],[-106.426081,31.898583],[-106.424325,31.898708],[-106.424418,31.902813],[-106.423627,31.902822],[-106.42378,31.90537],[-106.423787,31.90835],[-106.423805,31.910536],[-106.424052,31.913762],[-106.432317,31.913604]]]},"properties":{"STATEFP":"48","COUNTYFP":"141","TRACTCE":"000112","AFFGEOID":"1400000US48141000112","GEOID":"48141000112","NAME":"1.12","NAMELSAD":"Census Tract 1.12","STUSPS":"TX","NAMELSADCO":"El Paso County","STATE_NAME":"Texas","LSAD":"CT","ALAND":1570493,"AWATER":0}},
{"type":"Feature","geometry":{"type":"Polygon","coordinates":[[[-106.406835,31.89883],[-106.406741,31.898413],[-106.406679,31.895562],[-106.406603,31.891989],[-106.406455,31.88477],[-106.406356,31.880717],[-106.40626,31.876749],[-106.406222,31.871801],[-106.406135,31.871217],[-106.39752,31.884806],[-106.388574,31.898914],[-106.394025,31.898948],[-106.39934,31.898948],[-106.406835,31.89883]]]},"properties":{"STATEFP":"48","COUNTYFP":"141","TRACTCE":"000204","AFFGEOID":"1400000US48141000204","GEOID":"48141000204","NAME":"2.04","NAMELSAD":"Census Tract 2.04","STUSPS":"TX","NAMELSADCO":"El Paso County","STATE_NAME":"Texas","LSAD":"CT","ALAND":2647092,"AWATER":0}},
{"type":"Feature","geometry":{"type":"Polygon","coordinates":[[[-106.394602172682,31.7394239907643],[-106.393357167824,31.7387526173149],[-106.385806164653,31.7346807110766],[-106.385690233474,31.7346181947619],[-106.384528,31.735175],[-106.382638,31.735199],[-106.380828,31.735381],[-106.378094,31.735906],[-106.377721,31.734658],[-106.369763,31.735548],[-106.372864,31.738045],[-106.371794,31.738943],[-106.375096,31.741743],[-106.375816,31.741751],[-106.387908,31.751957],[-106.388919,31.750931],[-106.386781,31.749213],[-106.391835,31.743054],[-106.394602172682,31.7394239907643]]]},"properties":{"STATEFP":"48","COUNTYFP":"141","TRACTCE":"003702","AFFGEOID":"1400000US48141003702","GEOID":"48141003702","NAME":"37.02","NAMELSAD":"Census Tract 37.02","STUSPS":"TX","NAMELSADCO":"El Paso County","STATE_NAME":"Texas","LSAD":"CT","ALAND":2134645,"AWATER":10361}},
{"type":"Feature","geometry":{"type":"Polygon","coordinates":[[[-106.428248,31.86986],[-106.427675,31.869854],[-106.423177,31.869933],[-106.41719,31.870042],[-106.415203,31.870077],[-106.407224,31.870223],[-106.406896,31.870017],[-106.406135,31.871217],[-106.406222,31.871801],[-106.40626,31.876749],[-106.406356,31.880717],[-106.412763,31.880602],[-106.412693,31.877379],[-106.41693,31.877308],[-106.421524,31.877828],[-106.422634,31.878352],[-106.42329,31.877352],[-106.423488,31.877062],[-106.423532,31.876997],[-106.428248,31.86986]]]},"properties":{"STATEFP":"48","COUNTYFP":"141","TRACTCE":"000206","AFFGEOID":"1400000US48141000206","GEOID":"48141000206","NAME":"2.06","NAMELSAD":"Census Tract 2.06","STUSPS":"TX","NAMELSADCO":"El Paso County","STATE_NAME":"Texas","LSAD":"CT","ALAND":1740028,"AWATER":0}},
{"type":"Feature","geometry":{"type":"Polygon","coordinates":[[[-106.494943,31.868905],[-106.494863,31.868479],[-106.493867,31.863114],[-106.493647,31.86146],[-106.493743,31.850705],[-106.491796,31.848627],[-106.489275,31.842642],[-106.486614,31.842154],[-106.483809,31.840065],[-106.482472,31.83803],[-106.480623,31.836487],[-106.478735,31.836494],[-106.476092,31.83293],[-106.475396,31.826355],[-106.475543,31.82474],[-106.475354,31.824116],[-106.47426,31.823108],[-106.472123,31.822135],[-106.471067,31.821874],[-106.467968,31.821788],[-106.465726,31.821798],[-106.465522,31.821791],[-106.465844,31.820944],[-106.465905,31.819007],[-106.465893,31.818263],[-106.46433,31.818264],[-106.464343,31.823158],[-106.462947,31.824178],[-106.46164,31.824606],[-106.456754,31.825191],[-106.455686,31.825676],[-106.454661,31.826679],[-106.454147,31.828379],[-106.454184,31.830182],[-106.454402,31.832487],[-106.457268,31.837057],[-106.457379,31.838646],[-106.45695,31.840373],[-106.453943,31.844777],[-106.453479,31.846213],[-106.453349,31.847064],[-106.452658,31.847305],[-106.452819,31.851383],[-106.44976,31.851442],[-106.449804,31.853158],[-106.449876,31.856185],[-106.44998,31.860544],[-106.450204,31.869478],[-106.453545,31.869409],[-106.45373,31.869381],[-106.456563,31.869325],[-106.45704,31.869401],[-106.490329,31.868508],[-106.490341,31.869298],[-106.494678,31.868927],[-106.494943,31.868905]]]},"properties":{"STATEFP":"48","COUNTYFP":"141","TRACTCE":"000401","AFFGEOID":"1400000US48141000401","GEOID":"48141000401","NAME":"4.01","NAMELSAD":"Census Tract 4.01","STUSPS":"TX","NAMELSADCO":"El Paso County","STATE_NAME":"Texas","LSAD":"CT","ALAND":16373007,"AWATER":3207}},
{"type":"Feature","geometry":{"type":"Polygon","coordinates":[[[-106.465893,31.818263],[-106.465841,31.813946],[-106.462819,31.813959],[-106.46132,31.813091],[-106.453757,31.813064],[-106.44922,31.813049],[-106.447712,31.813045],[-106.4462,31.813039],[-106.444239,31.812997],[-106.442656,31.812597],[-106.441892,31.812581],[-106.441611,31.812586],[-106.441002,31.812584],[-106.440583,31.814834],[-106.439843,31.817349],[-106.439108,31.81906],[-106.439514,31.819059],[-106.440154,31.819057],[-106.44297,31.81906],[-106.442933,31.821691],[-106.444644,31.821655],[-106.446155,31.821634],[-106.452212,31.821517],[-106.455854,31.82147],[-106.455829,31.818266],[-106.461413,31.818284],[-106.463108,31.818284],[-106.46433,31.818264],[-106.465893,31.818263]]]},"properties":{"STATEFP":"48","COUNTYFP":"141","TRACTCE":"000800","AFFGEOID":"1400000US48141000800","GEOID":"48141000800","NAME":"8","NAMELSAD":"Census Tract 8","STUSPS":"TX","NAMELSADCO":"El Paso County","STATE_NAME":"Texas","LSAD":"CT","ALAND":1856509,"AWATER":0}},
{"type":"Feature","geometry":{"type":"Polygon","coordinates":[[[-106.541804,31.852374],[-106.540117,31.849104],[-106.537117,31.846997],[-106.536082,31.844836],[-106.535649,31.84337],[-106.534541,31.842148],[-106.533943,31.840618],[-106.533393,31.840152],[-106.527866,31.838628],[-106.526405,31.838196],[-106.522584,31.842249],[-106.514074,31.844514],[-106.513629,31.844781],[-106.511208,31.848172],[-106.51033,31.848959],[-106.510087,31.849367],[-106.510322,31.852963],[-106.510581,31.853275],[-106.512574,31.852322],[-106.514862,31.852417],[-106.514877,31.853124],[-106.520095,31.853231],[-106.521465,31.854757],[-106.519005,31.85543],[-106.518519,31.8558],[-106.518725,31.857233],[-106.52063,31.857415],[-106.524147,31.855381],[-106.52929,31.854341],[-106.531847,31.854398],[-106.533383,31.853455],[-106.534723,31.852992],[-106.541804,31.852374]]]},"properties":{"STATEFP":"48","COUNTYFP":"141","TRACTCE":"001109","AFFGEOID":"1400000US48141001109","GEOID":"48141001109","NAME":"11.09","NAMELSAD":"Census Tract 11.09","STUSPS":"TX","NAMELSADCO":"El Paso County","STATE_NAME":"Texas","LSAD":"CT","ALAND":3517050,"AWATER":0}},
{"type":"Feature","geometry":{"type":"Polygon","coordinates":[[[-106.447249,31.796053],[-106.448648,31.794428],[-106.449524,31.79341],[-106.449509,31.790802],[-106.449546,31.786706],[-106.449568,31.783677],[-106.443517,31.783639],[-106.441361,31.783638],[-106.441135,31.783638],[-106.437467,31.783601],[-106.437451,31.785636],[-106.432878,31.785608],[-106.431597,31.785597],[-106.431568,31.786966],[-106.431554,31.788553],[-106.431484,31.791862],[-106.43133,31.795217],[-106.431305,31.797017],[-106.43609,31.801259],[-106.438835,31.80125],[-106.440918,31.801308],[-106.441361,31.801314],[-106.443126,31.801254],[-106.444141,31.799671],[-106.447249,31.796053]]]},"properties":{"STATEFP":"48","COUNTYFP":"141","TRACTCE":"002500","AFFGEOID":"1400000US48141002500","GEOID":"48141002500","NAME":"25","NAMELSAD":"Census Tract 25","STUSPS":"TX","NAMELSADCO":"El Paso County","STATE_NAME":"Texas","LSAD":"CT","ALAND":2841123,"AWATER":0}},
{"type":"Feature","geometry":{"type":"Polygon","coordinates":[[[-106.486274,31.786574],[-106.487484,31.783116],[-106.491768,31.779709],[-106.491955,31.777459],[-106.491709,31.775348],[-106.494171,31.772484],[-106.49653,31.770976],[-106.495893,31.770255],[-106.495047,31.770804],[-106.494201,31.771348],[-106.491651,31.772986],[-106.490377,31.771529],[-106.488681,31.772623],[-106.487579,31.775142],[-106.486138,31.776193],[-106.483772,31.773502],[-106.481858,31.771332],[-106.477028,31.77444],[-106.475825,31.77521],[-106.473476,31.773319],[-106.473455,31.776737],[-106.473508,31.777822],[-106.473554,31.783252],[-106.473548,31.78735],[-106.473445,31.787772],[-106.470502,31.787767],[-106.470498,31.789588],[-106.470484,31.791394],[-106.468974,31.792294],[-106.470656,31.792383],[-106.47331,31.791057],[-106.474873,31.788946],[-106.475124,31.788172],[-106.475617,31.787749],[-106.475878,31.786382],[-106.479069,31.783242],[-106.480336,31.782535],[-106.483763,31.785897],[-106.486274,31.786574]]]},"properties":{"STATEFP":"48","COUNTYFP":"141","TRACTCE":"002201","AFFGEOID":"1400000US48141002201","GEOID":"48141002201","NAME":"22.01","NAMELSAD":"Census Tract 22.01","STUSPS":"TX","NAMELSADCO":"El Paso County","STATE_NAME":"Texas","LSAD":"CT","ALAND":2260325,"AWATER":44370}},
{"type":"Feature","geometry":{"type":"Polygon","coordinates":[[[-106.267608,31.792372],[-106.267689,31.786136],[-106.267665,31.783906],[-106.267436,31.776362],[-106.262134,31.77625],[-106.260751,31.776974],[-106.25811,31.779785],[-106.253449,31.78409],[-106.252496,31.784363],[-106.253264,31.787319],[-106.255179,31.788622],[-106.255496,31.79266],[-106.257173,31.792337],[-106.259679,31.792281],[-106.259686,31.792408],[-106.267608,31.792372]]]},"properties":{"STATEFP":"48","COUNTYFP":"141","TRACTCE":"010352","AFFGEOID":"1400000US48141010352","GEOID":"48141010352","NAME":"103.52","NAMELSAD":"Census Tract 103.52","STUSPS":"TX","NAMELSADCO":"El Paso County","STATE_NAME":"Texas","LSAD":"CT","ALAND":2009629,"AWATER":0}},
{"type":"Feature","geometry":{"type":"Polygon","coordinates":[[[-106.631315897573,31.8790348280725],[-106.631344967303,31.878997588278],[-106.634873,31.874478],[-106.63588,31.871514],[-106.635926,31.866235],[-106.633981407882,31.8648835108733],[-106.633548142476,31.8645823919499],[-106.629701387774,31.8619089021707],[-106.627808,31.860593],[-106.625763,31.856276],[-106.621857,31.852854],[-106.614637,31.84649],[-106.612810724434,31.8464515717721],[-106.605845,31.846305],[-106.605746,31.846239],[-106.605949,31.84674],[-106.606455,31.851749],[-106.603916,31.864546],[-106.603903,31.864623],[-106.603681,31.865854],[-106.603115,31.868978],[-106.604202,31.873798],[-106.602939,31.877363],[-106.601979,31.878696],[-106.605822,31.879629],[-106.607109,31.879804],[-106.610511,31.879857],[-106.610736,31.879862],[-106.616067,31.879872],[-106.621749,31.879133],[-106.625508,31.879088],[-106.625897,31.879089],[-106.631315897573,31.8790348280725]]]},"properties":{"STATEFP":"48","COUNTYFP":"141","TRACTCE":"010229","AFFGEOID":"1400000US48141010229","GEOID":"48141010229","NAME":"102.29","NAMELSAD":"Census Tract 102.29","STUSPS":"TX","NAMELSADCO":"El Paso County","STATE_NAME":"Texas","LSAD":"CT","ALAND":8312353,"AWATER":82075}},
{"type":"Feature","geometry":{"type":"Polygon","coordinates":[[[-106.286616,31.74386],[-106.290412,31.739866],[-106.291871,31.737949],[-106.288262,31.735978],[-106.28457,31.733176],[-106.28139,31.731277],[-106.278757,31.729709],[-106.275403,31.727757],[-106.272959,31.726544],[-106.267456,31.726172],[-106.266862,31.726176],[-106.267129,31.736399],[-106.267039,31.74053],[-106.267028,31.741053],[-106.267445,31.741045],[-106.268032,31.741137],[-106.272785,31.739686],[-106.276286,31.739653],[-106.28117,31.739763],[-106.282144,31.740376],[-106.284442,31.742319],[-106.286616,31.74386]]]},"properties":{"STATEFP":"48","COUNTYFP":"141","TRACTCE":"010337","AFFGEOID":"1400000US48141010337","GEOID":"48141010337","NAME":"103.37","NAMELSAD":"Census Tract 103.37","STUSPS":"TX","NAMELSADCO":"El Paso County","STATE_NAME":"Texas","LSAD":"CT","ALAND":2596199,"AWATER":0}},
{"type":"Feature","geometry":{"type":"Polygon","coordinates":[[[-106.421604,31.846806],[-106.42904,31.835066],[-106.43484,31.825929],[-106.421903,31.826441],[-106.407387,31.826306],[-106.405556,31.825635],[-106.405141,31.825435],[-106.40464,31.824976],[-106.404508,31.819861],[-106.404508,31.819826],[-106.403189,31.819526],[-106.388691,31.819856],[-106.381393,31.820087],[-106.378519,31.820602],[-106.376089,31.821814],[-106.371563,31.82494],[-106.36636,31.828185],[-106.364043,31.829846],[-106.362254,31.831138],[-106.358575,31.834265],[-106.352716,31.83852],[-106.348519,31.840443],[-106.345409,31.840848],[-106.330856,31.840999],[-106.329852,31.79847],[-106.322854,31.799375],[-106.318483,31.799969],[-106.310599,31.801009],[-106.302517,31.802066],[-106.293935,31.803205],[-106.292547,31.803384],[-106.285335,31.804334],[-106.278221,31.805262],[-106.272771,31.805982],[-106.267784,31.806627],[-106.267747,31.807485],[-106.268189,31.811792],[-106.268307,31.815357],[-106.268975,31.817006],[-106.270974,31.818877],[-106.272915,31.819661],[-106.285449,31.823724],[-106.285181,31.840678],[-106.267275,31.840453],[-106.267365,31.855735],[-106.233806,31.855761],[-106.233838,31.840376],[-106.243613,31.840398],[-106.243789,31.833837],[-106.243843,31.826753],[-106.234213,31.826666],[-106.225281,31.826677],[-106.204926,31.826657],[-106.200103,31.826625],[-106.200325,31.856969],[-106.20074,31.884666],[-106.199771,31.884665],[-106.166991,31.884641],[-106.120085,31.884664],[-106.099451,31.884634],[-106.099475,31.890484],[-106.099924,31.891558],[-106.099706,31.951846],[-106.100437,31.966579],[-106.100261,31.975793],[-106.099737346294,32.0024915331095],[-106.125534,32.002533],[-106.18184,32.00205],[-106.200682849113,32.0017852269466],[-106.200699,32.001785],[-106.205915,32.001762],[-106.267860017969,32.0016177969449],[-106.313307,32.001512],[-106.323144081837,32.0014593737637],[-106.323369075398,32.0014581700974],[-106.323469336526,32.0014576337223],[-106.343834,31.969393],[-106.364622,31.936652],[-106.370643,31.927172],[-106.384007,31.906116],[-106.388371,31.89923],[-106.388574,31.898914],[-106.39752,31.884806],[-106.406135,31.871217],[-106.406896,31.870017],[-106.416211,31.855343],[-106.420259,31.848932],[-106.421604,31.846806]]]},"properties":{"STATEFP":"48","COUNTYFP":"141","TRACTCE":"010101","AFFGEOID":"1400000US48141010101","GEOID":"48141010101","NAME":"101.01","NAMELSAD":"Census Tract 101.01","STUSPS":"TX","NAMELSADCO":"El Paso County","STATE_NAME":"Texas","LSAD":"CT","ALAND":452201443,"AWATER":1020545}},
{"type":"Feature","geometry":{"type":"Polygon","coordinates":[[[-106.273798,31.597761],[-106.273386,31.592384],[-106.271449,31.592373],[-106.266896,31.594475],[-106.263128,31.593786],[-106.258731,31.593821],[-106.253175,31.593857],[-106.251677,31.594012],[-106.253896,31.598488],[-106.258754,31.598456],[-106.262668,31.598437],[-106.266749,31.602357],[-106.271184,31.600895],[-106.272713,31.597941],[-106.273798,31.597761]]]},"properties":{"STATEFP":"48","COUNTYFP":"141","TRACTCE":"010413","AFFGEOID":"1400000US48141010413","GEOID":"48141010413","NAME":"104.13","NAMELSAD":"Census Tract 104.13","STUSPS":"TX","NAMELSADCO":"El Paso County","STATE_NAME":"Texas","LSAD":"CT","ALAND":1301440,"AWATER":0}},
{"type":"Feature","geometry":{"type":"Polygon","coordinates":[[[-106.581831,31.883158],[-106.580943,31.879549],[-106.580916,31.87944],[-106.577937,31.867305],[-106.577039,31.863622],[-106.567724,31.863458],[-106.563017,31.859893],[-106.561078,31.859528],[-106.557974,31.859517],[-106.557775,31.859513],[-106.557784,31.863527],[-106.557283,31.867653],[-106.557281,31.868561],[-106.557314,31.86903],[-106.557771,31.870914],[-106.558859,31.873038],[-106.55976,31.874392],[-106.560908,31.875202],[-106.564494,31.876649],[-106.569211,31.879018],[-106.574182,31.876056],[-106.575242,31.879496],[-106.576069,31.88404],[-106.576471,31.884076],[-106.581831,31.883158]]]},"properties":{"STATEFP":"48","COUNTYFP":"141","TRACTCE":"010225","AFFGEOID":"1400000US48141010225","GEOID":"48141010225","NAME":"102.25","NAMELSAD":"Census Tract 102.25","STUSPS":"TX","NAMELSADCO":"El Paso County","STATE_NAME":"Texas","LSAD":"CT","ALAND":3567286,"AWATER":3763}},
{"type":"Feature","geometry":{"type":"Polygon","coordinates":[[[-106.335209,31.694743],[-106.336319,31.693211],[-106.336881,31.692767],[-106.337654,31.692588],[-106.339848,31.692599],[-106.342956,31.69204],[-106.344682,31.691608],[-106.346989328666,31.6910975862575],[-106.337954334501,31.6711981352205],[-106.336693,31.6713],[-106.336379,31.671759],[-106.336021,31.67465],[-106.335944,31.675003],[-106.335189,31.678152],[-106.335135,31.678394],[-106.334721,31.679963],[-106.331881,31.685228],[-106.329618,31.68761],[-106.328639,31.689026],[-106.32843,31.689443],[-106.329602,31.689777],[-106.330028,31.690473],[-106.328574,31.690815],[-106.328124,31.690751],[-106.328007,31.691139],[-106.327859,31.691837],[-106.330675,31.692965],[-106.335209,31.694743]]]},"properties":{"STATEFP":"48","COUNTYFP":"141","TRACTCE":"003905","AFFGEOID":"1400000US48141003905","GEOID":"48141003905","NAME":"39.05","NAMELSAD":"Census Tract 39.05","STUSPS":"TX","NAMELSADCO":"El Paso County","STATE_NAME":"Texas","LSAD":"CT","ALAND":2174703,"AWATER":36641}},
{"type":"Feature","geometry":{"type":"Polygon","coordinates":[[[-106.166991,31.884641],[-106.16684,31.870306],[-106.166686,31.855769],[-106.166402,31.826837],[-106.165745,31.826784],[-106.165755,31.820063],[-106.145242,31.822744],[-106.132806,31.8249],[-106.109971,31.828959],[-106.106951,31.829375],[-106.064648,31.833477],[-106.058681,31.833926],[-106.055877,31.834911],[-106.049644,31.838281],[-106.046809,31.839064],[-106.041123,31.839131],[-106.032182,31.837156],[-106.029403,31.836262],[-106.025776,31.834664],[-106.023512,31.834304],[-106.019096,31.83448],[-106.017006,31.833925],[-106.010918,31.83062],[-106.008376,31.829751],[-105.99902,31.829138],[-105.996185,31.829363],[-105.996783,31.901587],[-105.99705,31.927642],[-105.997144,31.936998],[-105.997806,32.000104],[-105.998003,32.002328],[-106.050451020593,32.0024123076916],[-106.082992868396,32.0024646171599],[-106.099737346294,32.0024915331095],[-106.100261,31.975793],[-106.100437,31.966579],[-106.099706,31.951846],[-106.099924,31.891558],[-106.099475,31.890484],[-106.099451,31.884634],[-106.120085,31.884664],[-106.166991,31.884641]]]},"properties":{"STATEFP":"48","COUNTYFP":"141","TRACTCE":"010364","AFFGEOID":"1400000US48141010364","GEOID":"48141010364","NAME":"103.64","NAMELSAD":"Census Tract 103.64","STUSPS":"TX","NAMELSADCO":"El Paso County","STATE_NAME":"Texas","LSAD":"CT","ALAND":224013560,"AWATER":171229}},
{"type":"Feature","geometry":{"type":"Polygon","coordinates":[[[-106.249306,31.769326],[-106.249248,31.767582],[-106.248853,31.755036],[-106.231096,31.755006],[-106.230377,31.755135],[-106.217033,31.75517],[-106.216436,31.755769],[-106.216404,31.754973],[-106.216148,31.732778],[-106.199087,31.729925],[-106.199086,31.729837],[-106.198074,31.729655],[-106.147862,31.720562],[-106.14813,31.735275],[-106.148438,31.737378],[-106.149226,31.738835],[-106.164728,31.763185],[-106.165181,31.764505],[-106.16546,31.783825],[-106.1656,31.797505],[-106.165734,31.79816],[-106.177817,31.798168],[-106.187075,31.798168],[-106.187168,31.806311],[-106.187245,31.817264],[-106.195115,31.816236],[-106.199039,31.815742],[-106.200105,31.815594],[-106.205074,31.814942],[-106.206481,31.814752],[-106.211831,31.81404],[-106.212934,31.813892],[-106.213258,31.812724],[-106.217039,31.809195],[-106.221321,31.805211],[-106.220013,31.804189],[-106.21719,31.801605],[-106.216924,31.798096],[-106.216739,31.789626],[-106.216645,31.782174],[-106.216576,31.776497],[-106.216575,31.776177],[-106.216516,31.769365],[-106.216636,31.769285],[-106.224988,31.769443],[-106.233708,31.769357],[-106.23371,31.769424],[-106.249306,31.769326]]]},"properties":{"STATEFP":"48","COUNTYFP":"141","TRACTCE":"010369","AFFGEOID":"1400000US48141010369","GEOID":"48141010369","NAME":"103.69","NAMELSAD":"Census Tract 103.69","STUSPS":"TX","NAMELSADCO":"El Paso County","STATE_NAME":"Texas","LSAD":"CT","ALAND":52992186,"AWATER":0}},
{"type":"Feature","geometry":{"type":"Polygon","coordinates":[[[-106.493743,31.850705],[-106.495149,31.84886],[-106.495421,31.848505],[-106.496482,31.845682],[-106.497375,31.843307],[-106.497367,31.842446],[-106.497339,31.839127],[-106.494291,31.834141],[-106.493065,31.832261],[-106.490846,31.82874],[-106.489825,31.82711],[-106.488998,31.824236],[-106.488588,31.822811],[-106.488488,31.818469],[-106.488477,31.817988],[-106.48843,31.815912],[-106.487319,31.812597],[-106.483959,31.806709],[-106.483123,31.804007],[-106.483442,31.803207],[-106.483943,31.802125],[-106.483944,31.801632],[-106.482347,31.798486],[-106.482648,31.796811],[-106.48166,31.796013],[-106.481058,31.794602],[-106.481153,31.793866],[-106.480454,31.792194],[-106.481057,31.788846],[-106.480958,31.787565],[-106.479604,31.784986],[-106.479069,31.783242],[-106.475878,31.786382],[-106.475617,31.787749],[-106.475124,31.788172],[-106.474873,31.788946],[-106.47331,31.791057],[-106.470656,31.792383],[-106.469804,31.79302],[-106.468523,31.79503],[-106.467441,31.797727],[-106.468931,31.797731],[-106.468524,31.799537],[-106.465922,31.799533],[-106.465911,31.802253],[-106.465905,31.80493],[-106.462878,31.804912],[-106.462863,31.808726],[-106.461347,31.80872],[-106.46132,31.813091],[-106.462819,31.813959],[-106.465841,31.813946],[-106.465893,31.818263],[-106.465905,31.819007],[-106.465844,31.820944],[-106.465522,31.821791],[-106.465726,31.821798],[-106.467968,31.821788],[-106.471067,31.821874],[-106.472123,31.822135],[-106.47426,31.823108],[-106.475354,31.824116],[-106.475543,31.82474],[-106.475396,31.826355],[-106.476092,31.83293],[-106.478735,31.836494],[-106.480623,31.836487],[-106.482472,31.83803],[-106.483809,31.840065],[-106.486614,31.842154],[-106.489275,31.842642],[-106.491796,31.848627],[-106.493743,31.850705]]]},"properties":{"STATEFP":"48","COUNTYFP":"141","TRACTCE":"000902","AFFGEOID":"1400000US48141000902","GEOID":"48141000902","NAME":"9.02","NAMELSAD":"Census Tract 9.02","STUSPS":"TX","NAMELSADCO":"El Paso County","STATE_NAME":"Texas","LSAD":"CT","ALAND":10202394,"AWATER":25932}},
{"type":"Feature","geometry":{"type":"Polygon","coordinates":[[[-106.187245,31.817264],[-106.187168,31.806311],[-106.187075,31.798168],[-106.177817,31.798168],[-106.165734,31.79816],[-106.165826,31.805563],[-106.165904,31.812772],[-106.166016,31.820039],[-106.178095,31.81846],[-106.187245,31.817264]]]},"properties":{"STATEFP":"48","COUNTYFP":"141","TRACTCE":"010365","AFFGEOID":"1400000US48141010365","GEOID":"48141010365","NAME":"103.65","NAMELSAD":"Census Tract 103.65","STUSPS":"TX","NAMELSADCO":"El Paso County","STATE_NAME":"Texas","LSAD":"CT","ALAND":4583654,"AWATER":0}},
{"type":"Feature","geometry":{"type":"Polygon","coordinates":[[[-106.40863,31.973687],[-106.407938,31.943399],[-106.407927,31.943012],[-106.40786,31.940659],[-106.407842,31.93963],[-106.407798,31.93732],[-106.407595,31.928964],[-106.407585,31.92837],[-106.393687,31.928463],[-106.391572,31.928408],[-106.389433,31.928353],[-106.388553,31.928306],[-106.377434,31.928403],[-106.376381,31.928403],[-106.373489,31.92833],[-106.371985,31.927637],[-106.370643,31.927172],[-106.364622,31.936652],[-106.373287,31.941154],[-106.374478,31.942106],[-106.367565,31.948369],[-106.377458,31.95436],[-106.38309,31.958302],[-106.388913,31.962609],[-106.396165,31.967374],[-106.397258,31.970077],[-106.399394,31.970085],[-106.399396,31.973687],[-106.40863,31.973687]]]},"properties":{"STATEFP":"48","COUNTYFP":"141","TRACTCE":"010223","AFFGEOID":"1400000US48141010223","GEOID":"48141010223","NAME":"102.23","NAMELSAD":"Census Tract 102.23","STUSPS":"TX","NAMELSADCO":"El Paso County","STATE_NAME":"Texas","LSAD":"CT","ALAND":13990384,"AWATER":13092}},
{"type":"Feature","geometry":{"type":"Polygon","coordinates":[[[-106.244648,31.783494],[-106.24594,31.782289],[-106.249956,31.778552],[-106.251881,31.77676],[-106.252915,31.775798],[-106.251847,31.774944],[-106.249879,31.77269],[-106.249851,31.769677],[-106.249306,31.769326],[-106.23371,31.769424],[-106.233708,31.769357],[-106.224988,31.769443],[-106.216636,31.769285],[-106.216516,31.769365],[-106.216575,31.776177],[-106.216576,31.776497],[-106.216645,31.782174],[-106.225128,31.782172],[-106.232272,31.782183],[-106.233926,31.782101],[-106.242388,31.782275],[-106.244648,31.783494]]]},"properties":{"STATEFP":"48","COUNTYFP":"141","TRACTCE":"010368","AFFGEOID":"1400000US48141010368","GEOID":"48141010368","NAME":"103.68","NAMELSAD":"Census Tract 103.68","STUSPS":"TX","NAMELSADCO":"El Paso County","STATE_NAME":"Texas","LSAD":"CT","ALAND":4498797,"AWATER":0}},
{"type":"Feature","geometry":{"type":"Polygon","coordinates":[[[-106.442174,31.777615],[-106.443809,31.775815],[-106.443791,31.7723],[-106.443976,31.769901],[-106.44393,31.767372],[-106.443894,31.76737],[-106.443989,31.761639],[-106.444651376515,31.7604844281409],[-106.438426,31.756756],[-106.435479,31.755189],[-106.433442380748,31.7546821724563],[-106.431541,31.754209],[-106.424681354335,31.7533023547156],[-106.421849,31.752928],[-106.422525,31.754351],[-106.422416,31.75451],[-106.424384,31.755524],[-106.425882,31.755669],[-106.430837,31.755974],[-106.431637,31.756588],[-106.431602,31.761369],[-106.431593,31.763779],[-106.431588,31.765626],[-106.431503,31.766167],[-106.431541,31.768285],[-106.43154,31.768448],[-106.43155,31.768648],[-106.431683,31.773673],[-106.437848,31.774212],[-106.437586,31.77707],[-106.432864,31.777019],[-106.432861,31.777532],[-106.437553,31.777563],[-106.442174,31.777615]]]},"properties":{"STATEFP":"48","COUNTYFP":"141","TRACTCE":"003000","AFFGEOID":"1400000US48141003000","GEOID":"48141003000","NAME":"30","NAMELSAD":"Census Tract 30","STUSPS":"TX","NAMELSADCO":"El Paso County","STATE_NAME":"Texas","LSAD":"CT","ALAND":2650909,"AWATER":26379}},
{"type":"Feature","geometry":{"type":"Polygon","coordinates":[[[-106.356001,31.773206],[-106.355884,31.766467],[-106.355821,31.764215],[-106.355516,31.762715],[-106.355104,31.759868],[-106.355635,31.759092],[-106.349674,31.755412],[-106.345255,31.752676],[-106.342257,31.756371],[-106.339763,31.759658],[-106.339715,31.763009],[-106.339744,31.76558],[-106.339811,31.772126],[-106.341659,31.772104],[-106.345199,31.770655],[-106.346938,31.770517],[-106.348829,31.770479],[-106.350201,31.770953],[-106.352181,31.773094],[-106.355823,31.773206],[-106.356001,31.773206]]]},"properties":{"STATEFP":"48","COUNTYFP":"141","TRACTCE":"004318","AFFGEOID":"1400000US48141004318","GEOID":"48141004318","NAME":"43.18","NAMELSAD":"Census Tract 43.18","STUSPS":"TX","NAMELSADCO":"El Paso County","STATE_NAME":"Texas","LSAD":"CT","ALAND":2643701,"AWATER":0}},
{"type":"Feature","geometry":{"type":"Polygon","coordinates":[[[-106.453943,31.844777],[-106.45695,31.840373],[-106.457379,31.838646],[-106.457268,31.837057],[-106.454402,31.832487],[-106.454184,31.830182],[-106.454147,31.828379],[-106.454661,31.826679],[-106.455686,31.825676],[-106.445002,31.825837],[-106.438346,31.825954],[-106.438981,31.82759],[-106.43897,31.830164],[-106.439029,31.83064],[-106.439074,31.830924],[-106.439191,31.834939],[-106.439933,31.835018],[-106.440698,31.834868],[-106.445307,31.834794],[-106.451322,31.834677],[-106.452402,31.834758],[-106.452262,31.841087],[-106.452371,31.844817],[-106.453943,31.844777]]]},"properties":{"STATEFP":"48","COUNTYFP":"141","TRACTCE":"000600","AFFGEOID":"1400000US48141000600","GEOID":"48141000600","NAME":"6","NAMELSAD":"Census Tract 6","STUSPS":"TX","NAMELSADCO":"El Paso County","STATE_NAME":"Texas","LSAD":"CT","ALAND":1881800,"AWATER":0}},
{"type":"Feature","geometry":{"type":"Polygon","coordinates":[[[-106.561078,31.859528],[-106.563109,31.854836],[-106.564066,31.854157],[-106.562035,31.852473],[-106.560536,31.849858],[-106.560071,31.84958],[-106.557085,31.849461],[-106.556737,31.850083],[-106.555141,31.851556],[-106.552194,31.852921],[-106.55007,31.853706],[-106.544658,31.852375],[-106.543693,31.852375],[-106.541804,31.852374],[-106.534723,31.852992],[-106.533383,31.853455],[-106.531847,31.854398],[-106.52929,31.854341],[-106.524147,31.855381],[-106.52063,31.857415],[-106.521766,31.859635],[-106.52352,31.858927],[-106.525887,31.860656],[-106.529917,31.861211],[-106.532296,31.859996],[-106.536567,31.860971],[-106.539779,31.861013],[-106.54127,31.860741],[-106.542815,31.86072],[-106.545193,31.860499],[-106.546538,31.85954],[-106.548244,31.860943],[-106.549454,31.861931],[-106.549864,31.861658],[-106.552135,31.860889],[-106.556413,31.859597],[-106.557775,31.859513],[-106.557974,31.859517],[-106.561078,31.859528]]]},"properties":{"STATEFP":"48","COUNTYFP":"141","TRACTCE":"001107","AFFGEOID":"1400000US48141001107","GEOID":"48141001107","NAME":"11.07","NAMELSAD":"Census Tract 11.07","STUSPS":"TX","NAMELSADCO":"El Paso County","STATE_NAME":"Texas","LSAD":"CT","ALAND":3185709,"AWATER":0}},
{"type":"Feature","geometry":{"type":"Polygon","coordinates":[[[-106.213164156744,31.4732446482496],[-106.208835,31.46835],[-106.206544,31.466199],[-106.205042,31.465042],[-106.203253,31.46401],[-106.199606,31.462308],[-106.194417,31.461001],[-106.194343,31.460658],[-106.180304,31.457107],[-106.179731,31.456916],[-106.178378,31.456465],[-106.175625,31.455206],[-106.174065,31.45418],[-106.171789,31.452569],[-106.170276,31.451289],[-106.166071,31.446963],[-106.163043,31.443544],[-106.159268,31.439189],[-106.156428,31.437041],[-106.154235,31.435717],[-106.142793,31.430126],[-106.141655,31.43241],[-106.144895,31.436604],[-106.141298,31.438951],[-106.139969,31.441612],[-106.137579,31.443528],[-106.135415,31.444567],[-106.130304,31.446639],[-106.12649,31.447501],[-106.123409,31.446419],[-106.121742,31.445167],[-106.121698,31.445132],[-106.118353,31.447954],[-106.118884,31.451736],[-106.115655,31.455483],[-106.113791,31.457193],[-106.111283,31.455486],[-106.106415,31.459884],[-106.127145,31.476721],[-106.145197,31.491571],[-106.149211,31.494868],[-106.148115,31.495874],[-106.149137,31.496921],[-106.142854,31.50199],[-106.142388,31.502092],[-106.142365,31.50708],[-106.142349,31.509559],[-106.142349,31.510453],[-106.1447,31.512655],[-106.1497,31.509221],[-106.156433,31.504434],[-106.157816,31.503442],[-106.158693,31.502822],[-106.159934,31.501936],[-106.161193,31.501371],[-106.162363,31.501382],[-106.166793,31.498542],[-106.172784,31.494643],[-106.183803,31.487767],[-106.186634,31.490618],[-106.213164156744,31.4732446482496]]]},"properties":{"STATEFP":"48","COUNTYFP":"141","TRACTCE":"010505","AFFGEOID":"1400000US48141010505","GEOID":"48141010505","NAME":"105.05","NAMELSAD":"Census Tract 105.05","STUSPS":"TX","NAMELSADCO":"El Paso County","STATE_NAME":"Texas","LSAD":"CT","ALAND":39785023,"AWATER":30541}},
{"type":"Feature","geometry":{"type":"Polygon","coordinates":[[[-106.548532193957,31.8076859548195],[-106.547144,31.807305],[-106.546576524959,31.8065805235309],[-106.545344,31.805007],[-106.544714,31.804287],[-106.542144,31.802107],[-106.542097,31.802146],[-106.535843,31.798607],[-106.535343,31.797507],[-106.535154,31.797089],[-106.534743,31.796107],[-106.533043,31.791907],[-106.533,31.791829],[-106.53248,31.791914],[-106.530515,31.792103],[-106.527943,31.790507],[-106.527738,31.789761],[-106.527650227588,31.7892710009688],[-106.527623,31.789119],[-106.527652627622,31.7889467795449],[-106.527997,31.786945],[-106.528124,31.784985],[-106.528041,31.78398],[-106.528242,31.783148],[-106.52854,31.782573],[-106.528641,31.782307],[-106.528643,31.781807],[-106.525178,31.778442],[-106.523643,31.776207],[-106.517842,31.771813],[-106.516272,31.771632],[-106.514871,31.771588],[-106.513687,31.770711],[-106.512488,31.769044],[-106.511917,31.767377],[-106.511045,31.763251],[-106.510741339548,31.7626365885477],[-106.509263,31.763443],[-106.507801,31.762268],[-106.505443,31.762216],[-106.508453,31.766008],[-106.507991,31.766267],[-106.507785,31.766365],[-106.506717,31.766451],[-106.509597,31.771276],[-106.509466,31.773446],[-106.508857,31.775317],[-106.507154,31.77673],[-106.506728,31.777048],[-106.507237,31.782464],[-106.507488,31.784302],[-106.506114,31.785639],[-106.507436,31.790205],[-106.507976,31.792054],[-106.508326,31.79266],[-106.510505,31.794271],[-106.511015,31.795219],[-106.512107,31.795171],[-106.514076,31.795484],[-106.516463,31.795288],[-106.51766,31.79476],[-106.51974,31.793087],[-106.519641,31.798117],[-106.520194,31.801313],[-106.52307,31.80698],[-106.525131,31.808537],[-106.527403,31.809298],[-106.528535,31.809435],[-106.533145,31.809478],[-106.540099,31.809487],[-106.542446,31.809672],[-106.544943,31.810771],[-106.545138,31.810602],[-106.548532193957,31.8076859548195]]]},"properties":{"STATEFP":"48","COUNTYFP":"141","TRACTCE":"001400","AFFGEOID":"1400000US48141001400","GEOID":"48141001400","NAME":"14","NAMELSAD":"Census Tract 14","STUSPS":"TX","NAMELSADCO":"El Paso County","STATE_NAME":"Texas","LSAD":"CT","ALAND":7957689,"AWATER":207829}},
{"type":"Feature","geometry":{"type":"Polygon","coordinates":[[[-106.440799,31.898269],[-106.441922,31.898269],[-106.441352,31.873359],[-106.441451,31.869693],[-106.441452,31.869624],[-106.440881,31.869629],[-106.434657,31.869748],[-106.428248,31.86986],[-106.423532,31.876997],[-106.423488,31.877062],[-106.424534,31.882454],[-106.423632,31.883201],[-106.42351,31.886831],[-106.423564,31.890884],[-106.423595,31.892806],[-106.426518,31.893885],[-106.424209,31.898721],[-106.424325,31.898708],[-106.426081,31.898583],[-106.428945,31.898584],[-106.429773,31.898604],[-106.43318,31.898598],[-106.434943,31.898532],[-106.438886,31.898312],[-106.440799,31.898269]]]},"properties":{"STATEFP":"48","COUNTYFP":"141","TRACTCE":"000114","AFFGEOID":"1400000US48141000114","GEOID":"48141000114","NAME":"1.14","NAMELSAD":"Census Tract 1.14","STUSPS":"TX","NAMELSADCO":"El Paso County","STATE_NAME":"Texas","LSAD":"CT","ALAND":5148341,"AWATER":0}},
{"type":"Feature","geometry":{"type":"Polygon","coordinates":[[[-106.229209,31.675116],[-106.229696,31.673866],[-106.230143,31.671679],[-106.230166,31.668631],[-106.229848,31.665064],[-106.230406,31.663813],[-106.231239,31.663007],[-106.234606,31.661685],[-106.235963,31.661472],[-106.237338,31.661134],[-106.239746,31.659772],[-106.234762,31.653355],[-106.234366,31.653488],[-106.234989,31.654297],[-106.215242,31.654081],[-106.19818,31.654041],[-106.197154,31.654044],[-106.191655,31.654041],[-106.185429,31.65402],[-106.184356,31.654014],[-106.184336,31.651028],[-106.182558,31.652234],[-106.178493,31.653829],[-106.179718,31.65547],[-106.18358,31.660543],[-106.183645,31.660629],[-106.185448,31.663013],[-106.187892,31.666226],[-106.188972,31.667625],[-106.189353,31.668512],[-106.191152,31.670908],[-106.197604,31.679312],[-106.198446,31.680403],[-106.200235,31.682723],[-106.200379,31.682722],[-106.215483,31.682741],[-106.218184,31.682614],[-106.222004,31.681637],[-106.225839,31.679404],[-106.227327,31.677974],[-106.229209,31.675116]]]},"properties":{"STATEFP":"48","COUNTYFP":"141","TRACTCE":"010357","AFFGEOID":"1400000US48141010357","GEOID":"48141010357","NAME":"103.57","NAMELSAD":"Census Tract 103.57","STUSPS":"TX","NAMELSADCO":"El Paso County","STATE_NAME":"Texas","LSAD":"CT","ALAND":12609553,"AWATER":0}},
{"type":"Feature","geometry":{"type":"Polygon","coordinates":[[[-106.255496,31.79266],[-106.255179,31.788622],[-106.253264,31.787319],[-106.252496,31.784363],[-106.251868,31.784404],[-106.248315,31.784377],[-106.246417,31.784453],[-106.246313,31.784552],[-106.243597,31.784473],[-106.239807,31.788001],[-106.236202,31.791358],[-106.231545,31.795691],[-106.231489,31.795743],[-106.231447,31.79578],[-106.231381,31.79584],[-106.229416,31.797676],[-106.230077,31.798098],[-106.23391,31.798337],[-106.241841,31.798275],[-106.244895,31.797442],[-106.245089,31.797377],[-106.245924,31.797043],[-106.247597,31.796108],[-106.251755,31.794494],[-106.255496,31.79266]]]},"properties":{"STATEFP":"48","COUNTYFP":"141","TRACTCE":"010353","AFFGEOID":"1400000US48141010353","GEOID":"48141010353","NAME":"103.53","NAMELSAD":"Census Tract 103.53","STUSPS":"TX","NAMELSADCO":"El Paso County","STATE_NAME":"Texas","LSAD":"CT","ALAND":2324685,"AWATER":0}},
{"type":"Feature","geometry":{"type":"Polygon","coordinates":[[[-106.424209,31.898721],[-106.426518,31.893885],[-106.423595,31.892806],[-106.423564,31.890884],[-106.42351,31.886831],[-106.423632,31.883201],[-106.424534,31.882454],[-106.423488,31.877062],[-106.42329,31.877352],[-106.422634,31.878352],[-106.420431,31.881692],[-106.418503,31.884609],[-106.414521,31.890632],[-106.413638,31.891975],[-106.412398,31.893844],[-106.4107,31.896423],[-106.4091,31.898835],[-106.410483,31.89882],[-106.412252,31.898925],[-106.423805,31.898722],[-106.424209,31.898721]]]},"properties":{"STATEFP":"48","COUNTYFP":"141","TRACTCE":"000113","AFFGEOID":"1400000US48141000113","GEOID":"48141000113","NAME":"1.13","NAMELSAD":"Census Tract 1.13","STUSPS":"TX","NAMELSADCO":"El Paso County","STATE_NAME":"Texas","LSAD":"CT","ALAND":1781782,"AWATER":0}},
{"type":"Feature","geometry":{"type":"Polygon","coordinates":[[[-106.473482,31.771973],[-106.473494,31.769955],[-106.470795,31.771693],[-106.469324,31.772538],[-106.468946,31.771697],[-106.466389,31.768797],[-106.46522,31.767462],[-106.465128,31.767348],[-106.463508,31.765423],[-106.467672,31.763346],[-106.467537,31.761224],[-106.466912,31.759571],[-106.455292,31.764081],[-106.453344,31.764459],[-106.451560045362,31.7643541535432],[-106.451567,31.766992],[-106.450948,31.76877],[-106.450939,31.769302],[-106.452539,31.769616],[-106.452453,31.771331],[-106.452445,31.772347],[-106.452436,31.773342],[-106.452401,31.777555],[-106.451075,31.77821],[-106.452572,31.778236],[-106.459974,31.778264],[-106.461485,31.778265],[-106.463761,31.777924],[-106.471917,31.772982],[-106.473482,31.771973]]]},"properties":{"STATEFP":"48","COUNTYFP":"141","TRACTCE":"002800","AFFGEOID":"1400000US48141002800","GEOID":"48141002800","NAME":"28","NAMELSAD":"Census Tract 28","STUSPS":"TX","NAMELSADCO":"El Paso County","STATE_NAME":"Texas","LSAD":"CT","ALAND":2412305,"AWATER":0}},
{"type":"Feature","geometry":{"type":"Polygon","coordinates":[[[-106.212425,31.592427],[-106.208792,31.589299],[-106.214023,31.586254],[-106.218076,31.585234],[-106.222552,31.58559],[-106.214236,31.576207],[-106.208954,31.570226],[-106.192634,31.551778],[-106.186166,31.544471],[-106.185427,31.543638],[-106.180362,31.537754],[-106.172061,31.525224],[-106.170392,31.52267],[-106.165477,31.515163],[-106.160485,31.507507],[-106.157816,31.503442],[-106.156433,31.504434],[-106.1497,31.509221],[-106.1447,31.512655],[-106.135742,31.516907],[-106.131252,31.519374],[-106.128771,31.51614],[-106.128705,31.51605],[-106.122338,31.507846],[-106.120144,31.505588],[-106.117855,31.503942],[-106.105926,31.497386],[-106.103687,31.496156],[-106.064967,31.474932],[-106.062178,31.473186],[-106.059331,31.470993],[-106.052737,31.464862],[-106.023563,31.437524],[-106.021807,31.436142],[-106.020547,31.435355],[-105.972273,31.408312],[-105.972068,31.408487],[-105.954328,31.423468],[-105.958548,31.423461],[-105.959262,31.478417],[-105.993255,31.478392],[-105.992695,31.500109],[-105.993415,31.563752],[-105.993443,31.566314],[-105.993889,31.606694],[-106.146591,31.597756],[-106.189388,31.59485],[-106.189685,31.594838],[-106.202693,31.593921],[-106.208376,31.597746],[-106.207925,31.594783],[-106.212425,31.592427]]]},"properties":{"STATEFP":"48","COUNTYFP":"141","TRACTCE":"010502","AFFGEOID":"1400000US48141010502","GEOID":"48141010502","NAME":"105.02","NAMELSAD":"Census Tract 105.02","STUSPS":"TX","NAMELSADCO":"El Paso County","STATE_NAME":"Texas","LSAD":"CT","ALAND":274409104,"AWATER":38025}},
{"type":"Feature","geometry":{"type":"Polygon","coordinates":[[[-106.42378,31.90537],[-106.423627,31.902822],[-106.424418,31.902813],[-106.424325,31.898708],[-106.424209,31.898721],[-106.423805,31.898722],[-106.412252,31.898925],[-106.410483,31.89882],[-106.4091,31.898835],[-106.406969,31.902037],[-106.407077,31.906461],[-106.414224,31.90632],[-106.421558,31.906146],[-106.422852,31.90559],[-106.42378,31.90537]]]},"properties":{"STATEFP":"48","COUNTYFP":"141","TRACTCE":"000110","AFFGEOID":"1400000US48141000110","GEOID":"48141000110","NAME":"1.10","NAMELSAD":"Census Tract 1.10","STUSPS":"TX","NAMELSADCO":"El Paso County","STATE_NAME":"Texas","LSAD":"CT","ALAND":1290170,"AWATER":0}},
{"type":"Feature","geometry":{"type":"Polygon","coordinates":[[[-106.292541,31.75541],[-106.292684,31.754986],[-106.29278,31.754595],[-106.295213,31.750528],[-106.288123,31.748535],[-106.287328,31.747712],[-106.287062,31.746469],[-106.2873,31.744749],[-106.286616,31.74386],[-106.284716,31.745819],[-106.275626,31.754642],[-106.274111,31.756069],[-106.277307,31.758579],[-106.279635,31.756293],[-106.279776,31.755386],[-106.284374,31.755385],[-106.287412,31.75537],[-106.292541,31.75541]]]},"properties":{"STATEFP":"48","COUNTYFP":"141","TRACTCE":"004320","AFFGEOID":"1400000US48141004320","GEOID":"48141004320","NAME":"43.20","NAMELSAD":"Census Tract 43.20","STUSPS":"TX","NAMELSADCO":"El Paso County","STATE_NAME":"Texas","LSAD":"CT","ALAND":1311025,"AWATER":0}},
{"type":"Feature","geometry":{"type":"Polygon","coordinates":[[[-106.280472,31.56175],[-106.279589,31.561138],[-106.261478914433,31.5515453265979],[-106.25478,31.547997],[-106.248245,31.543488],[-106.247808047366,31.5429883504405],[-106.247570962236,31.5427172467295],[-106.246203,31.541153],[-106.245117,31.538762],[-106.241647101321,31.527744901713],[-106.2383563622,31.5172966437976],[-106.237462,31.514457],[-106.236823,31.513192],[-106.235579,31.511631],[-106.225392,31.501847],[-106.224337,31.50019],[-106.223664,31.49842],[-106.21962,31.481561],[-106.219074,31.48028],[-106.218259,31.479005],[-106.217285306617,31.4779041189524],[-106.213164156744,31.4732446482496],[-106.186634,31.490618],[-106.183803,31.487767],[-106.172784,31.494643],[-106.166793,31.498542],[-106.162363,31.501382],[-106.161193,31.501371],[-106.159934,31.501936],[-106.158693,31.502822],[-106.157816,31.503442],[-106.160485,31.507507],[-106.165477,31.515163],[-106.170392,31.52267],[-106.172061,31.525224],[-106.180362,31.537754],[-106.185427,31.543638],[-106.186166,31.544471],[-106.192634,31.551778],[-106.208954,31.570226],[-106.214236,31.576207],[-106.222552,31.58559],[-106.223354,31.585598],[-106.221317,31.582644],[-106.221275,31.581628],[-106.221316,31.580838],[-106.226283,31.579807],[-106.226341,31.579766],[-106.226578,31.578615],[-106.2312,31.575434],[-106.235562,31.579757],[-106.237837,31.585829],[-106.238613,31.585721],[-106.246763,31.584705],[-106.252532,31.584253],[-106.25433,31.58412],[-106.257587,31.581223],[-106.259957,31.578109],[-106.260724,31.575803],[-106.263141,31.57406],[-106.264823,31.573518],[-106.264598,31.572009],[-106.264589,31.571019],[-106.264156,31.570167],[-106.274248,31.564954],[-106.274352,31.564901],[-106.280472,31.56175]]]},"properties":{"STATEFP":"48","COUNTYFP":"141","TRACTCE":"010501","AFFGEOID":"1400000US48141010501","GEOID":"48141010501","NAME":"105.01","NAMELSAD":"Census Tract 105.01","STUSPS":"TX","NAMELSADCO":"El Paso County","STATE_NAME":"Texas","LSAD":"CT","ALAND":64836733,"AWATER":417653}},
{"type":"Feature","geometry":{"type":"Polygon","coordinates":[[[-106.43155,31.768648],[-106.43154,31.768448],[-106.431541,31.768285],[-106.431503,31.766167],[-106.431588,31.765626],[-106.431593,31.763779],[-106.431602,31.761369],[-106.431637,31.756588],[-106.430837,31.755974],[-106.425882,31.755669],[-106.424384,31.755524],[-106.422416,31.75451],[-106.42174,31.756709],[-106.421832,31.761406],[-106.421922,31.767618],[-106.421881,31.771074],[-106.425565,31.770397],[-106.428096,31.769186],[-106.43155,31.768648]]]},"properties":{"STATEFP":"48","COUNTYFP":"141","TRACTCE":"003100","AFFGEOID":"1400000US48141003100","GEOID":"48141003100","NAME":"31","NAMELSAD":"Census Tract 31","STUSPS":"TX","NAMELSADCO":"El Paso County","STATE_NAME":"Texas","LSAD":"CT","ALAND":1469597,"AWATER":0}},
{"type":"Feature","geometry":{"type":"Polygon","coordinates":[[[-106.450204,31.869478],[-106.44998,31.860544],[-106.449876,31.856185],[-106.449804,31.853158],[-106.44976,31.851442],[-106.440972,31.851598],[-106.440457,31.851713],[-106.440524,31.853312],[-106.440639,31.858938],[-106.44075,31.864467],[-106.440881,31.869629],[-106.441452,31.869624],[-106.442685,31.869611],[-106.444414,31.869579],[-106.450204,31.869478]]]},"properties":{"STATEFP":"48","COUNTYFP":"141","TRACTCE":"000403","AFFGEOID":"1400000US48141000403","GEOID":"48141000403","NAME":"4.03","NAMELSAD":"Census Tract 4.03","STUSPS":"TX","NAMELSADCO":"El Paso County","STATE_NAME":"Texas","LSAD":"CT","ALAND":1759947,"AWATER":0}},
{"type":"Feature","geometry":{"type":"Polygon","coordinates":[[[-106.509141,31.805805],[-106.509226,31.803891],[-106.510867,31.799006],[-106.510975,31.798646],[-106.511041,31.798194],[-106.511015,31.795219],[-106.510505,31.794271],[-106.508326,31.79266],[-106.507976,31.792054],[-106.507436,31.790205],[-106.506114,31.785639],[-106.507488,31.784302],[-106.507237,31.782464],[-106.505449,31.782541],[-106.505261,31.782561],[-106.503196,31.78284],[-106.499046,31.782296],[-106.498334,31.782338],[-106.497723,31.782403],[-106.493623,31.785251],[-106.493256,31.784523],[-106.489846,31.784783],[-106.487084,31.787673],[-106.486274,31.786574],[-106.483763,31.785897],[-106.480336,31.782535],[-106.479069,31.783242],[-106.479604,31.784986],[-106.480958,31.787565],[-106.481057,31.788846],[-106.480454,31.792194],[-106.481153,31.793866],[-106.481058,31.794602],[-106.48166,31.796013],[-106.482648,31.796811],[-106.482347,31.798486],[-106.483944,31.801632],[-106.483943,31.802125],[-106.483442,31.803207],[-106.500146,31.804819],[-106.503209,31.805116],[-106.503418,31.80514],[-106.509141,31.805805]]]},"properties":{"STATEFP":"48","COUNTYFP":"141","TRACTCE":"001501","AFFGEOID":"1400000US48141001501","GEOID":"48141001501","NAME":"15.01","NAMELSAD":"Census Tract 15.01","STUSPS":"TX","NAMELSADCO":"El Paso County","STATE_NAME":"Texas","LSAD":"CT","ALAND":5857753,"AWATER":0}},
{"type":"Feature","geometry":{"type":"Polygon","coordinates":[[[-106.46132,31.813091],[-106.461347,31.80872],[-106.462863,31.808726],[-106.462878,31.804912],[-106.461366,31.804912],[-106.456827,31.804941],[-106.453805,31.804932],[-106.450781,31.804923],[-106.446237,31.804905],[-106.4428,31.804914],[-106.442461,31.80485],[-106.442308,31.803985],[-106.442248,31.803718],[-106.442136,31.804323],[-106.441002,31.812584],[-106.441611,31.812586],[-106.441892,31.812581],[-106.442656,31.812597],[-106.444239,31.812997],[-106.4462,31.813039],[-106.447712,31.813045],[-106.44922,31.813049],[-106.453757,31.813064],[-106.46132,31.813091]]]},"properties":{"STATEFP":"48","COUNTYFP":"141","TRACTCE":"000901","AFFGEOID":"1400000US48141000901","GEOID":"48141000901","NAME":"9.01","NAMELSAD":"Census Tract 9.01","STUSPS":"TX","NAMELSADCO":"El Paso County","STATE_NAME":"Texas","LSAD":"CT","ALAND":1747031,"AWATER":0}},
{"type":"Feature","geometry":{"type":"Polygon","coordinates":[[[-106.200103,31.826625],[-106.204926,31.826657],[-106.225281,31.826677],[-106.234213,31.826666],[-106.243843,31.826753],[-106.243789,31.833837],[-106.243613,31.840398],[-106.233838,31.840376],[-106.233806,31.855761],[-106.267365,31.855735],[-106.267275,31.840453],[-106.285181,31.840678],[-106.285449,31.823724],[-106.272915,31.819661],[-106.270974,31.818877],[-106.268975,31.817006],[-106.268307,31.815357],[-106.268189,31.811792],[-106.267747,31.807485],[-106.267784,31.806627],[-106.267673,31.806641],[-106.267496,31.806663],[-106.260055,31.807651],[-106.25285,31.808587],[-106.247538,31.809293],[-106.245889,31.80951],[-106.234323,31.811022],[-106.234139,31.811046],[-106.232259,31.811292],[-106.225167,31.812219],[-106.216988,31.81331],[-106.212934,31.813892],[-106.211831,31.81404],[-106.206481,31.814752],[-106.205074,31.814942],[-106.200105,31.815594],[-106.199039,31.815742],[-106.195115,31.816236],[-106.187245,31.817264],[-106.178095,31.81846],[-106.166016,31.820039],[-106.165755,31.820063],[-106.165745,31.826784],[-106.166402,31.826837],[-106.195267,31.826606],[-106.199108,31.826609],[-106.200103,31.826625]]]},"properties":{"STATEFP":"48","COUNTYFP":"141","TRACTCE":"010358","AFFGEOID":"1400000US48141010358","GEOID":"48141010358","NAME":"103.58","NAMELSAD":"Census Tract 103.58","STUSPS":"TX","NAMELSADCO":"El Paso County","STATE_NAME":"Texas","LSAD":"CT","ALAND":26857697,"AWATER":0}},
{"type":"Feature","geometry":{"type":"Polygon","coordinates":[[[-106.601979,31.878696],[-106.602939,31.877363],[-106.604202,31.873798],[-106.603115,31.868978],[-106.603681,31.865854],[-106.602505,31.866127],[-106.595974,31.866114],[-106.59598,31.864522],[-106.597068,31.86126],[-106.597688,31.859911],[-106.588603,31.859919],[-106.587386,31.860188],[-106.592231,31.872682],[-106.594333,31.878093],[-106.594625,31.878845],[-106.597579,31.878046],[-106.601979,31.878696]]]},"properties":{"STATEFP":"48","COUNTYFP":"141","TRACTCE":"010230","AFFGEOID":"1400000US48141010230","GEOID":"48141010230","NAME":"102.30","NAMELSAD":"Census Tract 102.30","STUSPS":"TX","NAMELSADCO":"El Paso County","STATE_NAME":"Texas","LSAD":"CT","ALAND":1944686,"AWATER":50101}},
{"type":"Feature","geometry":{"type":"Polygon","coordinates":[[[-106.267453,31.651627],[-106.263227,31.646581],[-106.261824,31.645636],[-106.261418,31.64537],[-106.255703,31.64062],[-106.25287,31.636361],[-106.252353,31.635583],[-106.251378,31.634177],[-106.249104,31.631024],[-106.246928,31.628086],[-106.245976,31.625492],[-106.243451,31.622136],[-106.243038,31.62183],[-106.240852,31.620376],[-106.236659,31.615791],[-106.230518,31.609069],[-106.226604,31.604911],[-106.225211,31.603443],[-106.222751,31.600882],[-106.212425,31.592427],[-106.207925,31.594783],[-106.208376,31.597746],[-106.202693,31.593921],[-106.189685,31.594838],[-106.189388,31.59485],[-106.193551,31.600223],[-106.210859,31.622544],[-106.21833,31.632177],[-106.223929,31.639393],[-106.225306,31.641165],[-106.234762,31.653355],[-106.239746,31.659772],[-106.239961,31.659649],[-106.24235,31.65839],[-106.253002,31.655494],[-106.267453,31.651627]]]},"properties":{"STATEFP":"48","COUNTYFP":"141","TRACTCE":"010347","AFFGEOID":"1400000US48141010347","GEOID":"48141010347","NAME":"103.47","NAMELSAD":"Census Tract 103.47","STUSPS":"TX","NAMELSADCO":"El Paso County","STATE_NAME":"Texas","LSAD":"CT","ALAND":20006617,"AWATER":0}},
{"type":"Feature","geometry":{"type":"Polygon","coordinates":[[[-106.327859,31.691837],[-106.328007,31.691139],[-106.328124,31.690751],[-106.328574,31.690815],[-106.330028,31.690473],[-106.329602,31.689777],[-106.32843,31.689443],[-106.328639,31.689026],[-106.329618,31.68761],[-106.331881,31.685228],[-106.334721,31.679963],[-106.335135,31.678394],[-106.335189,31.678152],[-106.335944,31.675003],[-106.336021,31.67465],[-106.332661,31.673479],[-106.327459,31.674671],[-106.325911,31.68514],[-106.324863,31.684897],[-106.324422,31.686032],[-106.324262,31.683126],[-106.319844,31.682023],[-106.319031,31.682283],[-106.319163,31.682489],[-106.320462,31.684579],[-106.318132,31.683935],[-106.316646,31.684706],[-106.315931,31.685157],[-106.313319,31.685657],[-106.312066,31.686696],[-106.317067,31.692216],[-106.324804,31.698941],[-106.327227,31.696653],[-106.327809,31.695429],[-106.32831,31.694126],[-106.327859,31.691837]]]},"properties":{"STATEFP":"48","COUNTYFP":"141","TRACTCE":"003902","AFFGEOID":"1400000US48141003902","GEOID":"48141003902","NAME":"39.02","NAMELSAD":"Census Tract 39.02","STUSPS":"TX","NAMELSADCO":"El Paso County","STATE_NAME":"Texas","LSAD":"CT","ALAND":2656183,"AWATER":0}},
{"type":"Feature","geometry":{"type":"Polygon","coordinates":[[[-106.628510973737,31.99022645748],[-106.629395469948,31.9900882186448],[-106.629738267254,31.9900346424964],[-106.631182,31.989809],[-106.636492,31.985719],[-106.639529,31.980348],[-106.638186,31.97682],[-106.630114,31.971258],[-106.626466,31.97069],[-106.623216,31.97291],[-106.621873,31.972933],[-106.619569,31.971578],[-106.618745,31.966955],[-106.619371,31.964777],[-106.620454,31.963403],[-106.624299,31.961054],[-106.625479651191,31.9576362249503],[-106.625535,31.957476],[-106.625123,31.954531],[-106.622819,31.952891],[-106.617708,31.956008],[-106.614702,31.956],[-106.616136,31.948439],[-106.623659,31.94551],[-106.622377,31.940863],[-106.622117,31.936621],[-106.622529,31.934863],[-106.624063688275,31.9322200173285],[-106.625322,31.930053],[-106.628499124429,31.927552226127],[-106.629747,31.92657],[-106.628663,31.923614],[-106.623933,31.925335],[-106.617765850638,31.922614453926],[-106.61647478089,31.9220449177385],[-106.616219945087,31.9219325007201],[-106.611846,31.920003],[-106.614346,31.918003],[-106.614620181154,31.9178834016926],[-106.614773615005,31.9178164735736],[-106.618870841296,31.9160292561707],[-106.617154,31.915331],[-106.613737,31.915202],[-106.605839,31.915199],[-106.605288,31.915187],[-106.602464,31.915188],[-106.601349,31.915186],[-106.601714,31.926165],[-106.602079,31.932232],[-106.60249,31.939227],[-106.602523,31.939782],[-106.602613,31.941217],[-106.602814,31.944642],[-106.60332,31.954684],[-106.603672,31.959183],[-106.603675,31.959254],[-106.604118,31.966775],[-106.604265,31.969262],[-106.604697,31.969125],[-106.605511,31.968909],[-106.607853,31.971487],[-106.609088,31.973656],[-106.610471,31.974601],[-106.612031,31.975286],[-106.613985,31.976526],[-106.617082,31.979822],[-106.625887,31.988149],[-106.626971,31.988947],[-106.628029,31.98977],[-106.628510973737,31.99022645748]]]},"properties":{"STATEFP":"48","COUNTYFP":"141","TRACTCE":"010222","AFFGEOID":"1400000US48141010222","GEOID":"48141010222","NAME":"102.22","NAMELSAD":"Census Tract 102.22","STUSPS":"TX","NAMELSADCO":"El Paso County","STATE_NAME":"Texas","LSAD":"CT","ALAND":13725962,"AWATER":472078}},
{"type":"Feature","geometry":{"type":"Polygon","coordinates":[[[-106.432861,31.777532],[-106.432864,31.777019],[-106.437586,31.77707],[-106.437848,31.774212],[-106.431683,31.773673],[-106.43155,31.768648],[-106.428096,31.769186],[-106.425565,31.770397],[-106.421881,31.771074],[-106.420736,31.771285],[-106.416966,31.769945],[-106.414252,31.768827],[-106.414254,31.769114],[-106.4143,31.772099],[-106.410999,31.772776],[-106.40881,31.771372],[-106.407141,31.773664],[-106.412398,31.777052],[-106.417179,31.780105],[-106.417368,31.780225],[-106.419996,31.781914],[-106.420072,31.781825],[-106.422121,31.777715],[-106.423239,31.777525],[-106.425502,31.777505],[-106.432861,31.777532]]]},"properties":{"STATEFP":"48","COUNTYFP":"141","TRACTCE":"003200","AFFGEOID":"1400000US48141003200","GEOID":"48141003200","NAME":"32","NAMELSAD":"Census Tract 32","STUSPS":"TX","NAMELSADCO":"El Paso County","STATE_NAME":"Texas","LSAD":"CT","ALAND":2065722,"AWATER":0}},
{"type":"Feature","geometry":{"type":"Polygon","coordinates":[[[-106.507237,31.782464],[-106.506728,31.777048],[-106.507154,31.77673],[-106.508857,31.775317],[-106.509466,31.773446],[-106.509597,31.771276],[-106.506717,31.766451],[-106.504446,31.765012],[-106.500999,31.766973],[-106.498444,31.768617],[-106.497595,31.769167],[-106.495893,31.770255],[-106.49653,31.770976],[-106.494171,31.772484],[-106.491709,31.775348],[-106.491955,31.777459],[-106.491768,31.779709],[-106.487484,31.783116],[-106.486274,31.786574],[-106.487084,31.787673],[-106.489846,31.784783],[-106.493256,31.784523],[-106.493623,31.785251],[-106.497723,31.782403],[-106.498334,31.782338],[-106.499046,31.782296],[-106.503196,31.78284],[-106.505261,31.782561],[-106.505449,31.782541],[-106.507237,31.782464]]]},"properties":{"STATEFP":"48","COUNTYFP":"141","TRACTCE":"001502","AFFGEOID":"1400000US48141001502","GEOID":"48141001502","NAME":"15.02","NAMELSAD":"Census Tract 15.02","STUSPS":"TX","NAMELSADCO":"El Paso County","STATE_NAME":"Texas","LSAD":"CT","ALAND":2665431,"AWATER":0}},
{"type":"Feature","geometry":{"type":"Polygon","coordinates":[[[-106.166991,31.884641],[-106.199771,31.884665],[-106.20074,31.884666],[-106.200325,31.856969],[-106.200103,31.826625],[-106.199108,31.826609],[-106.195267,31.826606],[-106.166402,31.826837],[-106.166686,31.855769],[-106.16684,31.870306],[-106.166991,31.884641]]]},"properties":{"STATEFP":"48","COUNTYFP":"141","TRACTCE":"010359","AFFGEOID":"1400000US48141010359","GEOID":"48141010359","NAME":"103.59","NAMELSAD":"Census Tract 103.59","STUSPS":"TX","NAMELSADCO":"El Paso County","STATE_NAME":"Texas","LSAD":"CT","ALAND":20493549,"AWATER":0}},
{"type":"Feature","geometry":{"type":"Polygon","coordinates":[[[-106.451075,31.77821],[-106.452401,31.777555],[-106.452436,31.773342],[-106.452445,31.772347],[-106.452453,31.771331],[-106.452539,31.769616],[-106.450939,31.769302],[-106.450948,31.76877],[-106.451567,31.766992],[-106.451560045362,31.7643541535432],[-106.451166760839,31.7643310394528],[-106.451064,31.764325],[-106.444651376515,31.7604844281409],[-106.443989,31.761639],[-106.443894,31.76737],[-106.44393,31.767372],[-106.443976,31.769901],[-106.443791,31.7723],[-106.443809,31.775815],[-106.442174,31.777615],[-106.44354,31.777617],[-106.446485,31.777624],[-106.450888,31.778199],[-106.451075,31.77821]]]},"properties":{"STATEFP":"48","COUNTYFP":"141","TRACTCE":"002900","AFFGEOID":"1400000US48141002900","GEOID":"48141002900","NAME":"29","NAMELSAD":"Census Tract 29","STUSPS":"TX","NAMELSADCO":"El Paso County","STATE_NAME":"Texas","LSAD":"CT","ALAND":1293053,"AWATER":8385}},
{"type":"Feature","geometry":{"type":"Polygon","coordinates":[[[-106.317523,31.704952],[-106.320988,31.702893],[-106.324804,31.698941],[-106.317067,31.692216],[-106.312066,31.686696],[-106.312022,31.686747],[-106.308157,31.682364],[-106.299199,31.685885],[-106.298062,31.686499],[-106.296604,31.687625],[-106.296432,31.6878],[-106.297042,31.688444],[-106.297824,31.689304],[-106.307526,31.69954],[-106.311974,31.704852],[-106.315586,31.706603],[-106.316269,31.706002],[-106.317523,31.704952]]]},"properties":{"STATEFP":"48","COUNTYFP":"141","TRACTCE":"004004","AFFGEOID":"1400000US48141004004","GEOID":"48141004004","NAME":"40.04","NAMELSAD":"Census Tract 40.04","STUSPS":"TX","NAMELSADCO":"El Paso County","STATE_NAME":"Texas","LSAD":"CT","ALAND":3286002,"AWATER":0}},
{"type":"Feature","geometry":{"type":"Polygon","coordinates":[[[-106.422634,31.878352],[-106.421524,31.877828],[-106.41693,31.877308],[-106.412693,31.877379],[-106.412763,31.880602],[-106.406356,31.880717],[-106.406455,31.88477],[-106.406603,31.891989],[-106.406679,31.895562],[-106.406741,31.898413],[-106.406835,31.89883],[-106.406969,31.902037],[-106.4091,31.898835],[-106.4107,31.896423],[-106.412398,31.893844],[-106.413638,31.891975],[-106.414521,31.890632],[-106.418503,31.884609],[-106.420431,31.881692],[-106.422634,31.878352]]]},"properties":{"STATEFP":"48","COUNTYFP":"141","TRACTCE":"000205","AFFGEOID":"1400000US48141000205","GEOID":"48141000205","NAME":"2.05","NAMELSAD":"Census Tract 2.05","STUSPS":"TX","NAMELSADCO":"El Paso County","STATE_NAME":"Texas","LSAD":"CT","ALAND":1974214,"AWATER":0}},
{"type":"Feature","geometry":{"type":"Polygon","coordinates":[[[-106.242112,31.69911],[-106.249698,31.699074],[-106.252146,31.698423],[-106.253397,31.697755],[-106.260976,31.69143],[-106.266932,31.686128],[-106.249555,31.670732],[-106.248411,31.669718],[-106.24543,31.666976],[-106.239746,31.659772],[-106.237338,31.661134],[-106.235963,31.661472],[-106.234606,31.661685],[-106.231239,31.663007],[-106.230406,31.663813],[-106.229848,31.665064],[-106.230166,31.668631],[-106.230143,31.671679],[-106.229696,31.673866],[-106.229209,31.675116],[-106.229263,31.675595],[-106.232025,31.678044],[-106.23264,31.67814],[-106.232594,31.680075],[-106.232793,31.681489],[-106.232686,31.682945],[-106.232932,31.682931],[-106.232969,31.689019],[-106.233021,31.697277],[-106.242047,31.697449],[-106.242112,31.69911]]]},"properties":{"STATEFP":"48","COUNTYFP":"141","TRACTCE":"010362","AFFGEOID":"1400000US48141010362","GEOID":"48141010362","NAME":"103.62","NAMELSAD":"Census Tract 103.62","STUSPS":"TX","NAMELSADCO":"El Paso County","STATE_NAME":"Texas","LSAD":"CT","ALAND":9192826,"AWATER":0}},
{"type":"Feature","geometry":{"type":"Polygon","coordinates":[[[-106.308157,31.682364],[-106.312447,31.679924],[-106.31131,31.67865],[-106.3111,31.678413],[-106.310211,31.677406],[-106.306515,31.673091],[-106.301245,31.666918],[-106.301186,31.666851],[-106.299513,31.664973],[-106.297176,31.662178],[-106.293578,31.662786],[-106.290214,31.664571],[-106.28984,31.666198],[-106.287595,31.669558],[-106.28633,31.671397],[-106.284797,31.672951],[-106.283334,31.674392],[-106.282416,31.675953],[-106.28125,31.677364],[-106.274551,31.681131],[-106.270928,31.682959],[-106.269358,31.684289],[-106.268536,31.684782],[-106.266932,31.686128],[-106.271393,31.690084],[-106.279235,31.697027],[-106.284117,31.701351],[-106.296432,31.6878],[-106.296604,31.687625],[-106.298062,31.686499],[-106.299199,31.685885],[-106.308157,31.682364]]]},"properties":{"STATEFP":"48","COUNTYFP":"141","TRACTCE":"004006","AFFGEOID":"1400000US48141004006","GEOID":"48141004006","NAME":"40.06","NAMELSAD":"Census Tract 40.06","STUSPS":"TX","NAMELSADCO":"El Paso County","STATE_NAME":"Texas","LSAD":"CT","ALAND":8236877,"AWATER":0}},
{"type":"Feature","geometry":{"type":"Polygon","coordinates":[[[-106.181418,31.682745],[-106.181292,31.67171],[-106.185699,31.671926],[-106.188865,31.671994],[-106.189474,31.671813],[-106.191152,31.670908],[-106.189353,31.668512],[-106.188972,31.667625],[-106.187892,31.666226],[-106.185448,31.663013],[-106.183645,31.660629],[-106.18358,31.660543],[-106.179718,31.65547],[-106.177112,31.656831],[-106.173764,31.658442],[-106.172109,31.65809],[-106.168329,31.655351],[-106.166828,31.654324],[-106.162726,31.654028],[-106.147186,31.654149],[-106.147197,31.654867],[-106.147242,31.659644],[-106.1473,31.664822],[-106.147343,31.668547],[-106.14748,31.677724],[-106.147518,31.682727],[-106.159848,31.682731],[-106.164383,31.682726],[-106.167518,31.682717],[-106.174142,31.682698],[-106.181418,31.682745]]]},"properties":{"STATEFP":"48","COUNTYFP":"141","TRACTCE":"010333","AFFGEOID":"1400000US48141010333","GEOID":"48141010333","NAME":"103.33","NAMELSAD":"Census Tract 103.33","STUSPS":"TX","NAMELSADCO":"El Paso County","STATE_NAME":"Texas","LSAD":"CT","ALAND":10606428,"AWATER":0}},
{"type":"Feature","geometry":{"type":"Polygon","coordinates":[[[-106.211891,31.699132],[-106.211849,31.697898],[-106.211493,31.697264],[-106.215648,31.697274],[-106.21562,31.694325],[-106.215615,31.69399],[-106.215483,31.682741],[-106.200379,31.682722],[-106.206556,31.690762],[-106.204715,31.691787],[-106.200689,31.692315],[-106.198598,31.692217],[-106.197695,31.692273],[-106.194732,31.694378],[-106.193869,31.694417],[-106.196174,31.698035],[-106.196358,31.699146],[-106.197621,31.699149],[-106.198682,31.699151],[-106.211891,31.699132]]]},"properties":{"STATEFP":"48","COUNTYFP":"141","TRACTCE":"010360","AFFGEOID":"1400000US48141010360","GEOID":"48141010360","NAME":"103.60","NAMELSAD":"Census Tract 103.60","STUSPS":"TX","NAMELSADCO":"El Paso County","STATE_NAME":"Texas","LSAD":"CT","ALAND":2545722,"AWATER":13207}}
]}